mode,n_qubits,depth,instance,circuit_seed,noise_seed,collision,h2,tvd_q_uniform,renyi_factor,actual_tvd,qcap_error,qcap_std,exact_prediction,renyi_prediction,alpha_fit,fit_residual_tvd,fitted_model_tvd,residual_fraction,alpha_over_qcap,mean_individual_rc_tvd,std_individual_rc_tvd,max_ideal_rc_tvd,qcap_covers,exact_prediction_covers,renyi_prediction_covers
random,4,1,0,100007,1000007,0.11131111503258853,3.1673304339078836,0.37452419927350955,0.4418647532111541,0.025872454990642096,0.0711655463625478,0.006219679660534816,0.026653219267295032,0.03144554658062412,0.06462667392129158,0.01139472937704208,0.024204253302081938,0.44041933327020893,0.908117442000032,0.026102343787395718,0.0022725927622692754,0.0,True,True,True
random,4,1,1,100008,1000008,0.08920137521481432,3.486790237473327,0.2735891898000823,0.32681110883698133,0.01499496666108818,0.0711655463625478,0.006219679660534816,0.019470124171009642,0.023257691117733847,0.057613558913410905,0.006386051124567504,0.01576244690461943,0.42587964807812856,0.8095709491205582,0.015158048693018983,0.0005080063292127913,0.0,True,True,True
random,4,1,2,100009,1000009,0.12762307369252884,2.970038909260948,0.4323678695304164,0.5103844578061869,0.030554357706650555,0.0711655463625478,0.006219679660534816,0.030769695664742865,0.03632178879473001,0.06646753598698955,0.009417237948931834,0.02873842692763092,0.30821259734358775,0.9339847634749467,0.03062604284543816,0.009007343316525486,0.0,True,True,True
random,4,1,3,100010,1000010,0.10354691388121258,3.271643538862673,0.36952293014113696,0.40520075953143314,0.03054986065043164,0.0711655463625478,0.006219679660534816,0.026297301216983593,0.028836333438573784,0.08776295210033416,0.0073763925060769,0.032430423217951705,0.24145421121495944,1.2332224873709543,0.03056713965693305,0.0011127858786059972,0.0,True,False,False
random,4,1,4,100011,1000011,0.11801873196906458,3.0829122321299733,0.36953143709985237,0.471248265648011,0.027531420648541666,0.0711655463625478,0.006219679660534816,0.026297906619348457,0.033536640297243764,0.06283532010757459,0.014014113409667274,0.023219626139981315,0.509022530604849,0.8829457977806359,0.0279265575931667,0.004851912916484959,0.0,True,False,True
random,4,1,5,100012,1000012,0.16925858545320027,2.562699080132215,0.5342638435404439,0.6534786467917686,0.03933163948412836,0.0711655463625478,0.006219679660534816,0.03802117832731044,0.046505164935194604,0.07933386782148642,0.010746358869263362,0.04238521714523688,0.27322427974556923,1.1147791575620836,0.03933163948412833,0.007956346601919507,0.0,True,False,True
random,4,1,6,100013,1000013,0.09919389471362114,3.333604862886771,0.32140147823271614,0.38311301055234936,0.028145300131402706,0.0711655463625478,0.006219679660534816,0.022872711800161757,0.02726444671455848,0.08727350889030086,0.008928538186053669,0.028049834767898785,0.31723016433893997,1.2263449569499854,0.02829620116891245,0.0031293903178229044,0.0,True,False,False
random,4,1,7,100014,1000014,0.261786759824825,1.9335359617680692,0.5344618542887141,0.8928309130508979,0.044452990224526416,0.0711655463625478,0.006219679660534816,0.038035269870396744,0.06353879973663955,0.07980234587982482,0.024248837110662017,0.042651309755520506,0.5454939473854113,1.1213620910500353,0.0444529902245264,0.0019032810231730639,0.0,True,False,True
random,4,1,8,100015,1000015,0.09335960102982335,3.42105779404143,0.28450670108977066,0.35133801974635964,0.018846897110457134,0.0711655463625478,0.006219679660534816,0.020247074826859602,0.025003162133185288,0.05977642935451075,0.005786348393615813,0.017006794718577606,0.3070186227315518,0.839963049675527,0.018894278967469032,0.000339979847834706,0.0,True,True,True
random,4,1,9,100016,1000016,0.1202116902377012,3.056350894113856,0.3792308159022986,0.4804651506101195,0.023839930519802162,0.0711655463625478,0.006219679660534816,0.02698816821120186,0.034192564951332965,0.0417466755447351,0.015383482007656078,0.015831625828038435,0.6452821661907989,0.5866135746651848,0.02383993051980216,0.004311366965546244,0.0,True,True,True
random,4,1,10,100017,1000017,0.10780819701388009,3.2134612197497594,0.31174572810102297,0.42571444426460364,0.02529192959550322,0.0711655463625478,0.006219679660534816,0.02218555506649957,0.030296201020518918,0.0638896336127017,0.012222974622866705,0.019917320348699283,0.48327568589467723,0.8977607406710618,0.025453098767785415,0.003849168350560731,0.0,True,False,True
random,4,1,11,100018,1000018,0.11763358879220223,3.0876280324601946,0.36967335501451437,0.46961085503724137,0.029709766397264973,0.0711655463625478,0.006219679660534816,0.026308006285284014,0.03342011307650851,0.05797726669037794,0.019383584575568095,0.021432650692003254,0.652431403073991,0.8146816774934447,0.029709766397264987,0.0020728333516599608,0.0,True,False,True
random,4,1,12,100019,1000019,0.14569747720196896,2.7789521979909013,0.4603640992065931,0.5768794577794185,0.028934064518526044,0.0711655463625478,0.006219679660534816,0.03276206264573935,0.04105394179820264,0.05547233191655987,0.01638478783063372,0.02553747011365623,0.5662801995945916,0.7794829766915585,0.02894076581329471,0.0020121232966802713,0.0,True,True,True
random,4,1,13,100020,1000020,0.14057237975112977,2.8306149393853635,0.480056846012625,0.5588287027386112,0.022129371087133313,0.0711655463625478,0.006219679660534816,0.03416350773156993,0.03976934995346707,0.030792852177782336,0.015671749833411422,0.014782319496199191,0.7081877642028179,0.43269325891085486,0.022446069218726765,0.00260089700411051,0.0,True,True,True
random,4,1,14,100021,1000021,0.12599742433893757,2.9885338526813925,0.4262259508667546,0.5039739054313728,0.01732887517098438,0.0711655463625478,0.006219679660534816,0.03033260266732904,0.035865578332490634,0.033352007573340794,0.008020193523465405,0.014215491141262363,0.4628225112322632,0.46865385397916254,0.01735897850774681,0.001528582999378851,0.0,True,True,True
random,4,1,15,100022,1000022,0.09035279775498373,3.4682869152510003,0.25552355940343485,0.33378314969443096,0.014329233944607911,0.0711655463625478,0.006219679660534816,0.01818447371344838,0.023753860214616257,0.03778879501512724,0.008423094869527489,0.009655927407832075,0.5878259020746255,0.530998452855472,0.014597158137751181,0.00013931346279602862,0.0,True,True,True
random,4,1,16,100023,1000023,0.18111377977875062,2.465031779067654,0.4359918595694865,0.6888070260348703,0.02581341476848527,0.0711655463625478,0.006219679660534816,0.03102759889588572,0.04901932834613323,0.0347802559241602,0.019384907761732552,0.015163908456677273,0.7509625493407767,0.4887232333884528,0.026685384783125224,0.0012130402177273978,0.0,True,True,True
random,4,1,17,100024,1000024,0.1600317824676413,2.643569640681066,0.506592870838384,0.6246015769036812,0.046180229788674934,0.0711655463625478,0.006219679660534816,0.0360519584365852,0.04445011247925939,0.08959842393487938,0.014431293486271144,0.04538992280376515,0.31249938669231614,1.2590140667005718,0.046180229788674934,0.005345187542581903,0.0,True,False,False
random,4,1,18,100025,1000025,0.09846651886542643,3.3442229350333355,0.3222461277476365,0.3792968170993605,0.030869113400015837,0.0711655463625478,0.006219679660534816,0.022932821744375925,0.026992865222451347,0.07310280121708693,0.012329342897286287,0.023557094619711463,0.39940709464237356,1.0272218082141873,0.030869113400015837,0.004120232150126927,0.0,True,False,False
random,4,1,19,100026,1000026,0.14947242851187056,2.742048703558285,0.37398463772793644,0.5898217646437628,0.02815770889195427,0.0711655463625478,0.006219679660534816,0.0266148210751081,0.041974988137395454,0.07332061053351834,0.01036540040137826,0.027420781968368998,0.3681194532251184,1.0302824088498066,0.028157708891954274,0.0040758334838484865,0.0,True,False,True
random,4,1,20,100027,1000027,0.11436401210622725,3.1282949564424305,0.36268087456687925,0.45547343328113993,0.026920828661938456,0.0711655463625478,0.006219679660534816,0.025810382593798625,0.03241401573307778,0.06637068397809927,0.00993628804854849,0.024071377710779003,0.3690929493042217,0.9326238238933565,0.027070806015859657,0.004982355401356571,0.0,True,False,True
random,4,1,21,100028,1000028,0.09892534015657851,3.3375160688351238,0.3392448707146275,0.38170847596865604,0.028457308733455262,0.0711655463625478,0.006219679660534816,0.024142546575098355,0.02716449224352485,0.08025925581795632,0.002830332076336566,0.027227540863614827,0.09945888076932388,1.127782472280635,0.028848890712542298,0.005310076462158313,0.0,True,False,False
random,4,1,22,100029,1000029,0.08204537009022063,3.6074342665944448,0.22338365026503024,0.2796095140743292,0.020706104871088815,0.0711655463625478,0.006219679660534816,0.01589721951957117,0.019898563837266136,0.09891470360771909,0.005339522010249341,0.022095927556775835,0.25787187129070915,1.3899240385762683,0.020917157415137812,0.0030390175885532584,0.0,True,False,False
random,4,1,23,100030,1000030,0.12806357289525733,2.965067928941747,0.34268181076973864,0.5121076952956568,0.020423859028051328,0.0711655463625478,0.006219679660534816,0.024387138291935666,0.036444423932180565,0.05812395046287487,0.008892580264122601,0.019918020593708567,0.43540156891550263,0.8167428402329205,0.021510510197097016,0.002408316041218469,0.0,True,True,True
random,4,1,24,100031,1000031,0.15076428084376473,2.7296334298985596,0.45199362470228455,0.594186101634041,0.02094628649029853,0.0711655463625478,0.006219679660534816,0.03216637325432646,0.04228557856381888,0.03142718317036672,0.011610884145067144,0.014204886435356697,0.5543170695409344,0.44160671528134104,0.021053349201309714,0.0012453733046993906,0.0,True,True,True
random,4,1,25,100032,1000032,0.09840555253132083,3.3451164678748695,0.2918394363974676,0.37897521043635995,0.022132107015384633,0.0711655463625478,0.006219679660534816,0.0207689129413638,0.02696997790856508,0.07385153280287723,0.005413907059140124,0.02155278971028078,0.2446177878760829,1.0377427923709863,0.022132107015384612,0.003696630025406028,0.0,True,False,True
random,4,1,26,100033,1000033,0.09357567260812419,3.4177226767331876,0.2745192491269381,0.3525658668000871,0.01719121392153504,0.0711655463625478,0.006219679660534816,0.01953631235115492,0.025090542539613448,0.05469896524110898,0.007131925874038646,0.015015918866009725,0.4148587706831247,0.7686158265749694,0.01737767114417614,0.0009388499808576738,0.0,True,True,True
random,4,1,27,100034,1000034,0.0919134049291333,3.44358090590492,0.26783139171499515,0.3430067342145533,0.027829916166745364,0.0711655463625478,0.006219679660534816,0.019060367324439186,0.024410261646411902,0.08129380622771475,0.009470045567575781,0.021773033259778,0.34028293548694794,1.1423197092251531,0.028055752753317176,0.004396962687403859,0.0,True,False,False
random,4,1,28,100035,1000035,0.23346325997680786,2.098732563452225,0.565126350592478,0.8269540736384527,0.036062934999504796,0.0711655463625478,0.006219679660534816,0.040217525503786426,0.05885063846721507,0.05884992844382368,0.024441401302626883,0.03325764529408652,0.6777429874457668,0.8269440965719131,0.036177789861027015,0.0029141173985632396,0.0,True,True,True
random,4,1,29,100036,1000036,0.276074933271665,1.8568681931489306,0.6073124390517641,0.924283361900808,0.038439192380386136,0.0711655463625478,0.006219679660534816,0.043219721537890304,0.06577713044348349,0.06657532158635994,0.022254295426623036,0.04043202093326781,0.5789480488143254,0.935499339064956,0.03843919238038613,5.1992117127234635e-17,0.0,True,True,True
random,4,1,30,100037,1000037,0.23477530575996375,2.09064742464724,0.6571173060365516,0.8301212098482095,0.04234950862515593,0.0711655463625478,0.006219679660534816,0.04676411210837672,0.05907602944598702,0.05114084521950956,0.028206141212350988,0.033605534439076365,0.6660323136688374,0.7186180368654261,0.04234950862515592,0.006895001816640555,0.0,True,True,True
random,4,1,31,100038,1000038,0.18632256891017407,2.424125659025756,0.46451658755759406,0.7037686236546045,0.041860647025424524,0.0711655463625478,0.006219679660534816,0.03305757674800245,0.0500840786151982,0.07477526353156824,0.02576889417295833,0.03473435024940391,0.6155875745854408,1.0507228195878804,0.042233304783393176,0.006375086192712785,0.0,True,False,True
random,4,1,32,100039,1000039,0.13945646263342623,2.8421133021980367,0.4139042269837261,0.5548205570575994,0.03364031079043861,0.0711655463625478,0.006219679660534816,0.029455720455064865,0.03948410807617718,0.08096653973749923,0.011974201513535735,0.03351239304159676,0.35594800500294704,1.1377210444647046,0.034914126551898635,0.0040575927561621395,0.0,True,False,True
random,4,1,33,100040,1000040,0.12153274079724753,3.0405830681120785,0.40265556088472065,0.485933085094018,0.028031959221104547,0.0711655463625478,0.006219679660534816,0.028655202986279275,0.03458169349635422,0.06293847262513089,0.015128188172767135,0.02534252599609969,0.5396764476375775,0.8843952704936084,0.028060327178372556,0.0024081929258816487,0.0,True,True,True
random,4,1,34,100041,1000041,0.12275535962001613,3.0261420794845346,0.35652313201234326,0.4909393429743277,0.030881028189817316,0.0711655463625478,0.006219679660534816,0.025372163480545162,0.03493796657363827,0.0748390077348668,0.01661973606392019,0.026681837434330714,0.538185968477577,1.0516185367790873,0.03105868300656926,0.004165744913171974,0.0,True,False,True
random,4,1,35,100042,1000042,0.12464527792020065,3.004099866291008,0.3352465796493159,0.4985790927032567,0.03438345300828555,0.0711655463625478,0.006219679660534816,0.023858006006918963,0.03548165353717063,0.09258808620418418,0.00938106695863553,0.03103983921622875,0.27283667397730327,1.3010240339124328,0.03487715531540231,0.004945806062450636,0.0,True,False,True
random,4,1,36,100043,1000043,0.17111359192709566,2.5469737340839793,0.4844583383364809,0.659131525348608,0.02578724397868102,0.0711655463625478,0.006219679660534816,0.034476742337607696,0.04690745512621321,0.04309131192245555,0.01609447134132037,0.020875945370691783,0.6241252983306819,0.6055080600790997,0.025787243978681065,0.0006111730178439816,0.0,True,True,True
random,4,1,37,100044,1000044,0.15502319475229936,2.6894440055129536,0.46838434584339106,0.608352512125328,0.028253387359280638,0.0711655463625478,0.006219679660534816,0.033332827879609464,0.04329373890642745,0.05639131175078027,0.015567215051135914,0.026412807665639935,0.5509857934263735,0.7923962455581913,0.028384637711518418,0.0036691538398821756,0.0,True,True,True
random,4,1,38,100045,1000045,0.17233828407453475,2.536684870345739,0.37857289183013604,0.6628371868703045,0.02510160882593086,0.0711655463625478,0.006219679660534816,0.026941346685141337,0.04717117055303941,0.05837900747969116,0.012006826820703968,0.022100709683759823,0.47832897500579674,0.8203268359984686,0.025181095984596884,0.002270706245277621,0.0,True,True,True
random,4,1,39,100046,1000046,0.09563873656709518,3.386261118282544,0.31440239975775,0.36408096114515615,0.026055734303406207,0.0711655463625478,0.006219679660534816,0.022374618556456442,0.025910020520096572,0.06862574985527979,0.008403932794169138,0.021576100439675044,0.3225367858111184,0.9643114310634364,0.026171501083341174,0.0045271449434453595,0.0,True,False,False
random,4,1,40,100047,1000047,0.1103971637727676,3.1792249867524776,0.39563454166530254,0.4377084133199526,0.033660560009342415,0.0711655463625478,0.006219679660534816,0.028155548317507436,0.03114975838139832,0.09346011147304471,0.00826427267333376,0.0369760483666261,0.2455179792326696,1.3132775092727997,0.03379907597903656,0.00586340640357528,0.0,True,False,False
random,4,1,41,100048,1000048,0.0904758119287506,3.4663240403924274,0.2793119563091252,0.33451942800830325,0.022347043043150466,0.0711655463625478,0.006219679660534816,0.019877387976330974,0.023806257863097875,0.0726299658686769,0.006976296278080191,0.020286417853445125,0.31217983804879623,1.0205776472040098,0.0223470430431505,0.0026381569222628113,0.0,True,False,True
random,4,1,42,100049,1000049,0.11476067523540512,3.123299733031824,0.3139761264940796,0.4572118775159067,0.021858378031036754,0.0711655463625478,0.006219679660534816,0.02234428258674759,0.03253773306686578,0.06148522051244595,0.010355895135252063,0.01930489137313212,0.47377235037969,0.8639745446372867,0.021874418536165292,0.0014854990566619077,0.0,True,True,True
random,4,1,43,100050,1000050,0.08311712427707034,3.5887104496685436,0.2460940958285704,0.28717328759527994,0.023467994648208285,0.0711655463625478,0.006219679660534816,0.017513420786237407,0.020436843912447166,0.08996345111618777,0.008182993155538536,0.022139474160056023,0.34868736243568577,1.2641433350047704,0.02347745840598104,0.0033224594123843453,0.0,True,False,False
random,4,1,44,100051,1000051,0.18849007416758295,2.407439541293902,0.5051974902928085,0.7099016105562318,0.036993690155283226,0.0711655463625478,0.006219679660534816,0.03595265541767565,0.05052053597888686,0.0782236552940631,0.021807658085114274,0.03951839433609043,0.589496695073547,1.0991787359512182,0.03699369015528321,0.00041584031404789994,0.0,True,False,True
random,4,1,45,100052,1000052,0.13064118696475213,2.9363182909420007,0.4550345151482622,0.5220773389633078,0.021956254019719554,0.0711655463625478,0.006219679660534816,0.03238277988434311,0.03715391907082886,0.04412824551962875,0.014590315480495384,0.02007987480436775,0.664517520492858,0.6200787849617645,0.022200477044151685,0.0014583967530546144,0.0,True,True,True
random,4,1,46,100053,1000053,0.20361905301809197,2.2960555314666937,0.46112837982946575,0.7513163195834148,0.02339655032501961,0.0711655463625478,0.006219679660534816,0.032816453093840396,0.05346783637425228,0.044528797091661805,0.013717458796745262,0.020533492058633022,0.5863026218047281,0.6257072328906608,0.023795372402178747,0.00527228205040512,0.0,True,True,True
random,4,1,47,100054,1000054,0.14069799512927336,2.8293263237945268,0.41411314000489075,0.5592780887153487,0.01638799123102317,0.0711655463625478,0.006219679660534816,0.029470587864358296,0.03980133075202926,0.03265277982714576,0.010269263043776122,0.013521945184107691,0.6266334231578039,0.45882848507617024,0.01638799123102321,0.0005538190785870651,0.0,True,True,True
random,4,1,48,100055,1000055,0.2704112107619609,1.8867731304883655,0.5225937297832572,0.9119456360155705,0.03632605038499313,0.0711655463625478,0.006219679660534816,0.03719066830566717,0.06489910943998922,0.05869390771093317,0.020065929266853785,0.030673068146210868,0.5523840069093594,0.8247517332603792,0.03632931129742402,0.004781156720790757,0.0,True,True,True
random,4,1,49,100056,1000056,0.1320153075610937,2.9212228708940273,0.4020373576733802,0.5273151147505396,0.021832197533310976,0.0711655463625478,0.006219679660534816,0.02861120821698115,0.03752666824645173,0.05109713477066944,0.00657580302374227,0.020542957047880575,0.30119748658874523,0.7180038288522193,0.021900873857766172,0.004367326647732355,0.0,True,True,True
random,4,2,0,200007,2000007,0.12666150173896223,2.9809500052168354,0.4048168005165319,0.5066024150710782,0.04148989319919942,0.10210849343196082,0.011375201618713785,0.04133523361668969,0.05172840937190067,0.0784594275109802,0.02056032418679845,0.0317616944153538,0.4955501834648053,0.7683927641461189,0.043133515497037936,0.008080162682664184,0.0,True,False,True
random,4,2,1,200008,2000008,0.13061019463440085,2.9366605856409946,0.4219474508161185,0.5219585984899601,0.0362684451316121,0.10210849343196082,0.011375201618713785,0.04308441851029025,0.053296406125667564,0.07719489549462986,0.014999361180301006,0.03257218936997576,0.41356504603025696,0.7560085640286923,0.03850707612572756,0.005862465777421397,0.0,True,True,True
random,4,2,2,200009,2000009,0.16947090412890184,2.560890491567835,0.4377281670804755,0.6541281346308285,0.04275250420762054,0.10210849343196082,0.011375201618713785,0.04469576367332098,0.06679203833861273,0.09403202981776707,0.017161541117285437,0.041160468058987765,0.4014160441676871,0.9209031164525462,0.04306817089841481,0.008932904150619146,0.0,True,True,True
random,4,2,3,200010,2000010,0.12394243091648408,3.0122579252189245,0.3603715577990501,0.49575167540406384,0.04563126437254872,0.10210849343196082,0.011375201618713785,0.036796996842589795,0.05062045669187943,0.11790691558874553,0.021679772027892563,0.04249029884599734,0.47510785260938077,1.154721920045876,0.0462465569439331,0.012198532671228942,0.0,True,False,True
random,4,2,4,200011,2000011,0.09467428233053282,3.400883609837257,0.3340241015574183,0.3587438213016794,0.04327214727849965,0.10210849343196082,0.011375201618713785,0.034106697779992264,0.03663079112113906,0.12000876768946811,0.01761990441454591,0.04008582080648752,0.4071881226772538,1.1753064182602497,0.04327214727849965,0.009887181484791526,0.0,True,False,False
random,4,2,5,200012,2000012,0.10435381825192842,3.260444705962754,0.3361124839442503,0.40916411500486416,0.04262906601183969,0.10210849343196082,0.011375201618713785,0.03431993935922152,0.04177913134956823,0.1225346572525891,0.008922760341976976,0.04118542801842505,0.20931165462313417,1.2000437293126756,0.0432578294908553,0.011264206337632688,0.0,True,False,False
random,4,2,6,200013,2000013,0.15971596886097175,2.6464195301358266,0.46037190434059444,0.6235895087666942,0.038569401134384944,0.10210849343196082,0.011375201618713785,0.047007881570620885,0.06367378526014367,0.08435892006937785,0.01751641748559879,0.038836476680455465,0.4541532139575472,0.8261694716472312,0.03894462664083251,0.014527495752740802,0.0,True,True,True
random,4,2,7,200014,2000014,0.0893978532608109,3.4836160018467535,0.27150436783191156,0.3280113001761427,0.018790542961603603,0.10210849343196082,0.011375201618713785,0.027722901959513418,0.0334927396896446,0.07492842718740701,0.006934234146385249,0.02034339525615634,0.36902787538149323,0.7338118962389252,0.019384308642187202,0.004872548897821872,0.0,True,True,True
random,4,2,8,200015,2000015,0.19309103560015153,2.372646907271047,0.5266969023288114,0.7227476339640319,0.04538191430938047,0.10210849343196082,0.011375201618713785,0.05378022719207555,0.07379867203558158,0.07903839054909846,0.019135424079332834,0.04162927546726492,0.42165308296343795,0.7740628413224514,0.0453857168028234,0.010880150173849438,0.0,True,True,True
random,4,2,9,200016,2000016,0.14975024870607168,2.7393696958351157,0.39112790995157865,0.59076306149275,0.04377124329944523,0.10210849343196082,0.011375201618713785,0.039937481624347335,0.060321926184277536,0.10291457021745772,0.01839269888848654,0.04025276075271926,0.42020051298656297,1.0078943167057304,0.04380415908358004,0.014276978098273255,0.0,True,False,True
random,4,2,10,200017,2000017,0.1684592987460926,2.5695280292379343,0.4974617533706106,0.6510277989336327,0.05278666883691818,0.10210849343196082,0.011375201618713785,0.050795070176694705,0.06647546773143875,0.09314814153236235,0.02638389965354841,0.04633763780990277,0.49982126614316524,0.9122467524646308,0.05357843179627786,0.020924453172750965,0.0,True,False,True
random,4,2,11,200018,2000018,0.10053829775155965,3.3141829272997634,0.32565821658786626,0.39006818763677537,0.03245852890759347,0.10210849343196082,0.011375201618713785,0.033252469869526215,0.03982927497532654,0.10411570602184296,0.006743111804947809,0.03390613514185994,0.20774545341056105,1.019657645729732,0.033565007431346064,0.017455432811307688,0.0,True,True,True
random,4,2,12,200019,2000019,0.11959739681054599,3.0637421071020827,0.3770685964469338,0.4779012316809656,0.04171823002379069,0.10210849343196082,0.011375201618713785,0.03850190630370043,0.04879777477622187,0.11054095507118022,0.011924869591907215,0.041681522778593494,0.28584313344805884,1.0825833518426977,0.04217258589576555,0.014258282403552296,0.0,True,False,True
random,4,2,13,200020,2000020,0.13331600047367145,2.9070781530297714,0.4434529204046178,0.5322255178913219,0.04365459985939697,0.10210849343196082,0.011375201618713785,0.045280309610518765,0.05434474579792799,0.10612642046470197,0.01387990179136874,0.0470620710871605,0.3179482078881314,1.039349586872697,0.0451053837691879,0.014090239965841545,0.0,True,True,True
random,4,2,14,200021,2000021,0.17636726029571073,2.503345321932988,0.48561978963691094,0.6748844650626082,0.06088760802296811,0.10210849343196082,0.011375201618713785,0.04958590510057072,0.06891143596817773,0.12318055921190964,0.019662066854976318,0.059818917251844586,0.3229239494440209,1.2063693731216396,0.06106884443172446,0.019399657618701275,0.0,True,False,True
random,4,2,15,200022,2000022,0.13784722383393466,2.858857882318698,0.4478267051297433,0.5489889756049193,0.042654841146274866,0.10210849343196082,0.011375201618713785,0.04572691017939705,0.0560564372097738,0.09955622687433528,0.017899461716414353,0.0445839370562828,0.41963494026463044,0.975004365730592,0.04265484114627485,0.009234747478089977,0.0,True,True,True
random,4,2,16,200023,2000023,0.12197109309315951,3.0353888224485517,0.36604167665704246,0.48773391554477535,0.031520858974078164,0.10210849343196082,0.011375201618713785,0.037375964136759546,0.04980177531194823,0.07094487212860355,0.01255264071616183,0.025968779944173556,0.39823282501548435,0.694798931451056,0.031928508752287844,0.007480401990143286,0.0,True,True,True
random,4,2,17,200024,2000024,0.14863730430067548,2.7501318526620255,0.39434770119286355,0.5869831489938208,0.026159034526462673,0.10210849343196082,0.011375201618713785,0.04026624965716036,0.05993596501370723,0.05221184664577804,0.01704285379031372,0.02058962169979691,0.6515092815475679,0.5113369602360159,0.026742486227588194,0.009740142942827818,0.0,True,True,True
random,4,2,18,200025,2000025,0.11369160423557562,3.136802375177205,0.30489404243611173,0.4525112340509376,0.035497596522970784,0.10210849343196082,0.011375201618713785,0.0311322713295317,0.046205240369978653,0.12236682438311694,0.010424655927113073,0.03730891574623832,0.29367216229321874,1.1984000573336742,0.03659611544737203,0.011918713630220984,0.0,True,False,True
random,4,2,19,200026,2000026,0.12118974117695183,3.0446605163698237,0.3880628623529389,0.48451931303902357,0.02604794871255201,0.10210849343196082,0.011375201618713785,0.03962451423175298,0.04947353709310331,0.049844723596205946,0.011000574287511361,0.019342886111934778,0.4223201761070112,0.48815452976416285,0.02604794871255202,0.005778496219400566,0.0,True,True,True
random,4,2,20,200027,2000027,0.13563648548545681,2.8821827869978742,0.41847681013111127,0.5408751629921892,0.03205450921720722,0.10210849343196082,0.011375201618713785,0.04273003661870049,0.05522794802789869,0.06390949729138097,0.016640412193911894,0.026744642563579977,0.519128590650177,0.6258979556286035,0.03246794710300838,0.008645812856264697,0.0,True,True,True
random,4,2,21,200028,2000028,0.1031131874458458,3.277699239911109,0.3267026015507134,0.4030542764732601,0.0277218635604998,0.10210849343196082,0.011375201618713785,0.03335911044464553,0.0411552649419936,0.08347733812957778,0.007536816388874856,0.027272263537461632,0.2718726456620283,0.8175356948656013,0.028473747516986198,0.003835819585976519,0.0,True,True,True
random,4,2,22,200029,2000029,0.09681610643009955,3.368609114032235,0.30129298317753495,0.3704921398901712,0.033815334208397614,0.10210849343196082,0.011375201618713785,0.03076457259387921,0.037830394232568655,0.1084139206198691,0.013917458190943217,0.032664353561532807,0.411572398047954,1.061752230162027,0.03481846044944539,0.0037870238640317125,0.0,True,False,True
random,4,2,23,200030,2000030,0.0995672414449763,3.3281850295960043,0.29250248976833165,0.38505709418202544,0.032312431949111674,0.10210849343196082,0.011375201618713785,0.02986698855534188,0.039317599772215266,0.11151201364803158,0.008175192870491513,0.032617541631129385,0.2530045675103159,1.0920934184807722,0.0328133967734744,0.007490920347687127,0.0,True,False,True
random,4,2,24,200031,2000031,0.09871734376636412,3.3405526140338484,0.302354468289889,0.38061709770510377,0.029033760481193743,0.10210849343196082,0.011375201618713785,0.030872959239502135,0.03886423842111358,0.0940996875334471,0.012872778959593146,0.028451460990420126,0.44337277521908774,0.9215657226022013,0.029495394167286144,0.010457306005213994,0.0,True,True,True
random,4,2,25,200032,2000032,0.13501474208171835,2.888811153040776,0.39027625604613014,0.538571228647496,0.03131492916388556,0.10210849343196082,0.011375201618713785,0.03985052052713654,0.05499269676299591,0.08720960088061593,0.011905073933012177,0.034035836522964075,0.38017246887921724,0.8540876272817338,0.03243223790561968,0.004503163477918369,0.0,True,True,True
random,4,2,26,200033,2000033,0.1190034607842777,3.070924565188473,0.3696356082424306,0.47540913236612403,0.0287027609370853,0.10210849343196082,0.011375201618713785,0.03774293507644107,0.04854331026970057,0.07923177508515018,0.013832580233626126,0.029286885375726962,0.48192507556838515,0.7759567536656061,0.029661546903519673,0.007748064285785864,0.0,True,True,True
random,4,2,27,200034,2000034,0.10278117247799984,3.2823520799691948,0.31865029688051644,0.40140340047388656,0.0298908809987585,0.10210849343196082,0.011375201618713785,0.03253690174611658,0.04098669648085459,0.07534613605508483,0.009980532904061422,0.024009068622752597,0.3338989206934368,0.7379027299554775,0.029959957783389418,0.008107434368819146,0.0,True,True,True
random,4,2,28,200035,2000035,0.11381547721640314,3.135231338779924,0.3634214988229007,0.45305839454270413,0.032234185510750066,0.10210849343196082,0.011375201618713785,0.03710842172559151,0.046261110103458424,0.07808689285870003,0.009470453431081514,0.028378455641132033,0.2938015427107078,0.7647443443158096,0.033867821737881054,0.013064252144983055,0.0,True,True,True
random,4,2,29,200036,2000036,0.08587578872994965,3.541604745287231,0.2546671174943213,0.3057828558304056,0.02338378106202156,0.10210849343196082,0.011375201618713785,0.0260036756940053,0.031223026726165195,0.08054287302775551,0.007512493764613514,0.02051162130868963,0.3212694193761002,0.7887969973959571,0.02363401254258491,0.005025741627544876,0.0,True,True,True
random,4,2,30,200037,2000037,0.08504368889100712,3.555652012598355,0.2543504700627135,0.3002911180238744,0.021972162826642782,0.10210849343196082,0.011375201618713785,0.02597134330181473,0.030662273652416954,0.08896989744412022,0.005422651500862493,0.02262953523634338,0.24679643709390087,0.8713270997716228,0.023013230291607893,0.006163711551428437,0.0,True,True,True
random,4,2,31,200038,2000038,0.11524742347750155,3.117193597402223,0.3473156462021856,0.45933614478941914,0.03205459070310134,0.10210849343196082,0.011375201618713785,0.03546387737905309,0.04690212172329261,0.08472060223032335,0.011663251739465278,0.029424790710263063,0.3638558934504454,0.8297116075537462,0.032383109669090235,0.007358608547265172,0.0,True,True,True
random,4,2,32,200039,2000039,0.25068527907004434,1.9960508152540164,0.4801160803759698,0.8676065446273312,0.03855749513394943,0.10210849343196082,0.011375201618713785,0.04902392963964849,0.08858999716360608,0.07461866622230469,0.02037667978177371,0.035825621549535704,0.5284751955744209,0.7307782508026743,0.03879625800881174,0.0084596809232207,0.0,True,True,True
random,4,2,33,200040,2000040,0.12342643234072048,3.0182767075044112,0.35629328806381644,0.4936656048003364,0.025122988340298694,0.10210849343196082,0.011375201618713785,0.036380570864115926,0.050407451165340116,0.06253567654651226,0.009599480122982276,0.022281041818052152,0.38209945381315036,0.6124434358458379,0.026323473757790854,0.011076083910485097,0.0,True,True,True
random,4,2,34,200041,2000041,0.10413374514827387,3.2634904367298008,0.36728740614561034,0.408086976750172,0.024645333417450132,0.10210849343196082,0.011375201618713785,0.03750316369806098,0.04166914638516369,0.07185265704438254,0.007848906750285095,0.026390576030501354,0.318474358505845,0.703689327198437,0.025324353973897328,0.003133477648486098,0.0,True,True,True
random,4,2,35,200042,2000042,0.11662739226880761,3.1000214208504295,0.34770073180810124,0.4653058876429896,0.03260444558646616,0.10210849343196082,0.011375201618713785,0.035503197890115475,0.0475116831722469,0.07836519161781819,0.012129542382882262,0.027247634473797445,0.3720211205774079,0.7674698644930669,0.03377838057221537,0.010428307607364209,0.0,True,True,True
random,4,2,36,200043,2000043,0.10131526732848761,3.3030765027873765,0.3690747291020589,0.39403181256587705,0.02757250911228721,0.10210849343196082,0.011375201618713785,0.037685664552420305,0.04023399474536647,0.07995494384256045,0.009895220137745082,0.029509349239063343,0.3588799299130687,0.7830391102169947,0.028427984150044987,0.007628273081282799,0.0,True,True,True
random,4,2,37,200044,2000044,0.11696434989438168,3.0958592237788563,0.31180172316280547,0.4667519679417824,0.02393963411805873,0.10210849343196082,0.011375201618713785,0.03183760420164339,0.047659340252938276,0.07200037515380868,0.007869268988134365,0.022449841041325972,0.32871300159922767,0.7051360051824245,0.024802605051363752,0.010677002691590248,0.0,True,True,True
random,4,2,38,200045,2000045,0.16376295927195403,2.610319017015269,0.40847907459567157,0.636436828827352,0.02773710763578964,0.10210849343196082,0.011375201618713785,0.04170918290544556,0.06498560575617564,0.06573302315114245,0.010711476811574923,0.02685056446715453,0.38617857897172125,0.6437566645221645,0.029824994219935886,0.0039464473845435,0.0,True,True,True
random,4,2,39,200046,2000046,0.09870125339585759,3.340787784358437,0.28200068215255636,0.38053253945415805,0.02192824343434617,0.10210849343196082,0.011375201618713785,0.028794664801382774,0.03885560430550227,0.07994727855590232,0.008220754983004428,0.022545187089004902,0.3748934568159834,0.7829640401968574,0.022741912126237166,0.0067064677371913685,0.0,True,True,True
random,4,2,40,200047,2000047,0.13830423554863708,2.8540827553805532,0.45191205851527344,0.5506513799079671,0.03374610371864747,0.10210849343196082,0.011375201618713785,0.046144059458730693,0.05622618280863282,0.07489537416736988,0.01036100973590668,0.03384612271324778,0.307028326063651,0.7334881913351882,0.03434163972186472,0.010160742276684783,0.0,True,True,True
random,4,2,41,200048,2000048,0.13449029793161782,2.894425993709941,0.4192406291554559,0.5366201559077625,0.03265517374961493,0.10210849343196082,0.011375201618713785,0.042808029028530994,0.054793475664965556,0.0751903940486435,0.009767611424176242,0.03152286810739992,0.29911374837781785,0.7363774698991716,0.03315005014834549,0.00619254296818074,0.0,True,True,True
random,4,2,42,200049,2000049,0.1644103892010479,2.604626628135068,0.5209144452502277,0.6384681329590315,0.03378728435979873,0.10210849343196082,0.011375201618713785,0.05318978921144639,0.06519301916076356,0.06638081924966271,0.013060406643050148,0.03457872763469365,0.38654798367251636,0.650100858592092,0.03448744905864996,0.01049527819094985,0.0,True,True,True
random,4,2,43,200050,2000050,0.08981475259870111,3.4769037542412553,0.2726627587151157,0.330543507567165,0.020579035260198407,0.10210849343196082,0.011375201618713785,0.02784118350740271,0.03375129957139916,0.06636990979007922,0.006634918477668028,0.018096602699036353,0.3224115413466695,0.6499940167494908,0.021598999676111747,0.0061339358724964285,0.0,True,True,True
random,4,2,44,200051,2000051,0.12002791429399867,3.0585581296348083,0.4268141377492896,0.4796995488594863,0.025567125081104834,0.10210849343196082,0.011375201618713785,0.04358134858104136,0.04898139823403343,0.06185346320290873,0.009304445723853633,0.026399932563756917,0.36392225149827284,0.6057621763279104,0.02609341181711247,0.005986547917137495,0.0,True,True,True
random,4,2,45,200052,2000052,0.12779068734439655,2.9681453901485386,0.4203810294245951,0.5110408490302768,0.028895374636648104,0.10210849343196082,0.011375201618713785,0.042924473581922196,0.0521816111766717,0.06835304899053747,0.010887274566113651,0.02873432509895193,0.3767826063173891,0.6694158996291918,0.030134287854143342,0.011299030064969323,0.0,True,True,True
random,4,2,46,200053,2000053,0.1693505831249751,2.5619151404139493,0.478899553274504,0.6537601490607243,0.026905755436359657,0.10210849343196082,0.011375201618713785,0.04889971189009867,0.0667544638864447,0.052104130354740194,0.01312321461427913,0.024952644750641573,0.4877474875336449,0.5102820402443736,0.028461707818872695,0.0042417416519163744,0.0,True,True,True
random,4,2,47,200054,2000054,0.0874252748451062,3.515805763340741,0.2876329190386424,0.3157548089585095,0.015041007517115491,0.10210849343196082,0.011375201618713785,0.029369764024472937,0.032241247836650014,0.05164740789345342,0.004131973371696341,0.014855494693173443,0.2747138692002167,0.5058091267193974,0.016446788454923974,0.005676188698625668,0.0,True,True,True
random,4,2,48,200055,2000055,0.19104327404018426,2.3880286285014516,0.5161625613438172,0.7170586420654429,0.04825560118609558,0.10210849343196082,0.011375201618713785,0.05270458150479924,0.07321777764367002,0.08635842754818367,0.01633685842162587,0.044574987156894966,0.338548438317523,0.845751657336203,0.048807571434615185,0.008940384790608488,0.0,True,True,True
random,4,2,49,200056,2000056,0.11369133940913886,3.136805735708834,0.4055016267614844,0.4525100635748949,0.02979387191836448,0.10210849343196082,0.011375201618713785,0.041405160192824454,0.04620512085443333,0.06841551085233694,0.007223751657477099,0.027742600946340644,0.2424576328068488,0.670027620159973,0.030646598404497266,0.010749093114303481,0.0,True,True,True
random,4,4,0,400007,4000007,0.11322457462889313,3.1427409755208804,0.35863008809780594,0.4504423365044326,0.0756621031092391,0.16093625257277966,0.020945258769174753,0.05771658243830672,0.07249250163715037,0.1980813551648157,0.022271944507726658,0.07103793385329064,0.2943606322384532,1.2308063099408757,0.07574612191028048,0.010087069733879048,0.0,True,False,False
random,4,4,1,400008,4000008,0.10456169305342355,3.257573688465373,0.3329361499485234,0.41017895145130767,0.05214351048395435,0.16093625257277966,0.020945258769174753,0.0535814963187244,0.06601266333080558,0.130307005307918,0.026816505774307123,0.04338391265854004,0.5142827079615041,0.8096808719277822,0.05342433030669318,0.0071375948146191436,0.0,True,True,True
random,4,4,2,400009,4000009,0.10218644885050593,3.2907242046040994,0.2911998873699313,0.39842915982897603,0.06094765859685238,0.16093625257277966,0.020945258769174753,0.04686461862293225,0.06412169589859648,0.17423235158532538,0.015418212100971131,0.05073644115784501,0.25297464178168444,1.082617177919766,0.06290967022335517,0.014872201403218734,0.0,True,False,True
random,4,4,3,400010,4000010,0.09465879027402557,3.4011197050195574,0.33235958089366807,0.35865744254943643,0.06366037211669263,0.16093625257277966,0.020945258769174753,0.053488705455686555,0.057720984761243314,0.1938891570383726,0.016180610128892492,0.06444091897310014,0.254170838009439,1.2047574983187257,0.06425790599391876,0.015260755608027175,0.0,True,False,False
random,4,4,4,400011,4000011,0.08746742268318253,3.5151104057985063,0.2587578011312005,0.31602166180932934,0.053241846365562784,0.16093625257277966,0.020945258769174753,0.041643510838027975,0.05085934198341578,0.19614853223415094,0.009386105892799127,0.05075496289602131,0.17629189319155786,1.2187964433025886,0.056095999737729094,0.013352263581329711,0.0,True,False,False
random,4,4,5,400012,4000012,0.11415599252479951,3.1309215002490536,0.3831536889888459,0.4545590941772016,0.06212682598075317,0.16093625257277966,0.020945258769174753,0.061663318865301166,0.07315503718975605,0.15978125137499,0.01529721721306616,0.061220775895581524,0.24622563557013558,0.9928232379011849,0.06255788125600133,0.0172333192214994,0.0,True,False,True
random,4,4,6,400013,4000013,0.10808085895332042,3.2098170495044327,0.39213620610027455,0.4269934845091687,0.05867401556507783,0.16093625257277966,0.020945258769174753,0.06310893150788537,0.06871873126989884,0.15066175866057388,0.013805082916941838,0.059079930445552604,0.23528444037770072,0.9361579895893289,0.06002234711093947,0.013912885124068176,0.0,True,True,True
random,4,4,7,400014,4000014,0.10223834183651198,3.289991751803983,0.3589729144964994,0.3986895626249174,0.0638472112521838,0.16093625257277966,0.020945258769174753,0.05777175563419546,0.06416360414873476,0.2021208509041881,0.01607030395279925,0.07255591092958881,0.25169938729703856,1.2559062838423163,0.06414289214506026,0.007561227719111181,0.0,True,False,True
random,4,4,8,400015,4000015,0.10332344187180709,3.2747604870013425,0.32789526772228605,0.40409623542818157,0.05988620103442394,0.16093625257277966,0.020945258769174753,0.05277023562357303,0.06503373380857926,0.19563539448107012,0.010828738615978486,0.06414792004932554,0.18082193274797784,1.2156079898318657,0.0627747583480068,0.011644851355625055,0.0,True,False,True
random,4,4,9,400016,4000016,0.1322778577720312,2.9183565083724945,0.3909726276982849,0.5283099763284096,0.07271533613666606,0.16093625257277966,0.020945258769174753,0.06292166956029453,0.08502422778710816,0.1527981755353792,0.022210651641332794,0.059739904196570985,0.30544659244356115,0.9494329157830973,0.07372837529166307,0.018887809335111114,0.0,True,False,True
random,4,4,10,400017,4000017,0.10925350181794398,3.1942485728327363,0.3363761808406086,0.43245116171861064,0.06520765072818699,0.16093625257277966,0.020945258769174753,0.05413512199923119,0.06959706938773831,0.19128557964019346,0.01523682746389405,0.06434391272925036,0.23366625378680758,1.1885798046259903,0.06701062150648911,0.00977065206002625,0.0,True,False,True
random,4,4,11,400018,4000018,0.235173196933103,2.0882044516143323,0.46222662893406535,0.8310792908816896,0.08869860613212399,0.16093625257277966,0.020945258769174753,0.07438902149999724,0.1337507866653422,0.18716287834183504,0.023792175026496824,0.08651166631754302,0.26823617713965414,1.1629628213021488,0.09131234274072303,0.011242408890283854,0.0,True,False,True
random,4,4,12,400019,4000019,0.12314052315549451,3.0216224920010464,0.3253990093886059,0.49250593156019756,0.07065887819982165,0.16093625257277966,0.020945258769174753,0.052368497161896975,0.07926205899516409,0.19322027548299794,0.020583178684524882,0.06287368623596107,0.291303502248028,1.2006013088668048,0.0721289922226419,0.011589993749927746,0.0,True,False,True
random,4,4,13,400020,4000020,0.11161170281112262,3.163439789024979,0.34701246919228124,0.44322320702383183,0.06622357617773644,0.16093625257277966,0.020945258769174753,0.055846886387832896,0.07133068199170481,0.1704001913060094,0.01628029098758963,0.059130991135935396,0.2458382939618846,1.05880551200824,0.06683742158862271,0.006607890773266263,0.0,True,False,True
random,4,4,14,400021,4000021,0.09713453070975175,3.3638719340086967,0.3302786351652387,0.3722070967069368,0.07128936016807669,0.16093625257277966,0.020945258769174753,0.0531538058483458,0.05990161532500861,0.20222534659532462,0.01531991771179619,0.06679071146932121,0.21489767443103572,1.2565555824898615,0.07169999209369325,0.009698714327783351,0.0,True,False,False
random,4,4,15,400022,4000022,0.1278806945685786,2.9671296098107907,0.3751379149149147,0.5113929783193296,0.07651422307926668,0.16093625257277966,0.020945258769174753,0.06037329022437264,0.08230166952274566,0.19728301784297608,0.018817321277715047,0.07400833996173595,0.2459323315381613,1.2258457289090874,0.07813665075431814,0.00920587992616229,0.0,True,False,True
random,4,4,16,400023,4000023,0.11098791825865763,3.171525456302822,0.3153337338640965,0.4403994471325214,0.07916761264554172,0.16093625257277966,0.020945258769174753,0.05074862943786992,0.07087623665663198,0.2249697867520129,0.023992330077167893,0.07094056286312175,0.30305739020562733,1.3978813546082514,0.0807687432704789,0.009184733740393861,0.0,True,False,False
random,4,4,17,400024,4000024,0.1330539542019876,2.9099167087449755,0.40013271873337836,0.5312398863112129,0.05671345940099721,0.16093625257277966,0.020945258769174753,0.06439586028470798,0.08549575652011611,0.14982724833049008,0.017397913759322727,0.05995078421482003,0.306768692001476,0.9309726424923074,0.059852425463696526,0.00905412184951639,0.0,True,True,True
random,4,4,18,400025,4000025,0.10537425541909562,3.2464056578549845,0.3391997063940484,0.41412198888296486,0.06775265028459201,0.16093625257277966,0.020945258769174753,0.054589529620845276,0.06664724099881068,0.18879566319441882,0.0200734336566224,0.06403943352401649,0.29627525376948105,1.1731083592184453,0.06806257696584343,0.012146947768298957,0.0,True,False,False
random,4,4,19,400026,4000026,0.09571498752424673,3.3851113430786324,0.3068563711426332,0.3644995886101751,0.05243070836523205,0.16093625257277966,0.020945258769174753,0.04938431444977743,0.058661197855241425,0.14534642549918791,0.023812369782826852,0.04460047668723387,0.45416837813729316,0.9031304207450611,0.05472371522654389,0.006474926965241504,0.0,True,False,True
random,4,4,20,400027,4000027,0.09709605062255619,3.364443574492039,0.3196660184319573,0.372000272164181,0.06622556711218244,0.16093625257277966,0.020945258769174753,0.051445851081300314,0.05986832975815741,0.2134943608868849,0.020460748191208637,0.06824689230238587,0.30895542436879797,1.3265771849033023,0.0664946330116815,0.015264091502057462,0.0,True,False,False
random,4,4,21,400028,4000028,0.10701606802207529,3.224100667275961,0.3273778428781725,0.42197662504965977,0.06801714786855659,0.16093625257277966,0.020945258769174753,0.05268696320817334,0.06791133670880119,0.19731664982643793,0.015053435244193622,0.06459709918412698,0.22131823688468158,1.2260547059600886,0.06884024545459722,0.008019571700345672,0.0,True,False,False
random,4,4,22,400029,4000029,0.12494494687910015,3.0006355388799317,0.4448570900367883,0.49977973900149314,0.08007687485634338,0.16093625257277966,0.020945258769174753,0.07159363300095234,0.0804326783067022,0.17689989025936637,0.017009322563014462,0.0786951704086089,0.2124124173618028,1.0991923039799099,0.08050799960049909,0.013016082334660938,0.0,True,False,True
random,4,4,23,400030,4000030,0.13169896734004555,2.9246840615118876,0.3761214173875588,0.5261139319198668,0.08595833157330339,0.16093625257277966,0.020945258769174753,0.06053157142671604,0.08467080462951389,0.2329672115717332,0.016985893285190273,0.08762395782118756,0.19760613048550243,1.4475744765237355,0.08708037938217357,0.01385830274205647,0.0,True,False,False
random,4,4,24,400031,4000031,0.1816034894682722,2.4611361709468302,0.4940329120471453,0.6902274682110883,0.09579065149405853,0.16093625257277966,0.020945258769174753,0.07950780551248521,0.11108262215668994,0.18893388624464283,0.023315560825863575,0.09333955800582497,0.2434012136070474,1.1739672275468318,0.09579880888357299,0.026946400770242362,0.0,True,False,True
random,4,4,25,400032,4000032,0.10106173517721569,3.306691239285774,0.29156462847010944,0.3927428429759895,0.05253627468711575,0.16093625257277966,0.020945258769174753,0.0469233186887542,0.06320656137333538,0.17914771070848767,0.014040160505606518,0.05223313571399086,0.26724697533701974,1.113159451923191,0.05444605561757408,0.008481209925834537,0.0,True,False,True
random,4,4,26,400033,4000033,0.12274325524203893,3.026284344450915,0.38374959980092443,0.49089002940389376,0.0702982110876487,0.16093625257277966,0.020945258769174753,0.06175922251826469,0.07900200175760427,0.18339524890155842,0.01634648091338235,0.07037785337136397,0.23253053897774656,1.1395521268187987,0.07102523679548162,0.013909663861629173,0.0,True,False,True
random,4,4,27,400034,4000034,0.08000959744693975,3.64368312279196,0.21804666594735994,0.2646476710416304,0.04473467411031333,0.16093625257277966,0.020945258769174753,0.03509161330355683,0.04259140442955373,0.22693076186424813,0.019505575027720393,0.04948149602539358,0.4360281015934235,1.4100661487791508,0.047593668286280436,0.005598511171641484,0.0,True,False,False
random,4,4,28,400035,4000035,0.09466566216280996,3.4010149743337164,0.3010401326114836,0.3586957605704866,0.051699863292727806,0.16093625257277966,0.020945258769174753,0.04844827081650481,0.05772715151995713,0.17285268084440483,0.012157211121210598,0.05203559396365009,0.23514977307339713,1.0740444000722351,0.05327114602701742,0.008654153610847815,0.0,True,False,True
random,4,4,29,400036,4000036,0.11187523153984992,3.160037426668702,0.3838646074195884,0.44441076287529274,0.05658884408979631,0.16093625257277966,0.020945258769174753,0.061777731413429786,0.07152180278015981,0.14503579530281738,0.011594780056961549,0.05567410862570378,0.20489515634146405,0.9012002764089982,0.0573453444271648,0.009534965747376773,0.0,True,True,True
random,4,4,30,400037,4000037,0.09148594289469134,3.4503061040183765,0.2706614607272849,0.3405051711483474,0.052580669467106426,0.16093625257277966,0.020945258769174753,0.043559241205323805,0.054799626226268,0.21947347693952007,0.01727346932504119,0.05940301185934657,0.3285136819310979,1.363729261934121,0.05417783153543075,0.009441577842526406,0.0,True,False,True
random,4,4,31,400038,4000038,0.13423808927542524,2.8971340089529396,0.40780009749846113,0.5356793416790505,0.07365425696802824,0.16093625257277966,0.020945258769174753,0.06562981949021651,0.08621022583048,0.17613350249559412,0.019596101932938557,0.07182725949044873,0.26605525246755,1.0944302460127302,0.07538751269939883,0.008230936068313106,0.0,True,False,True
random,4,4,32,400039,4000039,0.14973601788332258,2.739506802205015,0.4808241979366939,0.5907148817604736,0.06525288910589873,0.16093625257277966,0.020945258769174753,0.07738204456224397,0.09506743940950325,0.14242061725822255,0.022822075779144184,0.06847927906283371,0.3497481275059914,0.8849505004710866,0.06690864283497272,0.012837423881132941,0.0,True,True,True
random,4,4,33,400040,4000040,0.0902083803230955,3.4705947242656454,0.28756298050865525,0.33291668821550835,0.06565025782314704,0.16093625257277966,0.020945258769174753,0.046279308461722256,0.05357836422034439,0.22197774836609835,0.018160287008944835,0.06383258292675552,0.2766217165188628,1.3792899040302564,0.06621022744000363,0.013326565758844893,0.0,True,False,False
random,4,4,34,400041,4000041,0.1331775341370018,2.908577361748002,0.43336147450517637,0.5317049337254708,0.08725776388236228,0.16093625257277966,0.020945258769174753,0.06974357171627728,0.08557059950823544,0.21986148802484298,0.02678549177196294,0.09527949863734811,0.306969724872553,1.3661402232875763,0.0872577638823623,0.018683257321256395,0.0,True,False,False
random,4,4,35,400042,4000042,0.10949583845402516,3.191052055707774,0.3623368021017722,0.43357047156846446,0.06855469673669762,0.16093625257277966,0.020945258769174753,0.058313127099464096,0.06977720692044158,0.16118067999878896,0.02282716889010723,0.05840169215135024,0.3329774614536038,1.0015187841278879,0.06921451759926606,0.006696790613301045,0.0,True,False,True
random,4,4,36,400043,4000043,0.10227616953602374,3.289458060236085,0.31712053522475975,0.3988792776569058,0.059200709294044834,0.16093625257277966,0.020945258769174753,0.051036190552947,0.06419413617503969,0.19010072892669758,0.017519821936471024,0.06028484490385133,0.2959393923719997,1.1812175683706128,0.0638627805552128,0.009975323269698532,0.0,True,False,True
random,4,4,37,400044,4000044,0.1027984625411789,3.282109407211637,0.3159134859649839,0.4014895392967488,0.061569251730584085,0.16093625257277966,0.020945258769174753,0.05084193256840793,0.06461422190159051,0.1996753364585492,0.010938700448672662,0.0630801316018513,0.17766498927968846,1.2407107364964318,0.06217877106456026,0.004292426219191532,0.0,True,False,True
random,4,4,38,400045,4000045,0.12557147015863,2.993419373779387,0.3866937040749593,0.5022806791371931,0.08562231904088263,0.16093625257277966,0.020945258769174753,0.06223303562731136,0.0808351702400506,0.1987067454020568,0.018861445839521814,0.07683864740420124,0.22028655671561428,1.2346922599816117,0.08580624271519328,0.016871845350352684,0.0,True,False,False
random,4,4,39,400046,4000046,0.17561197700677345,2.5095368526392026,0.4362797496343947,0.6726424815807382,0.09219317344204017,0.16093625257277966,0.020945258769174753,0.07021322797955001,0.10825256030685898,0.20556045611454968,0.019428014621404463,0.0896818643283877,0.21073159645186126,1.27727875372014,0.0928643009593842,0.011084280941751052,0.0,True,False,True
random,4,4,40,400047,4000047,0.11864219695418807,3.0753108766621704,0.4056660382150437,0.4738868934848824,0.08972677461481009,0.16093625257277966,0.020945258769174753,0.06528637198637516,0.07626558078081297,0.20543473377951393,0.01938418033264616,0.08333789456409765,0.21603563056691727,1.276497560340613,0.09116406949828493,0.016848986403501395,0.0,True,False,False
random,4,4,41,400048,4000048,0.11666161293769263,3.099598169102181,0.36847030027670813,0.4654529533161977,0.06545705424882657,0.16093625257277966,0.020945258769174753,0.05930022931090026,0.0749082540556418,0.18572646025735084,0.023342467841700784,0.06843468458035618,0.3566073681373958,1.154037435868344,0.0688827039212017,0.008347312629858704,0.0,True,False,True
random,4,4,42,400049,4000049,0.14694330983150994,2.766668418733228,0.43333314769853637,0.5811826213214223,0.08406551754882233,0.16093625257277966,0.020945258769174753,0.06973901290616928,0.09353335313589457,0.1739593035573165,0.029098923854782056,0.07538233258193713,0.34614577657102286,1.0809205556631654,0.08535549485190855,0.01163335504807207,0.0,True,False,True
random,4,4,43,400050,4000050,0.08104229984452854,3.6251810737894687,0.22112204109485983,0.27234022724914175,0.046450572098698434,0.16093625257277966,0.020945258769174753,0.035586552655050924,0.04382941559829609,0.21026635371193014,0.01138230294185106,0.04649452530635575,0.24504117877527706,1.306519509125777,0.04873392768045042,0.00518733718358217,0.0,True,False,False
random,4,4,44,400051,4000051,0.1414960583082187,2.821166230794107,0.4664556432789464,0.5621247488172664,0.07888728999298059,0.16093625257277966,0.020945258769174753,0.07506962322073893,0.09046625055306591,0.15071923409762306,0.027204626215748234,0.0703038372955169,0.34485436396875735,0.9365151212866958,0.07958688989031151,0.015832595985289424,0.0,True,False,True
random,4,4,45,400052,4000052,0.15283386562523796,2.7099638371411627,0.4111748624273739,0.6011118552324116,0.08327699975304051,0.16093625257277966,0.020945258769174753,0.06617294151118977,0.09674068935817556,0.17468607939084352,0.026029818164120783,0.07182652466150742,0.31256911561791,1.0854364793404507,0.0847409268303435,0.02088829929649358,0.0,True,False,True
random,4,4,46,400053,4000053,0.11082673179945272,3.173622188382728,0.29434883138450285,0.4396668365908565,0.06573113021225743,0.16093625257277966,0.020945258769174753,0.047371397872198885,0.07075833306146112,0.22533737221167183,0.01670071903374145,0.06632779217776034,0.25407624940894635,1.4001653984689886,0.06823446741531138,0.014634392760308009,0.0,True,False,True
random,4,4,47,400054,4000054,0.14611137743245237,2.774859572281272,0.3926298477385141,0.5783126401262638,0.08320955673571549,0.16093625257277966,0.020945258769174753,0.06318837634325752,0.09307146911739142,0.20256821866746733,0.031713403953802094,0.07953432885206971,0.3811269426002117,1.2586860662476318,0.08751174260356588,0.022634084442080017,0.0,True,False,True
random,4,4,48,400055,4000055,0.09193237211044682,3.443283223151926,0.263993233027062,0.34311731002936485,0.07543569780146117,0.16093625257277966,0.020945258769174753,0.04248608162794793,0.055220014068978605,0.29649369111982965,0.0220895547624402,0.07827232809085094,0.2928262799474273,1.8423051759935027,0.07923514987965435,0.013940150071742959,0.0,True,False,False
random,4,4,49,400056,4000056,0.08874201618327683,3.4942388587872877,0.2926589055365503,0.32398775398633095,0.056324190791644,0.16093625257277966,0.020945258769174753,0.04709942753910352,0.052141375006031755,0.1642336514812221,0.018835931259566778,0.0480644406947657,0.334419917886529,1.020488851055801,0.057929826406011325,0.012513741770601564,0.0,True,False,False
random,4,8,0,800007,8000007,0.10972233933561262,3.1880708082747424,0.37434342275993465,0.4346140326110634,0.11595174303218597,0.26728151976155323,0.03644254335031907,0.10005507894801695,0.11616429914598228,0.2869643120023299,0.019357682854465014,0.107423202764902,0.16694602727180818,1.0736406776582836,0.11855245415385955,0.021011611187495446,0.0,True,False,True
random,4,8,1,800008,8000008,0.1304806987359598,2.9380916819416276,0.4053005683106024,0.5214621701943863,0.13192384366649576,0.26728151976155323,0.03644254335031907,0.10832935185827904,0.1393772013477133,0.3021009394440184,0.019142732485849887,0.12244168244382753,0.14510441747166514,1.130272454726867,0.13381094747748076,0.02673947951138644,0.0,True,False,True
random,4,8,2,800009,8000009,0.10559667880535967,3.243363634683293,0.30084251009918667,0.4151947919006676,0.08340376484978018,0.26728151976155323,0.03644254335031907,0.08040964330819104,0.11097389497629227,0.29511107546329474,0.018336221292568983,0.08878195670044808,0.21984884406111208,1.1041207627320018,0.08942760387939691,0.012747471464643499,0.0,True,False,True
random,4,8,3,800010,8000010,0.15346458724074394,2.704022310342922,0.4320817607815103,0.6032067215830538,0.13240926217883114,0.26728151976155323,0.03644254335031907,0.11548746968292996,0.16122600927510272,0.31847172794961287,0.01865027323622621,0.13760582497159884,0.14085323737426514,1.1915216893174185,0.1338021701212413,0.023003542777497422,0.0,True,False,True
random,4,8,4,800011,8000011,0.09319079716906287,3.4236686977073636,0.30197063754205133,0.3503757820915302,0.08638256980369491,0.26728151976155323,0.03644254335031907,0.08071117092560462,0.093648971525067,0.2823907195853501,0.011047028680367096,0.08527370562914682,0.1278849275435028,1.0565291601053304,0.08732681443775445,0.0089484989404325,0.0,True,False,True
random,4,8,5,800012,8000012,0.09482187207843648,3.3986363131456114,0.32181402278694765,0.35956569401674837,0.0782186458081359,0.26728151976155323,0.03644254335031907,0.08601494109107449,0.09610526515091414,0.25337935632143815,0.011007210048354539,0.08154102994896942,0.14072360796624309,0.947986813856351,0.08062590743630815,0.00874946947138863,0.0,True,True,True
random,4,8,6,800013,8000013,0.14916769550373615,2.7449929626638974,0.4222807215952427,0.588787552530575,0.10764692099058906,0.26728151976155323,0.03644254335031907,0.11286783303398182,0.15737203185705745,0.25952839311078896,0.015789182151889215,0.1095938371172778,0.14667565041892439,0.9709926572638431,0.10958298090629301,0.01102838661566385,0.0,True,True,True
random,4,8,7,800014,8000014,0.11518632801776438,3.1179586078946278,0.33240243298482536,0.4590700513767561,0.092472730640195,0.26728151976155323,0.03644254335031907,0.08884502746062198,0.12270094100899369,0.25484514956882764,0.014469358936812577,0.08471114775106002,0.1564716304648973,0.9534708938956188,0.09314526354729737,0.010424046529386033,0.0,True,False,True
random,4,8,8,800015,8000015,0.09963910789816405,3.32714408506326,0.3005280789225716,0.38543019029735615,0.07699346590438447,0.26728151976155323,0.03644254335031907,0.08032560166544495,0.10301836702466202,0.2848533161882711,0.014023391151727774,0.08560641988878498,0.18213741889659754,1.0657426538220598,0.08207376899938168,0.006993396778813349,0.0,True,True,True
random,4,8,9,800016,8000016,0.13975613006185658,2.839016530131012,0.463848371558183,0.5558997393842043,0.14151674684448115,0.26728151976155323,0.03644254335031907,0.12397809768899277,0.1485817271776615,0.2974238764025512,0.013024438133769628,0.13795958073184567,0.09203460667508662,1.1127738149195219,0.14151674684448118,0.01179355335780603,0.0,True,False,True
random,4,8,10,800017,8000017,0.10881919894999519,3.1999949814387425,0.3699950823516067,0.43043791166668943,0.09038230118757407,0.26728151976155323,0.03644254335031907,0.09889284791523849,0.11504809919326196,0.2453275589051756,0.016252263612228923,0.09076999036023911,0.17981688227322226,0.9178620322274313,0.09150471976835667,0.009840285658676408,0.0,True,True,True
random,4,8,11,800018,8000018,0.14807158347263774,2.755633296371853,0.42748014327845274,0.5850524197801005,0.11233913710838075,0.26728151976155323,0.03644254335031907,0.11425754236335137,0.15637369989899946,0.24097822955780807,0.02318436268028347,0.10301340809835967,0.20637832261356992,0.901589566584286,0.11619053762517845,0.020782924568849157,0.0,True,True,True
random,4,8,12,800019,8000019,0.13150699076939895,2.9267886012232394,0.4313454685024106,0.5253836341927638,0.11628353481820407,0.26728151976155323,0.03644254335031907,0.11529067236358351,0.14042533620488984,0.26591100433610676,0.015567518007687227,0.11469950674530452,0.13387551412179935,0.994872389880643,0.11928426278623243,0.02092893476186906,0.0,True,False,True
random,4,8,13,800020,8000020,0.12863379951320103,2.9586583232699217,0.365853955811637,0.5143298533556108,0.11284632879012813,0.26728151976155323,0.03644254335031907,0.09778600132011048,0.13747086486362445,0.2803511357033703,0.016824780802892444,0.10256757201336308,0.14909462260117662,1.0488983149806865,0.11352457496856311,0.017092659471240893,0.0,True,False,True
random,4,8,14,800021,8000021,0.11007617602654515,3.183425837134461,0.3283775815146531,0.43623927391533723,0.08813540005863188,0.26728151976155323,0.03644254335031907,0.08776925904285982,0.11659869611176785,0.26519299823250764,0.01685913959962869,0.08708343539421053,0.19128681084346566,0.9921860608585704,0.09121790711594328,0.011690361324712295,0.0,True,False,True
random,4,8,15,800022,8000022,0.09758684217371974,3.357169550289897,0.32029157428608224,0.3746296420398137,0.0862143958809278,0.26728151976155323,0.03644254335031907,0.08560801874200448,0.10013158007212808,0.25015612201400356,0.0204305158436779,0.08012289813716647,0.23697336894751128,0.9359274903748394,0.08966341875389403,0.014654393454113714,0.0,True,False,True
random,4,8,16,800023,8000023,0.1155115906414669,3.1138904733586603,0.33327109072690264,0.4604849211058573,0.08325298211230225,0.26728151976155323,0.03644254335031907,0.08907720362207702,0.12307910954045248,0.25517743841827595,0.019848750858246823,0.08504326323055586,0.23841489343255348,0.9547141105974122,0.08553226552264158,0.016579218181211892,0.0,True,True,True
random,4,8,17,800024,8000024,0.09180862525552022,3.4452264911593935,0.27696951397230396,0.34239524094543267,0.07882573307194449,0.26728151976155323,0.03644254335031907,0.07402883262213615,0.09151592035901844,0.2733710473210498,0.01392765058586217,0.07571544611061087,0.17668913491930816,1.0227831971508137,0.08173937505743026,0.016326251382301538,0.0,True,False,True
random,4,8,18,800025,8000025,0.10000789448131242,3.3218142060923697,0.33318378848851504,0.3873390994016092,0.10036542737585238,0.26728151976155323,0.03644254335031907,0.0890538693471222,0.10352858315113345,0.30072709404162506,0.018547151426327582,0.1001973924939306,0.18479621829209658,1.125132385919944,0.10159218844822974,0.011433487911986643,0.0,True,False,True
random,4,8,19,800026,8000026,0.16298260459209377,2.6172101034859567,0.45471768146076585,0.6339798248906467,0.12107769867728879,0.26728151976155323,0.03644254335031907,0.12153763296328336,0.16945109109493545,0.2602289294014001,0.009871296527630646,0.11833069542642197,0.08152861043337833,0.9736136251902305,0.12117005951472044,0.018645642594838474,0.0,True,True,True
random,4,8,20,800027,8000027,0.12254235901768258,3.028647565402901,0.3452844551255247,0.49007084801152,0.12332528404256637,0.26728151976155323,0.03644254335031907,0.09228815391599007,0.13098688104735223,0.34075014069577925,0.016442168502527534,0.11765572666408802,0.13332358104970943,1.2748735527984454,0.12479945717600156,0.012570382048304372,0.0,True,False,True
random,4,8,21,800028,8000028,0.13139750968944833,2.927990161637537,0.3510430529445427,0.5249667025229251,0.10749944880012179,0.26728151976155323,0.03644254335031907,0.09382732069275276,0.14031389807453865,0.30377606826060566,0.021749773800407136,0.1066384784136928,0.20232451462004608,1.1365397373211956,0.1101522174991253,0.011359295425351608,0.0,True,False,True
random,4,8,22,800029,8000029,0.12466136135211199,3.0039137221308776,0.3972462853751812,0.4986436056026869,0.11858787123065002,0.26728151976155323,0.03644254335031907,0.10617659087471011,0.13327822072486672,0.27840755252557897,0.02901094439653451,0.11059636606118184,0.24463669088138915,1.0416266443484439,0.11924427855067812,0.007924797012407657,0.0,True,False,True
random,4,8,23,800030,8000030,0.16139339988501006,2.631346513470311,0.4634462904302584,0.6289464202458268,0.1284586620929245,0.26728151976155323,0.03644254335031907,0.12387062883405366,0.16810575505189312,0.2769116013217519,0.012552938810571998,0.12833365440966854,0.09771967577781128,1.0360297321295908,0.1297179286480052,0.026377434128639556,0.0,True,False,True
random,4,8,24,800031,8000031,0.210382348917231,2.2489144273189803,0.5235752882093527,0.7691094822383377,0.16375702490072344,0.26728151976155323,0.03644254335031907,0.13994199874218904,0.20556875127568425,0.30752538239249133,0.016778557823739645,0.16101269071784002,0.10246007970596394,1.1505673219264856,0.16478284528917814,0.020184755415995324,0.0,True,False,True
random,4,8,25,800032,8000032,0.11167836809118369,3.1625783295663243,0.3673168191760652,0.4435239253577362,0.11223623181763027,0.26728151976155323,0.03644254335031907,0.09817699766335834,0.11854574882022544,0.29721602544801884,0.012704759718920142,0.10917244507571873,0.1131965989339679,1.1119961668624554,0.11577252100044191,0.02141766052217646,0.0,True,False,True
random,4,8,26,800033,8000033,0.16500293769879987,2.5994363845631705,0.45051777476335153,0.6403215995069973,0.12592337085696367,0.26728151976155323,0.03644254335031907,0.12041507551834173,0.17114613025237888,0.27052059146843915,0.025917973055963578,0.1218743348960269,0.20582337400579753,1.0121185771084193,0.1284448150683319,0.01853515304720998,0.0,True,False,True
random,4,8,27,800034,8000034,0.1439185550036926,2.796675488312291,0.39292481056503714,0.5706787362560221,0.11835720068259684,0.26728151976155323,0.03644254335031907,0.10502154051984354,0.15253187992211217,0.29758786723010383,0.014024133023573585,0.11692965635784196,0.11848990127083738,1.113387365858992,0.12258237196107272,0.019264198469767794,0.0,True,False,True
random,4,8,28,800035,8000035,0.1350846269489394,2.888064594068908,0.4335422647170085,0.5388306856478736,0.1304029981692409,0.26728151976155323,0.03644254335031907,0.11587783539442766,0.14401948455412342,0.285675154485355,0.016852180188201296,0.12385225344896211,0.1292315393418335,1.0688174578631964,0.13086621177387028,0.01772812732740689,0.0,True,False,True
random,4,8,29,800036,8000036,0.22809589699260713,2.1322875993186683,0.43350428164314186,0.8138695153219763,0.13853032349089828,0.26728151976155323,0.03644254335031907,0.11586768322071936,0.21753228094285654,0.3270503637835493,0.01574190993041303,0.14177773301311578,0.11363511997752106,1.2236175702507115,0.14479817069492185,0.020974826167621897,0.0,True,False,True
random,4,8,30,800037,8000037,0.10736910474041908,3.219349174655166,0.33944580182124184,0.42364657317353144,0.1008009529152395,0.26728151976155323,0.03644254335031907,0.09072758978746054,0.11323289991959555,0.306448676172253,0.02105355360916345,0.1040227166003485,0.20886264465046034,1.1465389617869635,0.10256224144812143,0.014647322251075139,0.0,True,False,True
random,4,8,31,800038,8000038,0.11795021047135115,3.0837501019504816,0.4253184761964076,0.47095736737565175,0.1357748247528921,0.26728151976155323,0.03644254335031907,0.11367976870044383,0.12587820089506435,0.3271690094387798,0.012710382368256112,0.1391510245531899,0.09361369010336633,1.2240614679632669,0.13690324360788167,0.014129824866100255,0.0,True,False,False
random,4,8,32,800039,8000039,0.12363940486522781,3.015789479933578,0.38193003856476665,0.49452767309920204,0.127708294857529,0.26728151976155323,0.03644254335031907,0.10208284115017946,0.1321781080300993,0.3344242147991504,0.01951773336717488,0.1277266532552313,0.1528305846456474,1.2512059011692855,0.12788224203852475,0.021992323030884282,0.0,True,False,True
random,4,8,33,800040,8000040,0.12976597484355687,2.9460159423625485,0.44624122129800387,0.5187136969217484,0.1579990124718502,0.26728151976155323,0.03644254335031907,0.11927203180878207,0.13864258523437864,0.33011940371311815,0.022390783586550403,0.1473128858871106,0.14171470591020083,1.2350999949701864,0.15799901247185016,0.020500572699435345,0.0,True,False,False
random,4,8,34,800041,8000041,0.12040988984671519,3.053974202400679,0.3995267272670703,0.4812894756660078,0.1334489896524614,0.26728151976155323,0.03644254335031907,0.10678611084930213,0.12863978250125166,0.33070028659951395,0.022801898917684256,0.13212360321138594,0.17086602886291455,1.2372732948186533,0.13508672595919302,0.01319719513210615,0.0,True,False,False
random,4,8,35,800042,8000042,0.1356381496208199,2.8821650865605677,0.39489914304777063,0.5408813164487009,0.1468613216025229,0.26728151976155323,0.03644254335031907,0.10554924310634314,0.14456758027103836,0.3887175996962343,0.028326744168003286,0.15350424700762927,0.19288090192099064,1.4543377336488374,0.14912723402630657,0.02012721199455679,0.0,True,False,False
random,4,8,36,800043,8000043,0.14876952571645669,2.7488490630676936,0.44544788906187205,0.5874334880357323,0.1512458241621126,0.26728151976155323,0.03644254335031907,0.11905998876303292,0.15701011544102073,0.3543423961178523,0.02417139901428108,0.15784107235582298,0.15981531489010237,1.3257272572902445,0.15287541955349643,0.04010433968669616,0.0,True,False,True
random,4,8,37,800044,8000044,0.09339615129567429,3.4204930897439403,0.31150542187210895,0.3515460214291966,0.11828980822352114,0.26728151976155323,0.03644254335031907,0.08325964257194106,0.09396175487372323,0.3807395002074218,0.015995455443429035,0.11860241863548886,0.13522260018550308,1.4244886834940422,0.11886644360486388,0.016870063379752262,0.0,True,False,False
random,4,8,38,800045,8000045,0.08140435382174152,3.6187502322726384,0.24898596662994182,0.27498620926687595,0.0911237302059611,0.26728151976155323,0.03644254335031907,0.06654934756015023,0.07349873192631912,0.3622217980854304,0.016667544926396043,0.09018814453073652,0.18291113509865614,1.3552070431527596,0.09160186281775212,0.014482166609024688,0.0,True,False,False
random,4,8,39,800046,8000046,0.12163611349480347,3.0393564695203703,0.4252629908566534,0.48635835962715174,0.16105842754907201,0.26728151976155323,0.03644254335031907,0.11366493849450984,0.12999460150988118,0.3754305138583551,0.01653964048153901,0.15965670318225436,0.10269341836520562,1.4046257825579693,0.16233335569018253,0.028199847514716964,0.0,True,False,False
random,4,8,40,800047,8000047,0.08705702737897601,3.5218954306048866,0.27477954048812814,0.31341363964560326,0.10299285476231104,0.26728151976155323,0.03644254335031907,0.07344349318104813,0.08376967391847663,0.3833936942796511,0.017977964731157717,0.1053487431402084,0.17455545603282502,1.4344190149086389,0.1080800175666064,0.018179925645104778,0.0,True,False,False
random,4,8,41,800048,8000048,0.10397875693968017,3.2656392817922493,0.33167467696712627,0.4073266843195038,0.13742387035811665,0.26728151976155323,0.03644254335031907,0.08865051172619574,0.10887089522435141,0.4107168179494718,0.0267019023569776,0.13622436791835707,0.19430323340038652,1.5366450262475304,0.13888823556696528,0.019487683441784066,0.0,True,False,False
random,4,8,42,800049,8000049,0.11795216331115142,3.083726216202743,0.3864193504717918,0.47096566036666165,0.13194139571650754,0.26728151976155323,0.03644254335031907,0.1032827512593728,0.12588041745830483,0.3644409648013664,0.019169524899428754,0.14082704090385714,0.14528817734061913,1.3635097747367304,0.1323269787257777,0.018496357595060686,0.0,True,False,False
random,4,8,43,800050,8000050,0.0984545169291969,3.344398793684809,0.28061235554685693,0.37923352662546544,0.10952078939033097,0.26728151976155323,0.03644254335031907,0.07500249685443325,0.10136211334098787,0.3553690382082972,0.01921167672947677,0.09972094290005129,0.1754157985568069,1.3295683088203347,0.11349636324796512,0.011038585997623555,0.0,True,False,False
random,4,8,44,800051,8000051,0.10789332454657066,3.2123224880918326,0.29285837924108254,0.4261141844462381,0.13376339015152894,0.26728151976155323,0.03644254335031907,0.07827563267846185,0.11389244681074533,0.42474572876210537,0.019554576119218237,0.12439034571484264,0.14618780293372166,1.58913242165425,0.13743595791949237,0.0174079710268524,0.0,True,False,False
random,4,8,45,800052,8000052,0.1301162569114896,2.9421268691856,0.448061187828352,0.5200625228238989,0.16960135151454458,0.26728151976155323,0.03644254335031907,0.11975847522892868,0.13900310147139916,0.37141681235699125,0.026250922078042752,0.1664174581240936,0.15478014675957072,1.389609026049908,0.17116449293416838,0.02754561016278031,0.0,True,False,False
random,4,8,46,800053,8000053,0.08742271959418052,3.515847930799977,0.2309381526197781,0.31573862351116005,0.10291275415816166,0.26728151976155323,0.03644254335031907,0.061725500403139816,0.08439109913948374,0.4664348937707925,0.01792606735810895,0.10771761268482927,0.17418703351927828,1.745107159622961,0.10613661306128211,0.012205473076456965,0.0,True,False,False
random,4,8,47,800054,8000054,0.15134256962151743,2.724110249146023,0.3867067148147246,0.5961294142097584,0.17548439764877094,0.26728151976155323,0.03644254335031907,0.10335955843767713,0.1593343758045487,0.437729961804498,0.01959077539928298,0.1692731155053923,0.1116382747513177,1.637711287316104,0.17646939383334598,0.008130575494293702,0.0,True,False,False
random,4,8,48,800055,8000055,0.10861014347380592,3.2027692472148943,0.3720231148778783,0.42946545134064473,0.15926243246257052,0.26728151976155323,0.03644254335031907,0.09943490353098622,0.11478817851940891,0.43203499983422644,0.016066188819467524,0.16072700637459258,0.10087871050973281,1.616404307412098,0.15926979113492284,0.024061300517154577,0.0,True,False,False
random,4,8,49,800056,8000056,0.09836861442282281,3.3456581083493355,0.3245747918622959,0.3787802234690867,0.13361864476605068,0.26728151976155323,0.03644254335031907,0.08675284364524426,0.10124095378443825,0.40077844345454605,0.023478985017095402,0.1300825798671542,0.1757163834299033,1.4994618550960346,0.1357843864724392,0.02164755361914833,0.0,True,False,False
random,4,16,0,1600007,16000007,0.1049137952943646,3.2527237020607465,0.30906531347319055,0.4118921960628271,0.19296805592294214,0.4412448732866928,0.055527583916473944,0.13637348508078995,0.18174531985951978,0.6218984638310051,0.016024319273179082,0.19220724367242523,0.08304130544579912,1.4094179932305642,0.19783270803802555,0.018490182876057495,0.0,True,False,False
random,4,16,1,1600008,16000008,0.1517198983691755,2.7205177845434156,0.3884158000690512,0.5973940018753972,0.22486463107791974,0.4412448732866928,0.055527583916473944,0.1713864804840179,0.26359704065973993,0.5748258831223494,0.027909965116532157,0.22327145529336623,0.12411896429750591,1.3027366841469548,0.2328999983169806,0.024986650923086922,0.0,True,False,True
random,4,16,2,1600009,16000009,0.10062401897767916,3.312953376981216,0.2819353971424623,0.3905074594815272,0.1572999332048613,0.4412448732866928,0.055527583916473944,0.1244025485871592,0.1723094144764348,0.5610689544354786,0.016942388046295977,0.15818519849307275,0.10770753490550355,1.271559146412862,0.16381232523067613,0.015339639961237665,0.0,True,False,True
random,4,16,3,1600010,16000010,0.09820115555903156,3.3481161885598527,0.3172924967958444,0.3778949883712752,0.18994978486120734,0.4412448732866928,0.055527583916473944,0.14000368754350076,0.1667442262595596,0.5676878178899208,0.016186731110479753,0.1801230851388776,0.08521584334674076,1.2865595778176293,0.19423308009802664,0.026014716370787495,0.0,True,False,False
random,4,16,4,1600011,16000011,0.11891395776174828,3.0720100306716502,0.3748614945367309,0.47503245262507393,0.22886425698730944,0.4412448732866928,0.055527583916473944,0.1654057126569201,0.20960563436561766,0.5731587160365375,0.021855820787728606,0.21485513290021016,0.09549687258041571,1.2989583579005923,0.230848297928466,0.028350441426830353,0.0,True,False,False
random,4,16,5,1600012,16000012,0.1557380039325052,2.682807054165277,0.4208349723349234,0.6106979742311421,0.25568581556480185,0.4412448732866928,0.055527583916473944,0.18569127404253216,0.26946735025606033,0.6000003354328981,0.022333016449859435,0.25250112456284846,0.08734554320319456,1.3597899301666359,0.25794090931463387,0.014091162498733007,0.0,True,False,True
random,4,16,6,1600013,16000013,0.09537811453064397,3.390197926482337,0.27778753897993097,0.3626464643734665,0.14730919125071368,0.4412448732866928,0.055527583916473944,0.12257232743782188,0.16001589322033738,0.5577794235306166,0.0260399483318567,0.15494417335621458,0.17677069645666485,1.2641040322483408,0.15472243892576354,0.017094790211202422,0.0,True,False,True
random,4,16,7,1600014,16000014,0.11473293030457057,3.123648566056828,0.381584300440879,0.4570904956551627,0.20230561180850729,0.4412448732866928,0.055527583916473944,0.16837211629622698,0.20168883783591388,0.5401522170297897,0.01831082279714686,0.2061136058669021,0.09051070127742675,1.2241552247539274,0.2045053667344061,0.019386712995892744,0.0,True,False,False
random,4,16,8,1600015,16000015,0.09911660803586726,3.3347293732966743,0.3082651776270207,0.3827093311424077,0.1821612385102765,0.4412448732866928,0.055527583916473944,0.1360204292407346,0.16886853032556665,0.5731164212492003,0.017118344897822872,0.17667183539734713,0.09397358646558145,1.298862504577647,0.18607419309970713,0.03203637397678657,0.0,True,False,False
random,4,16,9,1600016,16000016,0.09398715486379819,3.411392591288592,0.30987144262836164,0.35489240546282863,0.1743409929753913,0.4412448732866928,0.055527583916473944,0.13672918543771614,0.15659445447885542,0.5397581127153093,0.023676260255548472,0.16725562505745473,0.135804321470685,1.2232620601228126,0.17460767898085422,0.02269290337610036,0.0,True,False,False
random,4,16,10,1600017,16000017,0.10033405531266366,3.3171167273054154,0.3278162674839647,0.3890195640975588,0.19403390958897143,0.4412448732866928,0.055527583916473944,0.1446472474072786,0.17165288826627179,0.5869908784566162,0.017886139917923535,0.1924251588227815,0.09218048513176046,1.3303063989940727,0.19698718915508998,0.022451764841443542,0.0,True,False,False
random,4,16,11,1600018,16000018,0.10176233913661382,3.296724356593425,0.3110334578953043,0.3962945325719941,0.1527854959255865,0.4412448732866928,0.055527583916473944,0.13724191871693545,0.1748629308089387,0.5123277261722076,0.018798395168556567,0.1593510642469803,0.12303782538175118,1.1610961558738149,0.15654262962063414,0.015885760746516354,0.0,True,False,True
random,4,16,12,1600019,16000019,0.14164951243406793,2.819602459003775,0.3747048936233249,0.5626704628255083,0.22821433300801758,0.4412448732866928,0.055527583916473944,0.1653366133067277,0.2482754570716062,0.5871999452604518,0.017357648801097397,0.2200266930244398,0.07605853923507772,1.3307802102868325,0.2348581466809366,0.027400785024141665,0.0,True,False,True
random,4,16,13,1600020,16000020,0.08939163729650311,3.483716318043828,0.2834842510215422,0.32797339707057405,0.16829847147107624,0.4412448732866928,0.055527583916473944,0.1250859724207734,0.14471658003181165,0.5899961814742195,0.017661855146716962,0.16725462561078897,0.10494364560971267,1.3371173631537643,0.17193737874577344,0.02005225631371511,0.0,True,False,False
random,4,16,14,1600021,16000021,0.1267776223339314,2.979627978723548,0.3702423574283433,0.507060636744488,0.20841893748845297,0.4412448732866928,0.055527583916473944,0.16336754208883578,0.22373790640899138,0.5551078929196144,0.024409422451404657,0.2055244549016384,0.11711710435505417,1.2580495015948676,0.21024573496945592,0.01437702428242704,0.0,True,False,True
random,4,16,15,1600022,16000022,0.11209939942722212,3.1571495459651584,0.35911330712098943,0.44541845236685973,0.2055240008991557,0.4412448732866928,0.055527583916473944,0.1584569056961662,0.19653860857416985,0.5552124431913633,0.020258252426198033,0.19938417662917496,0.09856879166213844,1.2582864454736036,0.20654614979148805,0.016867617838113396,0.0,True,False,False
random,4,16,16,1600023,16000023,0.1460502907972705,2.7754628642015278,0.4552627137117627,0.5781013433551958,0.2486309338263033,0.4412448732866928,0.055527583916473944,0.20088233842390263,0.2550842539956303,0.5350715446002617,0.022186430109050147,0.24359812342465959,0.08923439158439499,1.2126408191775326,0.25127763692684035,0.027418596885500305,0.0,True,False,True
random,4,16,17,1600024,16000024,0.1535624137071473,2.7031029530076514,0.4913551270705514,0.603530989120351,0.2773742757509244,0.4412448732866928,0.055527583916473944,0.2168079307830123,0.2663049548190016,0.5779741483126384,0.018361557702943062,0.28399056108765014,0.0661977670900935,1.309871645663535,0.2773742757509244,0.01923529859239411,0.0,True,False,False
random,4,16,18,1600025,16000025,0.16139685228563067,2.631315652803229,0.3685092571179758,0.6289573985116342,0.22740112895507364,0.4412448732866928,0.055527583916473944,0.16260282046199453,0.27752422760899403,0.5958496322305115,0.025759837678037627,0.2195761053272849,0.11327928667903339,1.3503831280626943,0.23113980440096657,0.0212063086461497,0.0,True,False,True
random,4,16,19,1600026,16000026,0.0991482897265927,3.3342683030921,0.3192911941612657,0.38287486063513076,0.1978235227606289,0.4412448732866928,0.055527583916473944,0.14088560250924453,0.16894156936560845,0.6043509609995491,0.02407557147661483,0.19296394003005457,0.12170226846959367,1.3696498193801798,0.19977931509363267,0.01790233982351817,0.0,True,False,False
random,4,16,20,1600027,16000027,0.1130477285787535,3.1449960899813725,0.3628487051047423,0.4496564403130617,0.23653697376646204,0.4412448732866928,0.055527583916473944,0.16010513090618259,0.19840859902848226,0.667424261030745,0.025585308312677316,0.24217402887049538,0.10816621141833932,1.512593803207987,0.23840121705404516,0.017959796703941138,0.0,True,False,False
random,4,16,21,1600028,16000028,0.0920550967663849,3.4413585890466125,0.26996263046591573,0.34383191688023906,0.16794630145391706,0.4412448732866928,0.055527583916473944,0.11911962667207526,0.1517140705957418,0.6023362372986492,0.012279292275746787,0.16260827504608533,0.07311439531233806,1.3650838202652373,0.16873396313221795,0.018875486944977697,0.0,True,False,False
random,4,16,22,1600029,16000029,0.09159779257231569,3.448543358737948,0.27247750824416817,0.34116150176897564,0.16452196727049542,0.4412448732866928,0.055527583916473944,0.12022930359867177,0.15053576361834947,0.6063811617613255,0.01886750315577828,0.16522522800292982,0.1146807533899571,1.374250894394727,0.16997179103405935,0.012680870589741216,0.0,True,False,False
random,4,16,23,1600030,16000030,0.14610985549282263,2.774874599900822,0.40804847072242195,0.5783073767221809,0.24412906425231146,0.4412448732866928,0.055527583916473944,0.18004929575874387,0.25517516516253846,0.5942596279326752,0.019195694519721727,0.24248673239000357,0.07862928807150409,1.346779677022022,0.2455826598374954,0.028157358123178416,0.0,True,False,True
random,4,16,24,1600031,16000031,0.10456655686908148,3.2575065812932587,0.28484696950788846,0.41020266634473,0.17042979100186573,0.4412448732866928,0.055527583916473944,0.1256872649666067,0.18099982353314392,0.5871238354632438,0.016749891603329778,0.16724044525755308,0.09828030360693463,1.3306077214902123,0.1741044996913001,0.017403181182634227,0.0,True,False,True
random,4,16,25,1600032,16000032,0.10358549613905264,3.2711060813716846,0.28666129892983316,0.4053911500713978,0.15604155767821837,0.4412448732866928,0.055527583916473944,0.12648782852249302,0.1788767666448006,0.5454803558135484,0.022677287978116356,0.15636810733821935,0.1453285157847527,1.2362304671110138,0.16410460796323104,0.011936537366817634,0.0,True,False,True
random,4,16,26,1600033,16000033,0.0886727708443066,3.495365032246485,0.24982656708627082,0.32356001510883015,0.15333706263335897,0.4412448732866928,0.055527583916473944,0.11023469193763104,0.14276919786733616,0.5891416752949503,0.02336935405904478,0.1471832422663919,0.15240512409529294,1.3351807827400264,0.16018423477811328,0.013765994097906261,0.0,True,False,False
random,4,16,27,1600034,16000034,0.08949084568195347,3.4821160779532927,0.24591803189795589,0.3285778183746034,0.15353431809641477,0.4412448732866928,0.055527583916473944,0.10851007082372642,0.14498327783351986,0.6330168921052223,0.018101392196209494,0.15567026826467698,0.11789802059004413,1.4346158571545107,0.15802229888858366,0.01334852366400573,0.0,True,False,False
random,4,16,28,1600035,16000035,0.12773444560072192,2.9687804719901205,0.4121608176186622,0.5108206949633968,0.2368120911938429,0.4412448732866928,0.055527583916473944,0.1818638477438863,0.22539701282134436,0.5571471469962469,0.019975955504118712,0.22963422363987812,0.0843536130415206,1.2626710942752375,0.23813786212759358,0.021488562188234323,0.0,True,False,False
random,4,16,29,1600036,16000036,0.1472469162741152,2.7636906742280716,0.4646328597677855,0.5822264723425592,0.2779746319594465,0.4412448732866928,0.055527583916473944,0.20501686733307023,0.2569044460129507,0.5827629502066092,0.020745589765766664,0.27077081612120846,0.07463123386307144,1.3207245805844567,0.27991413994690684,0.025369443443363705,0.0,True,False,False
random,4,16,30,1600037,16000037,0.14375752663718291,2.7982906024277527,0.42157009633641684,0.5701141171280814,0.25179229432908157,0.4412448732866928,0.055527583916473944,0.18601564373942114,0.251559931371135,0.6116744134412395,0.024983320077020026,0.25786364140094464,0.09922194062209035,1.3862470715751805,0.25319417259851973,0.01857209693342595,0.0,True,False,False
random,4,16,31,1600038,16000038,0.13816797722068136,2.855504809539043,0.4215111825090566,0.5501562586054306,0.24905672008673957,0.4412448732866928,0.055527583916473944,0.18598964831513273,0.24275362861623423,0.5860269162813609,0.023583426856678656,0.24701689846389238,0.0946909878539523,1.3281217567837846,0.2502421246756947,0.016607267898537142,0.0,True,False,False
random,4,16,32,1600039,16000039,0.09024338501581664,3.470035005748786,0.270075077234977,0.333126912847441,0.1727845889263878,0.4412448732866928,0.055527583916473944,0.1191692432324412,0.14699054244775628,0.6339743889243257,0.021428030906808036,0.17122068205373459,0.12401586877598857,1.4367858468293397,0.1744011949830957,0.01918384755401075,0.0,True,False,False
random,4,16,33,1600040,16000040,0.13992067984274625,2.837318890771192,0.4387620334695108,0.5564914369251202,0.26748885300221387,0.4412448732866928,0.055527583916473944,0.193601497861266,0.24554899357115426,0.6051345729450086,0.023427338715939158,0.26551007574805596,0.08758248597277159,1.371425731108338,0.2681927470094847,0.0401224788292125,0.0,True,False,False
random,4,16,34,1600041,16000041,0.1071858242922642,3.221813978042848,0.3733447506958365,0.42278043612383104,0.22757792503849433,0.4412448732866928,0.055527583916473944,0.16473645721303629,0.18654969996555254,0.6032195703348778,0.015566415846215875,0.22520886010152455,0.06840037689764,1.3670857314254712,0.2291328173501921,0.020341721000489435,0.0,True,False,False
random,4,16,35,1600042,16000042,0.11280786545758639,3.1480604326378203,0.3539052568750113,0.4485882988112213,0.1982662704897976,0.4412448732866928,0.055527583916473944,0.15615888022530883,0.19793728706685043,0.5507889658702222,0.020576157197938327,0.19492711045022282,0.10378042188974919,1.2482614512154446,0.2000587314983327,0.012441282503505442,0.0,True,False,False
random,4,16,36,1600043,16000043,0.11434909725510904,3.128483118649961,0.3834138760098025,0.4554079369317537,0.22314320957754413,0.4412448732866928,0.055527583916473944,0.16917940713630505,0.20094641742520586,0.6237873349775027,0.024862767668081973,0.23916871990954935,0.11142067784698576,1.4136987707780242,0.2256369791364296,0.020832833985371085,0.0,True,False,False
random,4,16,37,1600044,16000044,0.12645742524878967,2.983276344125049,0.3830065132473046,0.505796106148672,0.23318026590842894,0.4412448732866928,0.055527583916473944,0.16899966040578496,0.2231799387664734,0.5932467358552587,0.01743607818199444,0.2272173637952673,0.07477510206134544,1.3444841442266564,0.2340458260011901,0.020526891877052502,0.0,True,False,False
random,4,16,38,1600045,16000045,0.11622411747532557,3.1050186238061808,0.3809464496264409,0.46356927195544606,0.21996449457676653,0.4412448732866928,0.055527583916473944,0.16809066789443444,0.20454756466358523,0.5845143286718653,0.026809351714218863,0.22266865826332966,0.12188035967260402,1.3246937563670798,0.22188360411499347,0.02602786313146859,0.0,True,False,False
random,4,16,39,1600046,16000046,0.14431279579824563,2.792728869789836,0.3409861155304752,0.5720587235529081,0.20010930790155848,0.4412448732866928,0.055527583916473944,0.15045837533976614,0.2524179789866502,0.5593871146697804,0.020162880085177023,0.19074323930904888,0.10075933147045776,1.267747567247827,0.20363571687059862,0.015602326271063068,0.0,True,False,True
random,4,16,40,1600047,16000047,0.0984767324010702,3.344073297844534,0.2886677247832318,0.3793506683851774,0.16705940962965787,0.4412448732866928,0.055527583916473944,0.12737315364393503,0.16738653760283984,0.5767795075164965,0.012603294521178102,0.16649762813638003,0.0754419912599802,1.3071642129692054,0.17257629085572132,0.023503406440811093,0.0,True,False,True
random,4,16,41,1600048,16000048,0.10654071687080757,3.230523201512422,0.3708212767176887,0.4197176044475979,0.20514149224062467,0.4412448732866928,0.055527583916473944,0.1636229872573062,0.1851982411906746,0.5775509189167324,0.019202782400102883,0.214168169122177,0.09360750080524231,1.3089124744152587,0.20763200390882963,0.028249300372543685,0.0,True,False,False
random,4,16,42,1600049,16000049,0.13041915168198312,2.9387723540927104,0.39730809984910853,0.5212260610598174,0.23150353782281435,0.4412448732866928,0.055527583916473944,0.1753101621736966,0.22998832726606114,0.554457883170665,0.024572774018941847,0.22029060800889594,0.10614426997547263,1.2565763745665406,0.23224926011737107,0.022925026896061337,0.0,True,False,False
random,4,16,43,1600050,16000050,0.13323766698778175,2.9079260973552667,0.41989322570718257,0.5319310744364603,0.22210371945679855,0.4412448732866928,0.055527583916473944,0.1852757331711065,0.23471185953697027,0.5451232880223384,0.01684608036601134,0.22889357581580524,0.07584780843477984,1.2354212389186265,0.22475990208043242,0.023494885828323844,0.0,True,False,True
random,4,16,44,1600051,16000051,0.09461678692111233,3.4017600203823886,0.30270223235618177,0.35842314055380037,0.16733960347271037,0.4412448732866928,0.055527583916473944,0.13356580815960248,0.15815237323668013,0.5325916173352907,0.014723938651587293,0.1612166715015818,0.08798836824056694,1.207020522115498,0.16874278986574767,0.018346883493192304,0.0,True,False,False
random,4,16,45,1600052,16000052,0.09429421578575997,3.4066869142416936,0.30420305529850156,0.3566186522646283,0.1708142284603884,0.4412448732866928,0.055527583916473944,0.13422803858861213,0.15735615203017708,0.5421840596198213,0.022609157488258595,0.1649340474704946,0.13236109012722924,1.228760020668942,0.17368421162593783,0.013553481608414469,0.0,True,False,False
random,4,16,46,1600053,16000053,0.11116559910259183,3.1692176888624544,0.38914588239832004,0.4412056169297568,0.21984566170751865,0.4412448732866928,0.055527583916473944,0.171708625568885,0.19467971653554766,0.5700222554720421,0.01280465658961354,0.22182181359234843,0.058243844750726886,1.2918501493878614,0.2203243893016095,0.014510272298049609,0.0,True,False,False
random,4,16,47,1600054,16000054,0.12835254936631194,2.9618161435660904,0.40146185308808446,0.5132350314088544,0.22134999777719797,0.4412448732866928,0.055527583916473944,0.17714298449529273,0.22646232640029176,0.558965279045921,0.023838508097656752,0.22440323673767365,0.10769599429430146,1.2667915547264408,0.2216066644239268,0.02477763369008819,0.0,True,False,True
random,4,16,48,1600055,16000055,0.17582253752930654,2.507808083008162,0.48104913487096757,0.6732682601439237,0.2583524021629241,0.4412448732866928,0.055527583916473944,0.2122604645608133,0.29707616813515775,0.5274356034371298,0.02064769968088929,0.253722440733578,0.07992068007894228,1.1953353690172752,0.2583524021629241,0.022993430794034903,0.0,True,False,True
random,4,16,49,1600056,16000056,0.12478978281000416,3.0024282768150417,0.4167250505537877,0.4991584229881498,0.23315289836181372,0.4412448732866928,0.055527583916473944,0.18387779212699673,0.22025109510139157,0.5503555333902551,0.022994192914889244,0.22934693747461082,0.09862280536271165,1.247279156561824,0.23320675964411208,0.018320896281074094,0.0,True,False,False
random,4,32,0,3200007,32000007,0.10238095464983527,3.287980730992198,0.3328944554489412,0.3994043297203237,0.2980884930976434,0.6750696545318591,0.06456599263334185,0.2247269450354881,0.26962574288282765,0.8876778886326704,0.024742608836857468,0.29550304735043864,0.08300424004878529,1.3149426620994376,0.2981518559528281,0.019071410874731066,0.0,True,False,False
random,4,32,1,3200008,32000008,0.12184483159038079,3.0368830387138246,0.35106449717426047,0.4872158929689416,0.2994901754797378,0.6750696545318591,0.06456599263334185,0.23699298882582884,0.3289046645489746,0.8735249912449481,0.01556911080070755,0.306663611820558,0.051985380741682755,1.2939775701378726,0.30251312838335387,0.01984122585633222,0.0,True,False,True
random,4,32,2,3200009,32000009,0.11993089497279957,3.059724740701258,0.41700061115963116,0.47929487780613544,0.34511951825301057,0.6750696545318591,0.06456599263334185,0.2815044585151063,0.3235574275794775,0.8264161901111465,0.014056569079096366,0.34461605634856207,0.0407295685571494,1.2241939547471465,0.34965708819503993,0.01436410943917873,0.0,True,False,False
random,4,32,3,3200010,32000010,0.13627656072308286,2.875390651867645,0.42883617396892504,0.5432368202656476,0.3572297663885549,0.6750696545318591,0.06456599263334185,0.28949428781196646,0.3667226925857163,0.8335164354328033,0.016985452441010147,0.35744199911122,0.047547696298452506,1.2347117513537509,0.35862212078039785,0.02186619224219193,0.0,True,False,True
random,4,32,4,3200011,32000011,0.09911835694256384,3.3347039172524444,0.32789972007486196,0.3827184706416132,0.2693698215061282,0.6750696545318591,0.06456599263334185,0.22135515075203036,0.25836162575899524,0.8081092570138539,0.022514816585451524,0.26497879916474737,0.08358329251422587,1.1970753707989643,0.2716396090633342,0.018088091647041043,0.0,True,False,False
random,4,32,5,3200012,32000012,0.11692954730712596,3.0962885596530727,0.3855003895420779,0.46660281742452414,0.32025785862255973,0.6750696545318591,0.06456599263334185,0.26023961479006763,0.31498940276236564,0.8350037346632303,0.013602146370403616,0.3218942649817651,0.04247248273284198,1.2369149302708338,0.32102816876213824,0.022842585573075853,0.0,True,False,False
random,4,32,6,3200013,32000013,0.1117184201911339,3.162061017146224,0.3141835293610936,0.44370449712002646,0.2661289361445199,0.6750696545318591,0.06456599263334185,0.21209576662539367,0.2995314415850485,0.8468234728731534,0.020075425277457846,0.2660579874531056,0.07543495858923058,1.2544238467664504,0.2685574307804832,0.025200168621263723,0.0,True,False,True
random,4,32,7,3200014,32000014,0.1020086677948675,3.293236350010452,0.315896168282468,0.3975357483038098,0.2549905300537789,0.6750696545318591,0.06456599263334185,0.21325191719038372,0.26836432027151697,0.8145436343971522,0.013649303350597542,0.2573112130049359,0.05352866770275284,1.2066067981710926,0.2562352570987656,0.017647389193263342,0.0,True,False,True
random,4,32,8,3200015,32000015,0.13504718983451613,2.8884644754328477,0.42155142306027504,0.5386917108495958,0.36920958299672035,0.6750696545318591,0.06456599263334185,0.28457657353271343,0.36365442714241275,0.8708075270807232,0.015960226080015804,0.3670901522524779,0.04322809270136842,1.2899521126965818,0.3737609668877441,0.018314092360631105,0.0,True,False,False
random,4,32,9,3200016,32000016,0.11619304986029,3.1054043190190157,0.390966415329185,0.4634352160131554,0.3246479721400828,0.6750696545318591,0.06456599263334185,0.2639295629298323,0.3128510511718983,0.8075555090955688,0.026343112591987603,0.3157270825704296,0.08114362279343232,1.1962550881591394,0.32464797214008273,0.022959289235445518,0.0,True,False,False
random,4,32,10,3200017,32000017,0.136962570548866,2.8681464109087673,0.4416349217349894,0.5457566144312536,0.3612567449722611,0.6750696545318591,0.06456599263334185,0.2981343340448439,0.36842372916258337,0.8221529354606016,0.014999563413585819,0.36309144730633464,0.04152050756792804,1.2178786736173772,0.3612567449722611,0.02485022275365876,0.0,True,False,True
random,4,32,11,3200018,32000018,0.11922998293758581,3.068181016838495,0.39530452547789563,0.4763611358521424,0.3478340116169041,0.6750696545318591,0.06456599263334185,0.2668580894492435,0.32157694741210974,0.8903808465472193,0.02791213683752725,0.3519715780389555,0.08024556514119441,1.318946631017909,0.34883514014678346,0.02438196393983858,0.0,True,False,False
random,4,32,12,3200019,32000019,0.10443446201164333,3.2593302338491075,0.36488660636848624,0.40955811314949353,0.31407986591144305,0.6750696545318591,0.06456599263334185,0.24632387530447647,0.27648025395454867,0.8623978737410479,0.01546191255186059,0.31467743348876925,0.049229238260755565,1.2774946525171471,0.3140798659114431,0.02220897287698092,0.0,True,False,False
random,4,32,13,3200020,32000020,0.10253319846570046,3.2858369899647584,0.3543152303827148,0.40016595790097115,0.3072030995521696,0.6750696545318591,0.06456599263334185,0.23918746016983533,0.2701398949556191,0.8374739862074201,0.017765761153965103,0.29672978836261255,0.05783067026297402,1.2405741845827505,0.30775914790303827,0.017994138298504433,0.0,True,False,False
random,4,32,14,3200021,32000021,0.11642179455485674,3.1025669339528656,0.36776571006250486,0.4644213369553847,0.31422289594453673,0.6750696545318591,0.06456599263334185,0.248267470840559,0.31351675149569563,0.8600697610079272,0.011479537006648083,0.3163041663603692,0.03653310167657015,1.2740459524941323,0.31691981469490693,0.02123076976007472,0.0,True,False,False
random,4,32,15,3200022,32000022,0.10005828247640819,3.321087501426069,0.30931538843575135,0.3875991871839165,0.269124166269918,0.6750696545318591,0.06456599263334185,0.20880943241271047,0.2616564493890759,0.8669818827380096,0.026387502275137628,0.2681708378258664,0.09804954583183843,1.284285076240371,0.2707891366718983,0.013163563018313826,0.0,True,False,False
random,4,32,16,3200023,32000023,0.13253626311667321,2.9155409468282087,0.37123405649858243,0.5292873061643296,0.31705406361848454,0.6750696545318591,0.06456599263334185,0.2506088462709587,0.35730579892045233,0.837290962662111,0.01647018492622292,0.3108309205386586,0.051947559789177526,1.2403030665668828,0.3180186113240847,0.013617782229820529,0.0,True,False,True
random,4,32,17,3200024,32000024,0.0855268814282754,3.547478253893067,0.2631031759026129,0.30349221689048567,0.21373408951038753,0.6750696545318591,0.06456599263334185,0.17761297006281185,0.2048783860093682,0.8110200339902438,0.02111951292653785,0.21338194666347815,0.09881209391968068,1.201387188041599,0.21610429961932126,0.01688253288324402,0.0,True,False,False
random,4,32,18,3200025,32000025,0.12459238664576443,3.004712181292545,0.3329695727274967,0.4983668795004918,0.27885271051083316,0.6750696545318591,0.06456599263334185,0.22477765443077194,0.33643235717451764,0.8391485751752458,0.014360095250973048,0.27941094253098925,0.05149706174512932,1.243054801148143,0.2841556680660514,0.021013822576939404,0.0,True,False,True
random,4,32,19,3200026,32000026,0.10453622741141402,3.2579250946920837,0.33918691573806925,0.41005476420309533,0.28360574170286446,0.6750696545318591,0.06456599263334185,0.2289747940290252,0.2768155280097265,0.8427383733611433,0.016092294689997975,0.28584582963448363,0.05674178030872864,1.2483724719422584,0.28592820195318785,0.024097398222661392,0.0,True,False,False
random,4,32,20,3200027,32000027,0.13088665361908766,2.9336101002720225,0.38914414816485793,0.5230168395724469,0.31538249775583516,0.6750696545318591,0.06456599263334185,0.2626994056647452,0.3530727972045165,0.8136551731505682,0.020380174747332478,0.31662914925560787,0.06462050016203033,1.2052906950984401,0.3192999926221169,0.028345410841984938,0.0,True,False,True
random,4,32,21,3200028,32000028,0.10898513607115781,3.197796708313503,0.35058684410207763,0.43120823772816685,0.2959014614186661,0.6750696545318591,0.06456599263334185,0.23667053973140428,0.29109559607444535,0.8585244860361114,0.015540927351276053,0.3009873901437585,0.052520617089104035,1.271756892452043,0.2975631415871278,0.010549230976224578,0.0,True,False,False
random,4,32,22,3200029,32000029,0.08426962393631003,3.5688435027811543,0.23629806528772868,0.2950906568247123,0.20097017840957795,0.6750696545318591,0.06456599263334185,0.15951765330033368,0.1992067477582379,0.8560986988926993,0.01819091011254898,0.20229446624368663,0.09051546979012896,1.268163504529586,0.20443632096123815,0.00993409392908427,0.0,True,False,False
random,4,32,23,3200030,32000030,0.08189638672284921,3.6100563883604675,0.24111703312747307,0.27854182251754733,0.1956213086721552,0.6750696545318591,0.06456599263334185,0.16277079225511007,0.1880351318995951,0.8471147152316034,0.018906421655674414,0.20425378685526843,0.09664806857702798,1.254855272407486,0.20201419731468517,0.022566087534373364,0.0,True,False,False
random,4,32,24,3200031,32000031,0.12466305060975226,3.0038941726322843,0.3702770870580932,0.4986503809674761,0.3078095857461951,0.6750696545318591,0.06456599263334185,0.2499628252413701,0.336623740411894,0.8261931716865172,0.018474670341269993,0.3059204009593707,0.060019801841074936,1.2238635911718736,0.3089002189349127,0.025510379171020527,0.0,True,False,True
random,4,32,25,3200032,32000032,0.0957106134551195,3.385177274153757,0.28383572385355765,0.3644755874135852,0.23697190914468053,0.6750696545318591,0.06456599263334185,0.19160888404562132,0.24604640888058538,0.8522163237516027,0.01794413624149297,0.241889437131854,0.07572263018962885,1.2624124311180742,0.24258436379025733,0.019291195321683594,0.0,True,False,True
random,4,32,26,3200033,32000033,0.13677236743717403,2.8701513075593756,0.3978221827143845,0.5450591433493214,0.3238802674701057,0.6750696545318591,0.06456599263334185,0.26855768345010966,0.3679528876002574,0.8236158464675677,0.01476668540921541,0.32765265375988323,0.04559303820686879,1.2200457255610475,0.3244094195062569,0.02305825007410463,0.0,True,False,True
random,4,32,27,3200034,32000034,0.1394816959324121,2.8418522840885125,0.4104387503569361,0.5549115098190417,0.3353293588253402,0.6750696545318591,0.06456599263334185,0.2770747454099448,0.3746039212292928,0.8061624134814132,0.012026278710229193,0.3308802935740428,0.035864079281209625,1.1941914557549813,0.3353293588253402,0.01216344737697004,0.0,True,False,True
random,4,32,28,3200035,32000035,0.15518098674510697,2.687976289996994,0.4163633431780453,0.6088710429807185,0.3187566031547866,0.6750696545318591,0.06456599263334185,0.2810742582389329,0.41103036463944637,0.7784460583741966,0.01871153624456253,0.32411640334845226,0.058701642756169986,1.153134425682378,0.31875660315478666,0.016627727473994044,0.0,True,False,True
random,4,32,29,3200036,32000036,0.10927210926084567,3.1940028820367674,0.32906456394967476,0.432537208854201,0.25894058225817573,0.6750696545318591,0.06456599263334185,0.2221415015041838,0.29199274415338006,0.8102670943042174,0.015601480431842476,0.2666301880699873,0.06025119854054811,1.2002718369352772,0.26236154442636594,0.02327382858587162,0.0,True,False,True
random,4,32,30,3200037,32000037,0.16643364994319537,2.5869809444719967,0.49010276228959343,0.6447748442462543,0.3820795397817006,0.6750696545318591,0.06456599263334185,0.3308535024239457,0.43526793135615216,0.7882147370281336,0.013470052573967727,0.3863062198948538,0.03525457704870504,1.167605048955633,0.3831727001139826,0.028629886305387542,0.0,True,False,True
random,4,32,31,3200038,32000038,0.1095079636890135,3.1908923049067925,0.3545174615354397,0.433626399975894,0.2729607806270342,0.6750696545318591,0.06456599263334185,0.23932398028424093,0.2927280240276205,0.7860683356503824,0.01769976035790516,0.2786749509481616,0.0648436025030629,1.1644255231639729,0.27735163500942495,0.011653098178282728,0.0,True,False,True
random,4,32,32,3200039,32000039,0.08550711581670169,3.5478117051411675,0.27576104137874274,0.3033619344393867,0.21377141891255758,0.6750696545318591,0.06456599263334185,0.18615791093689357,0.20479043628011326,0.7646528923343001,0.013489997947480643,0.21086147788337423,0.06310477806670066,1.132702214061991,0.21385028586572188,0.00943524239895483,0.0,True,False,False
random,4,32,33,3200040,32000040,0.1652464974676066,2.597308401911831,0.4077836963304644,0.6410818901438617,0.326839250508285,0.6750696545318591,0.06456599263334185,0.27528239900553114,0.432774930106048,0.7996705710601264,0.018835338611999583,0.3260926213135916,0.057628753531614556,1.18457490377741,0.3298361190828508,0.009675083574201833,0.0,True,False,True
random,4,32,34,3200041,32000041,0.10831747103291683,3.2066621341230923,0.34456833018713173,0.42810032017234856,0.2749945632377223,0.6750696545318591,0.06456599263334185,0.23260762362204657,0.2889975352437256,0.7853953655150212,0.014359570304609097,0.27062236963222286,0.052217651634791765,1.1634286332418093,0.27638945056645153,0.02258144145062461,0.0,True,False,True
random,4,32,35,3200042,32000042,0.1084850301418308,3.2044321160900204,0.3718084261127538,0.42888240878744743,0.29058980647393995,0.6750696545318591,0.06456599263334185,0.25099658576797096,0.2895254995349337,0.7991506288042529,0.015078019160110298,0.2971309375227268,0.05188763963564046,1.1838046984328459,0.2926790418457078,0.0123624657285165,0.0,True,False,False
random,4,32,36,3200043,32000043,0.12386970484366003,3.013104708184552,0.3714297098692751,0.49545819134881613,0.2941160121520212,0.6750696545318591,0.06456599263334185,0.2507409259243202,0.334468790068825,0.7879608067041061,0.014964223811367108,0.2926720538224661,0.0508786437769069,1.1672288946990717,0.2973380953239354,0.01451944391560544,0.0,True,False,True
random,4,32,37,3200044,32000044,0.13141749084390447,2.9277707927853625,0.4397613494474551,0.5250428205162108,0.3289415827751554,0.6750696545318591,0.06456599263334185,0.29686954224795764,0.35444047546031127,0.7507686338360858,0.02100032385974148,0.3301590275385794,0.06384210741180762,1.1121350645759982,0.3300676875744796,0.015439797253505878,0.0,True,False,True
random,4,32,38,3200045,32000045,0.12054761202936878,3.0523250225243594,0.42416376760120295,0.4818614407871573,0.3538141163281099,0.6750696545318591,0.06456599263334185,0.2863400880594758,0.3252900363644102,0.8119567009991496,0.016428670062251655,0.34440261342484274,0.046433054262358796,1.2027746996896456,0.35391556788870454,0.016516573196854845,0.0,True,False,False
random,4,32,39,3200046,32000046,0.09741244649589959,3.3597500709506685,0.31744442385402283,0.3736974524713787,0.24400142106872943,0.6750696545318591,0.06456599263334185,0.21429709754420023,0.25227181013928945,0.7631635252696832,0.022607892416434888,0.2422620055856396,0.09265475716252808,1.1304959720029404,0.25130987040300323,0.02468479694840151,0.0,True,False,True
random,4,32,40,3200047,32000047,0.0890911352200244,3.488574302476067,0.3019762471872791,0.32613577062336724,0.24582970918360955,0.6750696545318591,0.06456599263334185,0.20385500086554378,0.22016436200519815,0.7948225536465008,0.023123161728491375,0.24001753192998013,0.09406170558181293,1.1773933968305639,0.24643403510227913,0.019102729264052386,0.0,True,False,False
random,4,32,41,3200048,32000048,0.0858626111360931,3.54182614305686,0.2569393085071441,0.30569665445400673,0.20833068902010074,0.6750696545318591,0.06456599263334185,0.1734519302295725,0.20636653491381143,0.8146873693191776,0.015551508328448278,0.2093252093223738,0.07464818746386326,1.2068197168248354,0.21170608107720731,0.027061649613492566,0.0,True,False,False
random,4,32,42,3200049,32000049,0.07718498918505613,3.695535888058025,0.2132939825977247,0.24236327432229607,0.17067553245560224,0.6750696545318591,0.06456599263334185,0.14398829514597036,0.1636120918679626,0.813699803728987,0.016929966624418397,0.17355727177634256,0.09919387026855991,1.2053568076515953,0.17612392265330573,0.009722039841523537,0.0,True,False,False
random,4,32,43,3200050,32000050,0.1029925816770335,3.279387667801007,0.3302325662887203,0.4024553723186386,0.25923831613653947,0.6750696545318591,0.06456599263334185,0.22292998443969564,0.27168540915563405,0.7846044592528993,0.018810508598519224,0.25910194410065857,0.07256068037647578,1.1622570411597,0.259930462824685,0.01729955856154202,0.0,True,False,True
random,4,32,44,3200051,32000051,0.11305901806882668,3.1448520227069743,0.41934371285590066,0.44970665135764526,0.3103800645737259,0.6750696545318591,0.06456599263334185,0.28308621536774,0.30358331377268477,0.7347453816796222,0.009988455311260518,0.3081108563572586,0.032181368751819164,1.0883993625652548,0.3118343962427096,0.021061441236249933,0.0,True,False,False
random,4,32,45,3200052,32000052,0.13302420061602327,2.9102393609456247,0.4496613450187105,0.5311278588664815,0.34285141852928336,0.6750696545318591,0.06456599263334185,0.303552728838112,0.35854830019724165,0.7651107171788178,0.021402679901803865,0.34404071417485743,0.06242552530076767,1.1333804031072907,0.3441404008237128,0.037259945490649996,0.0,True,False,True
random,4,32,46,3200053,32000053,0.08702375855231156,3.5224468616151796,0.2367523810481611,0.31320126789214353,0.1823196083626231,0.6750696545318591,0.06456599263334185,0.15982434808377718,0.21143267171488958,0.7646062270462016,0.018937033647660112,0.18102234481743912,0.10386723522351723,1.132633087435153,0.18652336061944041,0.02393978190841044,0.0,True,False,True
random,4,32,47,3200054,32000054,0.09469727566581886,3.4005332681987905,0.30535665383816324,0.35887198645655727,0.24361137709657288,0.6750696545318591,0.06456599263334185,0.20613701081553334,0.24226358791839012,0.7912023687082461,0.01644182068989768,0.24159890781757867,0.06749200667824222,1.172030713270502,0.24799201301655982,0.019021875861582382,0.0,True,False,False
random,4,32,48,3200055,32000055,0.08616384264666485,3.5367735986244075,0.2711692025541481,0.30766112946984286,0.2124452347412801,0.6750696545318591,0.06456599263334185,0.1830580998879085,0.20769269238408838,0.7806655652909237,0.017957080912319148,0.21169245880142307,0.0845256940415144,1.1564222448012305,0.21779882542712103,0.012372370786952627,0.0,True,False,False
random,4,32,49,3200056,32000056,0.09991444215535322,3.3231629620073795,0.27460939374479226,0.38685626351580876,0.22121184884067047,0.6750696545318591,0.06456599263334185,0.18538046856650017,0.2611549241651029,0.8063407309601289,0.017786200146232674,0.22142873928069365,0.08040346952230086,1.1944556025397148,0.23015840860511028,0.01680084008019063,0.0,True,False,True
structured,4,1,0,10100007,21000007,0.0625,4.0,0.0,0.0,0.0,0.06886430887356765,0.006113936620030043,0.0,0.0,0.9999999849124109,0.0,0.0,0.0,14.521310113608696,0.0,0.0,0.0,True,True,True
structured,4,1,1,10100008,21000008,0.125,3.0,0.5,0.5,0.014899999999999955,0.06886430887356765,0.006113936620030043,0.034432154436783824,0.034432154436783824,0.02980000005229007,2.6145119055853705e-11,0.014900000026145072,1.7547059769029385e-09,0.4327350486737881,0.014899999999999998,0.00907303697777099,0.0,True,True,True
structured,4,1,2,10100009,21000009,0.25,2.0,0.75,0.8660254037844386,0.06091299999999999,0.06886430887356765,0.006113936620030043,0.051648231655175736,0.05963824089856772,0.08121733243737495,0.020808666890656264,0.060912999328031195,0.34161290513775827,1.1793820887172046,0.06091299999999999,0.009941084447885929,0.0,True,False,False
structured,4,1,3,10100010,21000010,0.25,2.0,0.75,0.8660254037844386,0.04415499999999997,0.06886430887356765,0.006113936620030043,0.051648231655175736,0.05963824089856772,0.058873333728842465,0.014373333432210658,0.044155000296631865,0.3255199509050089,0.8549179493971507,0.044155,0.013720699982143758,0.0,True,True,True
structured,4,1,4,10100011,21000011,0.125,3.0,0.5,0.5,0.024700000000000027,0.06886430887356765,0.006113936620030043,0.034432154436783824,0.034432154436783824,0.049400000266427956,1.332139884513417e-10,0.024700000133214016,5.393278884669698e-09,0.7173527343042758,0.024699999999999986,0.009073036977770992,0.0,True,True,True
structured,4,1,5,10100012,21000012,0.5,1.0,0.875,1.0,0.05851594000000001,0.06886430887356765,0.006113936620030043,0.06025627026437169,0.06886430887356765,0.06687536034828855,0.03255756017414424,0.05851594030475249,0.5563878863459125,0.9711178612286556,0.05851594000000001,0.014521364815856665,0.0,True,True,True
structured,4,1,6,10100013,21000013,0.5,1.0,0.875,1.0,0.060917184999999985,0.06886430887356765,0.006113936620030043,0.06025627026437169,0.06886430887356765,0.06961963967636185,0.03388119012136429,0.06091718471681662,0.5561844350057262,1.0109683929912223,0.060917184999999985,0.009942098844258151,0.0,True,False,True
structured,4,1,7,10100014,21000014,0.25,2.0,0.75,0.8660254037844386,0.02717649999999997,0.06886430887356765,0.006113936620030043,0.051648231655175736,0.05963824089856772,0.03623533338025728,0.008885333345064379,0.027176500035192983,0.32694914154009486,0.5261845210235686,0.02717650000000001,0.010042524085109273,0.0,True,True,True
structured,4,1,8,10100015,21000015,0.25,2.0,0.75,0.8660254037844386,0.046580500000000066,0.06886430887356765,0.006113936620030043,0.051648231655175736,0.05963824089856772,0.062107333595130175,0.016153666797565015,0.04658050019634763,0.3467903263718722,0.9018798650714257,0.0465805,0.014437037992607753,0.0,True,True,True
structured,4,1,9,10100016,21000016,0.25,2.0,0.75,0.8660254037844386,0.027176499999999968,0.06886430887356765,0.006113936620030043,0.051648231655175736,0.05963824089856772,0.036235333748516306,0.008885333437129089,0.027176500311387207,0.32694914492775373,0.5261845263711722,0.027176500000000006,0.010042524085109273,0.0,True,True,True
structured,4,1,10,10100017,21000017,0.24999999999999997,2.0,0.75,0.8660254037844386,0.044154999999999944,0.06886430887356765,0.006113936620030043,0.051648231655175736,0.05963824089856772,0.058873333728843374,0.014373333432210901,0.04415500029663254,0.32551995090501457,0.8549179493971639,0.04415499999999995,0.008982306607993288,0.0,True,True,True
structured,4,1,11,10100018,21000018,0.25,2.0,0.75,0.8660254037844386,0.03445299999999992,0.06886430887356765,0.006113936620030043,0.051648231655175736,0.05963824089856772,0.04593733270133149,0.012968666824667074,0.03445299952599859,0.37641618508307273,0.6670702640125344,0.03445300000000001,0.013720699982143758,0.0,True,True,True
structured,4,1,12,10100019,21000019,0.5,1.0,0.875,1.0,0.07945528149999995,0.06886430887356765,0.006113936620030043,0.06025627026437169,0.06886430887356765,0.09080603596690734,0.040903527004136506,0.07945528147104394,0.5147993466505626,1.3186226283578029,0.07945528149999995,0.018914538380706582,0.0,False,False,False
structured,4,1,13,10100020,21000020,0.0625,4.0,0.0,0.0,0.0,0.06886430887356765,0.006113936620030043,0.0,0.0,0.9999999849124109,0.0,0.0,0.0,14.521310113608696,0.0,0.0,0.0,True,True,True
structured,4,1,14,10100021,21000021,0.25,2.0,0.75,0.8660254037844386,0.029601999999999955,0.06886430887356765,0.006113936620030043,0.051648231655175736,0.05963824089856772,0.039469332950601274,0.00973466676234963,0.029601999712950963,0.32885165739982586,0.5731464324003531,0.02960200000000001,0.0,0.0,True,True,True
structured,4,1,15,10100022,21000022,0.25,2.0,0.75,0.8660254037844386,0.03930399999999989,0.06886430887356765,0.006113936620030043,0.051648231655175736,0.05963824089856772,0.05240533321559074,0.013752666696102245,0.03930399991169302,0.3499050146575993,0.7609941067121578,0.039304,0.0,0.0,True,True,True
structured,4,1,16,10100023,21000023,0.125,3.0,0.5,0.5,0.029600000000000036,0.06886430887356765,0.006113936620030043,0.034432154436783824,0.034432154436783824,0.059199999795264004,1.0236799949381314e-10,0.029599999897632033,3.458378361277467e-09,0.8596615687228204,0.029599999999999994,0.014816207341961709,0.0,True,True,True
structured,4,1,17,10100024,21000024,0.25,2.0,0.75,0.8660254037844386,0.034355979999999925,0.06886430887356765,0.006113936620030043,0.051648231655175736,0.05963824089856772,0.04580797339119219,0.012903986695596226,0.03435598004339419,0.37559652484360084,0.6651917973255776,0.03435598000000001,0.013446285982500875,0.0,True,True,True
structured,4,1,18,10100025,21000025,0.5,1.0,0.875,1.0,0.04667949999999999,0.06886430887356765,0.006113936620030043,0.06025627026437169,0.06886430887356765,0.05334799990842633,0.019635000045786864,0.046679499919872997,0.4206343265413483,0.7746828622991236,0.04667949999999998,0.01922996957875907,0.0,True,True,True
structured,4,1,19,10100026,21000026,0.25,2.0,0.75,0.8660254037844386,0.03687850000000002,0.06886430887356765,0.006113936620030043,0.051648231655175736,0.05963824089856772,0.0491713335432534,0.012021333385813356,0.03687850015744007,0.32597132165932313,0.7140321938542964,0.03687850000000001,0.012435440402333959,0.0,True,True,True
structured,4,1,20,10100027,21000027,0.25,2.0,0.75,0.8660254037844386,0.09266499999999987,0.06886430887356765,0.006113936620030043,0.051648231655175736,0.05963824089856772,0.12355333339303262,0.03217666669651644,0.09266500004477449,0.3472364614095558,1.7941562968398046,0.09266499999999994,0.02008504817021854,0.0,False,False,False
structured,4,1,21,10100028,21000028,1.0,-0.0,0.9375,1.0,0.08944593580000001,0.06886430887356765,0.006113936620030043,0.06456028956896967,0.06886430887356765,0.0954089984934613,0.05332316565841329,0.08944593608761997,0.5961496761311013,1.3854636756556828,0.08944593579999999,0.014292667612681657,0.0,False,False,False
structured,4,1,22,10100029,21000029,0.125,3.0,0.5,0.5,0.02470000000000008,0.06886430887356765,0.006113936620030043,0.034432154436783824,0.034432154436783824,0.04940000026642756,1.332136692622221e-10,0.02470000013321375,5.393265962033266e-09,0.71735273430427,0.02469999999999998,0.009073036977770987,0.0,True,True,True
structured,4,1,23,10100030,21000030,0.125,3.0,0.5,0.5,0.06634999999999996,0.06886430887356765,0.006113936620030043,0.034432154436783824,0.034432154436783824,0.13270000097771656,4.888583357565146e-10,0.0663500004888583,7.367872430392086e-09,1.92697789534705,0.06634999999999996,0.01942421169571623,0.0,True,False,False
structured,4,1,24,10100031,21000031,0.5,1.0,0.875,1.0,0.07064343999999999,0.06886430887356765,0.006113936620030043,0.06025627026437169,0.06886430887356765,0.08073535904402063,0.030220680358492274,0.07064343916351803,0.42779174341583986,1.172383203500202,0.07064343999999997,0.024041055960901517,0.0,False,False,False
structured,4,1,25,10100032,21000032,0.25,2.0,0.75,0.8660254037844386,0.029601999999999955,0.06886430887356765,0.006113936620030043,0.051648231655175736,0.05963824089856772,0.03946933295060072,0.00973466676234978,0.029601999712950532,0.3288516573998309,0.573146432400345,0.029602000000000007,0.010371874276137356,0.0,True,True,True
structured,4,1,26,10100033,21000033,0.0625,4.0,0.0,0.0,0.0,0.06886430887356765,0.006113936620030043,0.0,0.0,0.9999999849124109,0.0,0.0,0.0,14.521310113608696,0.0,0.0,0.0,True,True,True
structured,4,1,27,10100034,21000034,0.5,1.0,0.875,1.0,0.110290663,0.06886430887356765,0.006113936620030043,0.06025627026437169,0.06886430887356765,0.12604647219120643,0.060713002095603194,0.11029066316730562,0.5504817945976369,1.8303599390305818,0.11029066299999998,0.026203920502013762,0.0,False,False,False
structured,4,1,28,10100035,21000035,0.25,2.0,0.75,0.8660254037844386,0.06598449999999999,0.06886430887356765,0.006113936620030043,0.051648231655175736,0.05963824089856772,0.08797933370763862,0.021429333426909662,0.06598450028072898,0.324763140236111,1.2775752076328168,0.06598449999999997,0.010042524085109276,0.0,True,False,False
structured,4,1,29,10100036,21000036,0.25,2.0,0.75,0.8660254037844386,0.06297688,0.06886430887356765,0.006113936620030043,0.051648231655175736,0.05963824089856772,0.08396917246459581,0.027084586883851042,0.06297687934844687,0.430071907084807,1.2193424117384253,0.06297687999999997,0.013564571768780597,0.0,True,False,False
structured,4,1,30,10100037,21000037,0.5,1.0,0.875,1.0,0.06812092000000002,0.06886430887356765,0.006113936620030043,0.06025627026437169,0.06886430887356765,0.07785247960156656,0.03817072009960835,0.06812091965137076,0.5603377068249862,1.1305200164645646,0.06812092000000003,0.010268155533375985,0.0,True,False,True
structured,4,1,31,10100038,21000038,0.0625,4.0,0.0,0.0,6.938893903907228e-17,0.06886430887356765,0.006113936620030043,0.0,0.0,0.9999999849124109,6.938893903907228e-17,0.0,0.0,14.521310113608696,1.0408340855860843e-16,7.417989609027187e-18,0.0,True,True,True
structured,4,1,32,10100039,21000039,0.25,2.0,0.75,0.8660254037844386,0.066303,0.06886430887356765,0.006113936620030043,0.051648231655175736,0.05963824089856772,0.08840400002127567,0.012348000005318929,0.06630300001595678,0.18623591700705744,1.2837419189609842,0.06630299999999997,0.029372500472380596,0.0,True,False,False
structured,4,1,33,10100040,21000040,0.125,3.0,0.5,0.5,0.04919999999999995,0.06886430887356765,0.006113936620030043,0.034432154436783824,0.034432154436783824,0.09839999920224511,3.9887740679867e-10,0.04919999960112255,8.107264365826634e-09,1.428896925153259,0.049199999999999994,0.014816207341961703,0.0,True,False,False
structured,4,1,34,10100041,21000041,1.0,-0.0,0.9375,1.0,0.11321826129999994,0.06886430887356765,0.006113936620030043,0.06456028956896967,0.06886430887356765,0.12076614619471913,0.07312979897169952,0.11321826205754923,0.6459187602071006,1.753682686577765,0.11321826129999996,0.021502348832412133,0.0,False,False,False
structured,4,1,35,10100042,21000042,0.5,1.0,0.875,1.0,0.11071367999999995,0.06886430887356765,0.006113936620030043,0.06025627026437169,0.06886430887356765,0.12652991939258115,0.05234866022778201,0.11071367946850852,0.47282919534227413,1.8373802258712195,0.11071367999999997,0.02437411856145777,0.0,False,False,False
structured,4,1,36,10100043,21000043,0.5,1.0,0.875,1.0,0.12815204499999988,0.06886430887356765,0.006113936620030043,0.06025627026437169,0.06886430887356765,0.14645947978367774,0.07559272005408041,0.12815204481071807,0.589867450449819,2.1267835571046243,0.12815204499999994,0.019037669882971474,0.0,False,False,False
structured,4,1,37,10100044,21000044,0.125,3.0,0.5,0.5,0.038815920000000004,0.06886430887356765,0.006113936620030043,0.034432154436783824,0.034432154436783824,0.07763184003583153,1.791577303178471e-11,0.03881592001791577,4.615573463616142e-10,1.127316040858854,0.038815920000000004,0.01006176571192155,0.0,True,False,False
structured,4,1,38,10100045,21000045,0.25,2.0,0.75,0.8660254037844386,0.09754049999999995,0.06886430887356765,0.006113936620030043,0.051648231655175736,0.05963824089856772,0.13005400003905213,0.029204000009763035,0.09754050002928907,0.2994038374804625,1.8885544945760875,0.09754049999999996,0.020770039239250353,0.0,False,False,False
structured,4,1,39,10100046,21000046,0.125,3.0,0.5,0.5,0.03449999999999998,0.06886430887356765,0.006113936620030043,0.034432154436783824,0.034432154436783824,0.06900000032962156,1.6481081083208338e-10,0.03450000016481079,4.777124951654593e-09,1.0019704177428548,0.03449999999999997,0.01385929291125631,0.0,True,False,False
structured,4,1,40,10100047,21000047,0.25,2.0,0.75,0.8660254037844386,0.09191578999999991,0.06886430887356765,0.006113936620030043,0.051648231655175736,0.05963824089856772,0.12255438662722819,0.017539386686385806,0.09191578997042114,0.19082017014036243,1.779650280847711,0.09191578999999994,0.03201764100113559,0.0,False,False,False
structured,4,1,41,10100048,21000048,0.125,3.0,0.5,0.5,0.03939999999999999,0.06886430887356765,0.006113936620030043,0.034432154436783824,0.034432154436783824,0.07880000025801569,1.2900788076697367e-10,0.03940000012900788,3.2743116945932412e-09,1.1442792579635062,0.039399999999999984,0.020953281365934065,0.0,True,False,False
structured,4,1,42,10100049,21000049,0.25,2.0,0.75,0.8660254037844386,0.07568649999999993,0.06886430887356765,0.006113936620030043,0.051648231655175736,0.05963824089856772,0.10091533262198146,0.025757666844504576,0.07568649946648609,0.34032049103214707,1.465422862331463,0.07568649999999998,0.024185600716128575,0.0,False,False,False
structured,4,1,43,10100050,21000050,0.5,1.0,0.875,1.0,0.08733088,0.06886430887356765,0.006113936620030043,0.06025627026437169,0.06886430887356765,0.099806720360934,0.051698080225583753,0.08733088031581726,0.591979380324391,1.4493243596501564,0.08733088000000001,0.017784967083826715,0.0,False,False,False
structured,4,1,44,10100051,21000051,0.25,2.0,0.75,0.8660254037844386,0.05104390999999993,0.06886430887356765,0.006113936620030043,0.051648231655175736,0.05963824089856772,0.06805854651896058,0.019129273370259763,0.05104390988922046,0.37476112958940233,0.9882992747943435,0.051043910000000005,0.021505262238866084,0.0,True,True,True
structured,4,1,45,10100052,21000052,0.25,2.0,0.75,0.8660254037844386,0.08451580999999997,0.06886430887356765,0.006113936620030043,0.051648231655175736,0.05963824089856772,0.11268774558979706,0.031643873602550714,0.0845158091923478,0.37441365825578343,1.6363737244018182,0.08451580999999997,0.03301992056151558,0.0,False,False,False
structured,4,1,46,10100053,21000053,1.0,-0.0,0.9375,1.0,0.11823856119999993,0.06886430887356765,0.006113936620030043,0.06456028956896967,0.06886430887356765,0.1261211320016463,0.0639407703509261,0.11823856125154342,0.5407776422682496,1.8314440973073596,0.11823856119999995,0.02591445125854293,0.0,False,False,False
structured,4,1,47,10100054,21000054,0.5,1.0,0.875,1.0,0.07302043,0.06886430887356765,0.006113936620030043,0.06025627026437169,0.06886430887356765,0.08345192020615308,0.03094882010307653,0.07302043018038396,0.4238378232376409,1.2118312311732882,0.07302042999999997,0.01988446819237567,0.0,False,False,False
structured,4,1,48,10100055,21000055,0.125,3.0,0.5,0.5,0.01490000000000001,0.06886430887356765,0.006113936620030043,0.034432154436783824,0.034432154436783824,0.02980000005229016,2.6145028850232954e-11,0.01490000002614504,1.7546999228344252e-09,0.4327350486737893,0.014899999999999998,0.00907303697777099,0.0,True,True,True
structured,4,1,49,10100056,21000056,0.25,2.0,0.75,0.8660254037844386,0.07847949999999995,0.06886430887356765,0.006113936620030043,0.051648231655175736,0.05963824089856772,0.10463933311019782,0.01091066672245051,0.07847949983264835,0.1390256910715603,1.51950022909998,0.07847949999999995,0.014816369393343286,0.0,False,False,False
structured,4,2,0,10200007,22000007,0.25,2.0,0.75,0.8660254037844386,0.049005999999999994,0.09848946047135021,0.010774707892823077,0.07386709535351266,0.08529437477321257,0.06534133366363423,0.01777066683181714,0.0490060002477257,0.3626222673104751,0.6634347812539952,0.049005999999999994,0.010371874276137356,0.0,True,True,True
structured,4,2,1,10200008,22000008,0.5,1.0,0.875,1.0,0.06327138019999994,0.09848946047135021,0.010774707892823077,0.08617827791243143,0.09848946047135021,0.07231014894963736,0.02162970605611407,0.06327138033093271,0.34185608070730994,0.7341917460363365,0.0632713802,0.024547929182879923,0.0,True,True,True
structured,4,2,2,10200009,22000009,0.125,3.0,0.5,0.5,0.022249999999999992,0.09848946047135021,0.010774707892823077,0.049244730235675105,0.049244730235675105,0.044499999936639625,3.168014288401633e-11,0.02224999996831985,1.4238266464726444e-09,0.451824994508771,0.022249999999999985,0.01014396372233259,0.0,True,True,True
structured,4,2,3,10200010,22000010,0.125,3.0,0.5,0.5,0.01490000000000001,0.09848946047135021,0.010774707892823077,0.049244730235675105,0.049244730235675105,0.02980000005229016,2.6145028850232954e-11,0.01490000002614504,1.7546999228344252e-09,0.3025704467226596,0.014899999999999998,0.00907303697777099,0.0,True,True,True
structured,4,2,4,10200011,22000011,0.5,1.0,0.875,1.0,0.044229990000000025,0.09848946047135021,0.010774707892823077,0.08617827791243143,0.09848946047135021,0.050548559765954564,0.01616020011702277,0.04422998979521022,0.3653674829459098,0.513238264521296,0.04422998999999999,0.020025427983461425,0.0,True,True,True
structured,4,2,5,10200012,22000012,0.125,3.0,0.5,0.5,0.03410995999999994,0.09848946047135021,0.010774707892823077,0.049244730235675105,0.049244730235675105,0.06821991988838899,5.580542972172253e-11,0.03410995994419451,1.6360450062598324e-09,0.6926621342212917,0.034109959999999995,0.00871374471345128,0.0,True,True,True
structured,4,2,6,10200013,22000013,0.125,3.0,0.5,0.5,0.01980000000000002,0.09848946047135021,0.010774707892823077,0.049244730235675105,0.049244730235675105,0.039599999857110435,7.14448170763271e-11,0.019799999928555204,3.6083240947639917e-09,0.4020734773811636,0.01979999999999999,0.010476640682967024,0.0,True,True,True
structured,4,2,7,10200014,22000014,0.25,2.0,0.75,0.8660254037844386,0.04180300000000002,0.09848946047135021,0.010774707892823077,0.07386709535351266,0.08529437477321257,0.05573733333923026,0.010518666669615123,0.041803000004422705,0.25162468410437333,0.5659218059727701,0.04180299999999999,0.016248168635264695,0.0,True,True,True
structured,4,2,8,10200015,22000015,0.24999999999999997,2.0,0.75,0.8660254037844386,0.027249999999999948,0.09848946047135021,0.010774707892823077,0.07386709535351266,0.08529437477321257,0.03633333315534464,0.0016333334223276443,0.027249999866508466,0.05993884118633568,0.3689057994780438,0.027249999999999976,0.010143963722332587,0.0,True,True,True
structured,4,2,9,10200016,22000016,0.125,3.0,0.5,0.5,0.022249999999999992,0.09848946047135021,0.010774707892823077,0.049244730235675105,0.049244730235675105,0.044499999936639646,3.168013421039895e-11,0.022249999968319854,1.4238262566471443e-09,0.45182499450877117,0.022249999999999985,0.010143963722332588,0.0,True,True,True
structured,4,2,10,10200017,22000017,0.5,1.0,0.875,1.0,0.05592405069999997,0.09848946047135021,0.010774707892823077,0.08617827791243143,0.09848946047135021,0.06391320032771149,0.030984781977108123,0.05592405028674759,0.5540511030455121,0.6489344141173696,0.0559240507,0.015835196330595658,0.0,True,True,True
structured,4,2,11,10200018,22000018,0.25,2.0,0.75,0.8660254037844386,0.08931781000000001,0.09848946047135021,0.010774707892823077,0.07386709535351266,0.08529437477321257,0.11909041375189634,0.034845206875948144,0.08931781031392226,0.39012607760924883,1.2091691149687918,0.08931781,0.01869406260070827,0.0,True,False,False
structured,4,2,12,10200019,22000019,0.25,2.0,0.75,0.8660254037844386,0.051308999999999966,0.09848946047135021,0.010774707892823077,0.07386709535351266,0.08529437477321257,0.06841199981889338,0.00960400004527662,0.051308999864170035,0.18717963798313408,0.6946123929554258,0.05130899999999998,0.0067910535265155985,0.0,True,True,True
structured,4,2,13,10200020,22000020,0.25,2.0,0.75,0.8660254037844386,0.02960199999999995,0.09848946047135021,0.010774707892823077,0.07386709535351266,0.08529437477321257,0.0394693329506015,0.009734666762349546,0.02960199971295116,0.328851657399823,0.40074676784408636,0.02960200000000001,0.010371874276137361,0.0,True,True,True
structured,4,2,14,10200021,22000021,0.25,2.0,0.75,0.8660254037844386,0.029601999999999955,0.09848946047135021,0.010774707892823077,0.07386709535351266,0.08529437477321257,0.039469333157066626,0.009669333421466687,0.029601999867799926,0.32664459906312754,0.4007467699404033,0.029602000000000007,0.010371874276137356,0.0,True,True,True
structured,4,2,15,10200022,22000022,0.25,2.0,0.75,0.8660254037844386,0.022325500000000026,0.09848946047135021,0.010774707892823077,0.07386709535351266,0.08529437477321257,0.029767333203810937,0.00731733339809453,0.02232549990285823,0.3277567534028139,0.3022387681011819,0.022325500000000036,0.006860349991071869,0.0,True,True,True
structured,4,2,16,10200023,22000023,0.25,2.0,0.75,0.8660254037844386,0.024750999999999985,0.09848946047135021,0.010774707892823077,0.07386709535351266,0.08529437477321257,0.033001333731188215,0.008101333432797075,0.024751000298391165,0.3273133785623643,0.3350747742271168,0.02475100000000001,0.008982306607993283,0.0,True,True,True
structured,4,2,17,10200024,22000024,0.25,2.0,0.75,0.8660254037844386,0.04415499999999996,0.09848946047135021,0.010774707892823077,0.07386709535351266,0.08529437477321257,0.05887333250107631,0.019436666874730876,0.04415499937580724,0.4401917534759573,0.5977627679075579,0.044155,0.008982306607993287,0.0,True,True,True
structured,4,2,18,10200025,22000025,0.12500000000000003,2.9999999999999996,0.5,0.5000000000000001,0.010000000000000004,0.09848946047135021,0.010774707892823077,0.049244730235675105,0.04924473023567512,0.02000000003351034,1.675516171119329e-11,0.010000000016755165,1.6755161711193283e-09,0.2030674138917451,0.010000000000000068,6.556638444143087e-18,0.0,True,True,True
structured,4,2,19,10200026,22000026,0.0625,4.0,2.7755575615628914e-17,0.0,8.673617379884035e-17,0.09848946047135021,0.010774707892823077,2.7336316674550556e-18,0.0,0.9999999849124109,1.1449174941446927e-16,2.7755575615628914e-17,0.0,10.153370524385224,1.5525775109992423e-16,6.540226307153217e-17,0.0,True,True,True
structured,4,2,20,10200027,22000027,0.12500000000000006,2.9999999999999996,0.5,0.5000000000000002,0.02460200000000009,0.09848946047135021,0.010774707892823077,0.049244730235675105,0.049244730235675126,0.049203999846306225,7.684701312793418e-11,0.024601999923153074,3.1236083703737054e-09,0.4995864492588958,0.02460200000000009,0.008891576238215557,0.0,True,True,True
structured,4,2,21,10200028,22000028,0.125,3.0,0.5,0.5,0.022201000000000012,0.09848946047135021,0.010774707892823077,0.049244730235675105,0.049244730235675105,0.04440200016774903,8.387448721669521e-11,0.022201000083874503,3.7779598764332765e-09,0.45082996652890805,0.022201000000000012,0.006791053526515581,0.0,True,True,True
structured,4,2,22,10200029,22000029,0.25,2.0,0.75,0.8660254037844386,0.039304,0.09848946047135021,0.010774707892823077,0.07386709535351266,0.08529437477321257,0.05240533400188554,0.012805333500471368,0.039304000501414145,0.32580229748807676,0.5320907816032745,0.039304,0.014668045268542077,0.0,True,True,True
structured,4,2,23,10200030,22000030,0.125,3.0,0.5,0.5,0.04822784000000001,0.09848946047135021,0.010774707892823077,0.049244730235675105,0.049244730235675105,0.09645567864505666,6.774716482249588e-10,0.04822783932252836,1.4047314750670124e-08,0.9793502592403259,0.04822784,0.010061765711921536,0.0,True,True,True
structured,4,2,24,10200031,22000031,0.5,1.0,0.875,1.0,0.07964738110000001,0.09848946047135021,0.010774707892823077,0.08617827791243143,0.09848946047135021,0.09102557818323595,0.035124709281286484,0.0796473809103315,0.4410026895571897,0.9242164364349884,0.0796473811,0.01581820859518101,0.0,True,True,True
structured,4,2,25,10200032,22000032,0.5,1.0,0.875,1.0,0.05128795000000004,0.09848946047135021,0.010774707892823077,0.08617827791243143,0.09848946047135021,0.05861480037913563,0.021563500142175784,0.05128795033174364,0.4204398916738877,0.5951377954414341,0.05128795000000002,0.014148297232755585,0.0,True,True,True
structured,4,2,26,10200033,22000033,0.5,1.0,0.875,1.0,0.046462175199999976,0.09848946047135021,0.010774707892823077,0.08617827791243143,0.09848946047135021,0.053099629031420056,0.023488194915710046,0.04646217540249255,0.5055336908916408,0.5391402163977363,0.04646217519999998,0.020240776613658466,0.0,True,True,True
structured,4,2,27,10200034,22000034,0.125,3.0,0.5,0.5,0.029403999999999993,0.09848946047135021,0.010774707892823077,0.049244730235675105,0.049244730235675105,0.05880799980156125,9.921933934176064e-11,0.029403999900780655,3.374348365588378e-09,0.5970994207920148,0.029404000000000003,0.01778315247643114,0.0,True,True,True
structured,4,2,28,10200035,22000035,0.25,2.0,0.75,0.8660254037844386,0.04386393999999996,0.09848946047135021,0.010774707892823077,0.07386709535351266,0.08529437477321257,0.05848525291665381,0.01924262677083651,0.04386393968749036,0.43868897255550976,0.5938224520345169,0.043863940000000004,0.022152876394147994,0.0,True,True,True
structured,4,2,29,10200036,22000036,0.12500000000000003,2.9999999999999996,0.5,0.5000000000000001,0.036949999999999955,0.09848946047135021,0.010774707892823077,0.049244730235675105,0.04924473023567512,0.07390000001429634,7.148181352389926e-12,0.03695000000714813,1.934555169794299e-10,0.7503340932179565,0.03695000000000001,0.023279604807642205,0.0,True,True,True
structured,4,2,30,10200037,22000037,0.125,3.0,0.5,0.5,0.02715,0.09848946047135021,0.010774707892823077,0.049244730235675105,0.049244730235675105,0.054299999682731755,1.5863410932070998e-10,0.027149999841365888,5.8428769547222826e-09,0.5513280245709863,0.027149999999999994,0.01635665002376709,0.0,True,True,True
structured,4,2,31,10200038,22000038,0.25,2.0,0.75,0.8660254037844386,0.06773085999999996,0.09848946047135021,0.010774707892823077,0.07386709535351266,0.08529437477321257,0.09030781179965756,0.03025390705008557,0.06773085884974317,0.44667832432787047,0.9169286882826145,0.06773085999999998,0.014521735216316254,0.0,True,True,True
structured,4,2,32,10200039,22000039,0.25,2.0,0.75,0.8660254037844386,0.03697650000000004,0.09848946047135021,0.010774707892823077,0.07386709535351266,0.08529437477321257,0.04930200017644522,0.0024010000882226145,0.03697650013233396,0.06493313559213587,0.5005814829373217,0.036976499999999995,0.012501243538144498,0.0,True,True,True
structured,4,2,33,10200040,22000040,0.25,2.0,0.75,0.8660254037844386,0.03675746999999993,0.09848946047135021,0.010774707892823077,0.07386709535351266,0.08529437477321257,0.04900996019250145,0.012054980096250827,0.03675747014437611,0.3279600063946417,0.49761629272766755,0.03675747,0.014209488565968844,0.0,True,True,True
structured,4,2,34,10200041,22000041,0.125,3.0,0.5,0.5,0.022250000000000048,0.09848946047135021,0.010774707892823077,0.049244730235675105,0.049244730235675105,0.04449999993663983,3.1680148088186755e-11,0.022249999968319903,1.423826880367941e-09,0.451824994508773,0.022249999999999985,0.01014396372233259,0.0,True,True,True
structured,4,2,35,10200042,22000042,0.125,3.0,0.5,0.5,0.01490000000000001,0.09848946047135021,0.010774707892823077,0.049244730235675105,0.049244730235675105,0.02980000005229016,2.6145028850232954e-11,0.01490000002614504,1.7546999228344252e-09,0.3025704467226596,0.014899999999999998,0.00907303697777099,0.0,True,True,True
structured,4,2,36,10200043,22000043,0.0625,4.0,0.0,0.0,0.0,0.09848946047135021,0.010774707892823077,0.0,0.0,0.9999999849124109,0.0,0.0,0.0,10.153370524385224,0.0,0.0,0.0,True,True,True
structured,4,2,37,10200044,22000044,0.25,2.0,0.75,0.8660254037844386,0.054053000000000004,0.09848946047135021,0.010774707892823077,0.07386709535351266,0.08529437477321257,0.07207066664343674,0.005814666678281601,0.05405299998257759,0.10757343123011859,0.7317601934107612,0.054052999999999976,0.008982306607993285,0.0,True,True,True
structured,4,2,38,10200045,22000045,0.5,1.0,0.875,1.0,0.08192832130000002,0.09848946047135021,0.010774707892823077,0.08617827791243143,0.09848946047135021,0.09363236713239638,0.03681618362535133,0.08192832124084688,0.44937065768185486,0.9506841309140208,0.08192832129999997,0.016664867285053543,0.0,True,True,True
structured,4,2,39,10200046,22000046,0.25,2.0,0.75,0.8660254037844386,0.06735442240000006,0.09848946047135021,0.010774707892823077,0.07386709535351266,0.08529437477321257,0.08980589600857626,0.02158401679571194,0.06735442200643217,0.3204543373192362,0.9118325512068377,0.0673544224,0.014234249010151545,0.0,True,True,True
structured,4,2,40,10200047,22000047,0.125,3.0,0.5,0.5,0.02220100000000004,0.09848946047135021,0.010774707892823077,0.049244730235675105,0.049244730235675105,0.044402000167749055,8.387452191116473e-11,0.022201000083874566,3.77796143917682e-09,0.45082996652890833,0.02220100000000004,0.006791053526515581,0.0,True,True,True
structured,4,2,41,10200048,22000048,0.125,3.0,0.5,0.5,0.0646987,0.09848946047135021,0.010774707892823077,0.049244730235675105,0.049244730235675105,0.12939739935044275,3.247786276028286e-10,0.06469869967522136,5.019863267775529e-09,1.3138197603192618,0.06469869999999997,0.01570892668282589,0.0,True,False,False
structured,4,2,42,10200049,22000049,0.25,2.0,0.75,0.8660254037844386,0.06130499999999996,0.09848946047135021,0.010774707892823077,0.07386709535351266,0.08529437477321257,0.08173999957385565,0.013720000106536016,0.061304999680391783,0.22379903933669398,0.8299365148581879,0.06130499999999998,0.016298417346478734,0.0,True,True,True
structured,4,2,43,10200050,22000050,0.0625,4.0,0.0,0.0,0.0,0.09848946047135021,0.010774707892823077,0.0,0.0,0.9999999849124109,0.0,0.0,0.0,10.153370524385224,0.0,0.0,0.0,True,True,True
structured,4,2,44,10200051,22000051,0.25,2.0,0.75,0.8660254037844386,0.06540385000000001,0.09848946047135021,0.010774707892823077,0.07386709535351266,0.08529437477321257,0.08720513325536669,0.02109613337231666,0.06540384994152504,0.3225518585269316,0.8854260429290701,0.06540384999999996,0.023763758366739843,0.0,True,True,True
structured,4,2,45,10200052,22000052,0.125,3.0,0.5,0.5,0.05409999999999995,0.09848946047135021,0.010774707892823077,0.049244730235675105,0.049244730235675105,0.10820000071960204,3.598010639427329e-10,0.05410000035980101,6.650666616316697e-09,1.098594714620013,0.05409999999999998,0.00907303697777096,0.0,True,False,False
structured,4,2,46,10200053,22000053,0.25,2.0,0.75,0.8660254037844386,0.09589557000000001,0.09848946047135021,0.010774707892823077,0.07386709535351266,0.08529437477321257,0.1278607589053138,0.032125380273671574,0.09589556917898534,0.33500379917103124,1.2982176802817136,0.09589557,0.01748694870236657,0.0,True,False,False
structured,4,2,47,10200054,22000054,0.25,2.0,0.75,0.8660254037844386,0.08810799999999991,0.09848946047135021,0.010774707892823077,0.07386709535351266,0.08529437477321257,0.11747733431795883,0.017411333579489773,0.08810800073846912,0.19761353769793652,1.1927909215436512,0.08810799999999994,0.010476640682967017,0.0,True,False,False
structured,4,2,48,10200055,22000055,0.5,1.0,0.875,1.0,0.08269817499999997,0.09848946047135021,0.010774707892823077,0.08617827791243143,0.09848946047135021,0.09451219946040763,0.039632950134898016,0.08269817452785673,0.47924818334743213,0.959617394674433,0.08269817499999996,0.013730668369755313,0.0,True,True,True
structured,4,2,49,10200056,22000056,0.125,3.0,0.5,0.5,0.031804999999999986,0.09848946047135021,0.010774707892823077,0.049244730235675105,0.049244730235675105,0.06360999983593639,8.203175638765714e-11,0.03180499991796823,2.5792094446677308e-09,0.645855907134754,0.031804999999999986,0.014291209326015734,0.0,True,True,True
structured,4,4,0,10400007,24000007,0.5,1.0,0.875,1.0,0.14571756499999994,0.1549420775552114,0.019669657714313133,0.13557431786080998,0.1549420775552114,0.16653435973589156,0.0427583100990406,0.14571756476890516,0.2934327793567002,1.0748168758518772,0.14571756499999994,0.020640408393406345,0.0,True,False,True
structured,4,4,1,10400008,24000008,0.125,3.0,0.5,0.5,0.10940531999999993,0.1549420775552114,0.019669657714313133,0.0774710387776057,0.0774710387776057,0.2188106389343447,5.328275806681937e-10,0.10940531946717236,4.870216372185503e-09,1.4122092745037231,0.10940531999999996,0.03141785336565181,0.0,True,False,False
structured,4,4,2,10400009,24000009,0.125,3.0,0.5,0.5,0.0589999999999999,0.1549420775552114,0.019669657714313133,0.0774710387776057,0.0774710387776057,0.11800000015669233,7.834626697400537e-11,0.05900000007834616,1.32790283006789e-09,0.7615749189541151,0.05899999999999995,0.029632414683923396,0.0,True,True,True
structured,4,4,3,10400010,24000010,0.25,2.0,0.75,0.8660254037844386,0.16574849999999997,0.1549420775552114,0.019669657714313133,0.11620655816640854,0.13418377527795175,0.22099800099808334,0.03434900049904169,0.1657485007485625,0.20723566426870646,1.4263265633529012,0.16574850000000002,0.041507260111937054,0.0,False,False,False
structured,4,4,4,10400011,24000011,0.25,2.0,0.75,0.8660254037844386,0.1377596999999999,0.1549420775552114,0.019669657714313133,0.11620655816640854,0.13418377527795175,0.18367959785937238,0.009613800535156813,0.13775969839452928,0.06978674122516831,1.185472666673911,0.13775969999999996,0.028922110035832435,0.0,True,False,False
structured,4,4,5,10400012,24000012,0.25,2.0,0.75,0.8660254037844386,0.10501299999999993,0.1549420775552114,0.019669657714313133,0.11620655816640854,0.13418377527795175,0.1400173338520801,0.012217333463020032,0.10501300038906004,0.11634115264795826,0.9036753350760185,0.10501299999999991,0.023062118029357138,0.0,True,True,True
structured,4,4,6,10400013,24000013,0.12500000000000003,2.9999999999999996,0.5,0.5000000000000001,0.04430000000000007,0.1549420775552114,0.019669657714313133,0.0774710387776057,0.07747103877760571,0.08859999992889983,3.555016697687208e-11,0.0442999999644499,8.024868392070434e-10,0.5718265904710649,0.04430000000000006,0.025122101822896894,0.0,True,True,True
structured,4,4,7,10400014,24000014,0.0625,4.0,0.0,0.0,0.0,0.1549420775552114,0.019669657714313133,0.0,0.0,0.9999999849124109,0.0,0.0,0.0,6.454024630953301,0.0,0.0,0.0,True,True,True
structured,4,4,8,10400015,24000015,0.5,1.0,0.875,1.0,0.19686817499999995,0.1549420775552114,0.019669657714313133,0.13557431786080998,0.1549420775552114,0.2249922006319517,0.039980920315975936,0.19686817555295774,0.20308473076451258,1.45210522655977,0.19686817499999998,0.03778967838722369,0.0,False,False,False
structured,4,4,9,10400016,24000016,0.125,3.0,0.5,0.5,0.12784499999999996,0.1549420775552114,0.019669657714313133,0.0774710387776057,0.0774710387776057,0.25568999944697757,2.7651120282357056e-10,0.12784499972348876,2.1628628638082887e-09,1.6502295792172148,0.12784499999999993,0.028926107377246574,0.0,True,False,False
structured,4,4,10,10400017,24000017,0.0625,4.0,0.0,0.0,0.0,0.1549420775552114,0.019669657714313133,0.0,0.0,0.9999999849124109,0.0,0.0,0.0,6.454024630953301,0.0,0.0,0.0,True,True,True
structured,4,4,11,10400018,24000018,0.125,3.0,0.5,0.5,0.029599999999999974,0.1549420775552114,0.019669657714313133,0.0774710387776057,0.0774710387776057,0.059199999795263934,1.02368009902154e-10,0.029599999897631964,3.4583787129106112e-09,0.38207826259570365,0.029599999999999974,0.02095328136593404,0.0,True,True,True
structured,4,4,12,10400019,24000019,0.5,1.0,0.875,1.0,0.17748356919999989,0.1549420775552114,0.019669657714313133,0.13557431786080998,0.1549420775552114,0.2028383651679408,0.06936918258397044,0.17748356952194821,0.39084847626543273,1.3091238246477124,0.17748356919999986,0.04022960303540225,0.0,False,False,False
structured,4,4,13,10400020,24000020,0.25,2.0,0.75,0.8660254037844386,0.15611705999999997,0.1549420775552114,0.019669657714313133,0.11620655816640854,0.13418377527795175,0.20815607873170186,0.062228040317074504,0.15611705904877637,0.39859859208900367,1.3434444794863967,0.15611705999999997,0.04764580355478122,0.0,False,False,False
structured,4,4,14,10400021,24000021,0.25,2.0,0.75,0.8660254037844386,0.14122399999999993,0.1549420775552114,0.019669657714313133,0.11620655816640854,0.13418377527795175,0.1882986662465211,0.04249933343836966,0.14122399968489086,0.3009356301929536,1.2152842482664115,0.14122399999999996,0.02701775120175621,0.0,True,False,False
structured,4,4,15,10400022,24000022,0.125,3.0,0.5,0.5,0.13024599999999997,0.1549420775552114,0.019669657714313133,0.0774710387776057,0.0774710387776057,0.26049199993622724,3.1886368545563926e-11,0.1302459999681136,2.448164899157282e-10,1.6812218091202802,0.13024599999999995,0.024619659786438958,0.0,True,False,False
structured,4,4,16,10400023,24000023,0.125,3.0,0.5,0.5,0.11103799999999989,0.1549420775552114,0.019669657714313133,0.0774710387776057,0.0774710387776057,0.2220759987447003,6.276497446777718e-10,0.11103799937235015,5.652567091245992e-09,1.4332839874666499,0.11103799999999991,0.030370514648257088,0.0,True,False,False
structured,4,4,17,10400024,24000024,0.125,3.0,0.5,0.5,0.11411127999999995,0.1549420775552114,0.019669657714313133,0.0774710387776057,0.0774710387776057,0.2282225610717134,5.358567548019444e-10,0.11411128053585672,4.69591397802167e-09,1.4729540527194078,0.11411127999999998,0.022498792105533117,0.0,True,False,False
structured,4,4,18,10400025,24000025,0.125,3.0,0.5,0.5,0.056549999999999934,0.1549420775552114,0.019669657714313133,0.0774710387776057,0.0774710387776057,0.11310000003792364,1.8961887615631667e-11,0.05655000001896182,3.353118941756267e-10,0.7299501970187671,0.05654999999999999,0.027594564682197825,0.0,True,True,True
structured,4,4,19,10400026,24000026,0.5,1.0,0.875,1.0,0.1670085549999999,0.1549420775552114,0.019669657714313133,0.13557431786080998,0.1549420775552114,0.19086691878006676,0.06338346045747488,0.16700855393255842,0.3795222373936169,1.2318598136265086,0.16700855499999995,0.02404998965635119,0.0,False,False,False
structured,4,4,20,10400027,24000027,0.0625,4.0,0.0,0.0,0.0,0.1549420775552114,0.019669657714313133,0.0,0.0,0.9999999849124109,0.0,0.0,0.0,6.454024630953301,0.0,0.0,0.0,True,True,True
structured,4,4,21,10400028,24000028,0.5,1.0,0.875,1.0,0.17933303499999995,0.1549420775552114,0.019669657714313133,0.13557431786080998,0.1549420775552114,0.20495204117633017,0.05170305044112376,0.17933303602928888,0.2883074523392959,1.3227655418735331,0.17933303499999992,0.030492870016398905,0.0,False,False,False
structured,4,4,22,10400029,24000029,0.25,2.0,0.75,0.8660254037844386,0.12762062000000002,0.1549420775552114,0.019669657714313133,0.11620655816640854,0.13418377527795175,0.17016082935790677,0.03373682733947668,0.12762062201843005,0.2643524795560206,1.098222200468897,0.12762062000000002,0.03136532387059314,0.0,True,False,True
structured,4,4,23,10400030,24000030,0.25,2.0,0.75,0.8660254037844386,0.17498988039999994,0.1549420775552114,0.019669657714313133,0.11620655816640854,0.13418377527795175,0.2333198384327959,0.07480992079180097,0.17498987882459693,0.4275099829818559,1.5058520068549857,0.17498988039999988,0.02939862717584684,0.0,False,False,False
structured,4,4,24,10400031,24000031,0.125,3.0,0.5,0.5,0.10143399999999986,0.1549420775552114,0.019669657714313133,0.0774710387776057,0.0774710387776057,0.2028679983746177,8.126910533423626e-10,0.1014339991873088,8.012018192542576e-09,1.3093150780963847,0.1014339999999999,0.03519387264851652,0.0,True,False,False
structured,4,4,25,10400032,24000032,0.12499999999999999,3.0,0.5,0.49999999999999994,0.09903299999999993,0.1549420775552114,0.019669657714313133,0.0774710387776057,0.07747103877760568,0.19806599974737876,1.263105262744313e-10,0.09903299987368938,1.2754387555100965e-09,1.2783228602107828,0.09903299999999995,0.02162804716103605,0.0,True,False,False
structured,4,4,26,10400033,24000033,0.125,3.0,0.5,0.5,0.039399999999999866,0.1549420775552114,0.019669657714313133,0.0774710387776057,0.0774710387776057,0.078800000258015,1.2900766566126265e-10,0.03940000012900753,3.274306235057439e-09,0.5085771502575583,0.03939999999999995,0.02566242389175265,0.0,True,True,True
structured,4,4,27,10400034,24000034,0.0625,4.0,0.0,0.0,1.0408340855860843e-16,0.1549420775552114,0.019669657714313133,0.0,0.0,0.9999999849124109,1.0408340855860843e-16,0.0,0.0,6.454024630953301,1.0234868508263162e-16,1.1581332565128723e-17,0.0,True,True,True
structured,4,4,28,10400035,24000035,0.06249999999999999,4.0,2.7755575615628914e-17,0.0,9.71445146547012e-17,0.1549420775552114,0.019669657714313133,4.300506549626309e-18,0.0,0.5000000075271275,8.326672684688674e-17,1.3877787807814457e-17,0.0,3.2270124127447537,9.8879238130678e-17,4.9065389333867974e-18,0.0,True,True,True
structured,4,4,29,10400036,24000036,0.125,3.0,0.5,0.5,0.09293446000000002,0.1549420775552114,0.019669657714313133,0.0774710387776057,0.0774710387776057,0.18586892178054384,8.902718978687219e-10,0.09293446089027191,9.579567125786513e-09,1.1996026173994738,0.09293445999999998,0.03008030447978876,0.0,True,False,False
structured,4,4,30,10400037,24000037,0.0625,4.0,0.0,0.0,0.0,0.1549420775552114,0.019669657714313133,0.0,0.0,0.9999999849124109,0.0,0.0,0.0,6.454024630953301,0.0,0.0,0.0,True,True,True
structured,4,4,31,10400038,24000038,0.125,3.0,0.5,0.5,0.09819999999999983,0.1549420775552114,0.019669657714313133,0.0774710387776057,0.0774710387776057,0.1963999986957824,6.521086032273971e-10,0.09819999934789123,6.640617140808535e-09,1.267570448226358,0.09819999999999988,0.03474708620877439,0.0,True,False,False
structured,4,4,32,10400039,24000039,0.125,3.0,0.5,0.5,0.034500000000000045,0.1549420775552114,0.019669657714313133,0.0774710387776057,0.0774710387776057,0.0690000003296214,1.648106581764175e-10,0.034500000164810696,4.777120526852675e-09,0.4453277083820839,0.03449999999999999,0.013859292911256338,0.0,True,True,True
structured,4,4,33,10400040,24000040,0.25,2.0,0.75,0.8660254037844386,0.1276216,0.1549420775552114,0.019669657714313133,0.11620655816640854,0.13418377527795175,0.17016213297767346,0.038442133511163296,0.12762159973325507,0.3012196486422619,1.0982306140631077,0.1276216,0.03616020446490865,0.0,True,False,True
structured,4,4,34,10400041,24000041,0.25,2.0,0.75,0.8660254037844386,0.15131603999999993,0.1549420775552114,0.019669657714313133,0.11620655816640854,0.13418377527795175,0.2017547180802459,0.054127360479938436,0.15131603856018447,0.35771065962298815,1.3021299395469477,0.15131603999999998,0.026861970726929175,0.0,True,False,False
structured,4,4,35,10400042,24000042,0.5,1.0,0.875,1.0,0.15735506500000002,0.1549420775552114,0.019669657714313133,0.13557431786080998,0.1549420775552114,0.17983436126304572,0.055977950473642096,0.15735506610516503,0.35574292110420525,1.1606554145949433,0.15735506499999996,0.03710702910406328,0.0,False,False,False
structured,4,4,36,10400043,24000043,0.5,1.0,0.875,1.0,0.18871677999999992,0.1549420775552114,0.019669657714313133,0.13557431786080998,0.1549420775552114,0.21567632082241425,0.07145390030840537,0.18871678071961248,0.37863034918466393,1.3919803079028747,0.1887167799999999,0.03208833962647489,0.0,False,False,False
structured,4,4,37,10400044,24000044,0.25,2.0,0.75,0.8660254037844386,0.14238921999999987,0.1549420775552114,0.019669657714313133,0.11620655816640854,0.13418377527795175,0.1898522926996702,0.023676146825082366,0.14238921952475267,0.16627766361163004,1.2253113918136218,0.1423892199999999,0.02598449553794723,0.0,True,False,False
structured,4,4,38,10400045,24000045,0.25,2.0,0.75,0.8660254037844386,0.08555999999999997,0.1549420775552114,0.019669657714313133,0.11620655816640854,0.13418377527795175,0.1140800005070615,0.02009000025353075,0.08556000038029611,0.2348059870679144,0.7362751442803569,0.08555999999999994,0.03278569248925511,0.0,True,True,True
structured,4,4,39,10400046,24000046,0.125,3.0,0.5,0.5,0.09574999999999992,0.1549420775552114,0.019669657714313133,0.0774710387776057,0.0774710387776057,0.1915000012004856,6.002428554197081e-10,0.09575000060024277,6.268854886889908e-09,1.2359457432229624,0.09574999999999995,0.014582866659199776,0.0,True,False,False
structured,4,4,40,10400047,24000047,1.0,-0.0,0.9375,1.0,0.20439939435,0.1549420775552114,0.019669657714313133,0.14525819770801068,0.1549420775552114,0.21802602119983605,0.09670748324989753,0.2043993948748463,0.4731299892420524,1.407145332242919,0.20439939435000004,0.04677488063891132,0.0,False,False,False
structured,4,4,41,10400048,24000048,0.5,1.0,0.875,1.0,0.1919170092,0.1549420775552114,0.019669657714313133,0.13557431786080998,0.1549420775552114,0.21933372363564854,0.058882202836631835,0.19191700818119242,0.3068107568061864,1.4155852761009489,0.1919170092,0.022572465043065808,0.0,False,False,False
structured,4,4,42,10400049,24000049,0.125,3.0,0.5,0.5,0.07982499999999988,0.1549420775552114,0.019669657714313133,0.0774710387776057,0.0774710387776057,0.1596500007757354,3.87867855888846e-10,0.07982500038786774,4.858977211260214e-09,1.0303850528843361,0.07982499999999992,0.03763633829160319,0.0,True,False,False
structured,4,4,43,10400050,24000050,0.125,3.0,0.5,0.5,0.15881789999999998,0.1549420775552114,0.019669657714313133,0.0774710387776057,0.0774710387776057,0.31763579835784306,8.210784552264982e-10,0.15881789917892153,5.1699364821377086e-09,2.0500292972040346,0.15881789999999996,0.030910261762359757,0.0,False,False,False
structured,4,4,44,10400051,24000051,0.25,2.0,0.75,0.8660254037844386,0.16548096,0.1549420775552114,0.019669657714313133,0.11620655816640854,0.13418377527795175,0.2206412790841747,0.06847064022895627,0.16548095931313106,0.4137674825487855,1.4240242712993978,0.16548096,0.026056638366143865,0.0,False,False,False
structured,4,4,45,10400052,24000052,0.125,3.0,0.5,0.5,0.07124999999999987,0.1549420775552114,0.019669657714313133,0.0774710387776057,0.0774710387776057,0.14250000097737314,4.886866952769076e-10,0.07125000048868657,6.858760635465382e-09,0.9196985300948692,0.0712499999999999,0.03384700873046238,0.0,True,True,True
structured,4,4,46,10400053,24000053,0.0625,4.0,1.3877787807814457e-16,0.0,1.1796119636642288e-16,0.1549420775552114,0.019669657714313133,2.1502532748131546e-17,0.0,0.6055728229382387,2.0816681711721685e-17,9.71445146547012e-17,0.0,3.9083819740473755,1.244664094013359e-16,2.0011178478700564e-17,0.0,True,True,True
structured,4,4,47,10400054,24000054,0.5,1.0,0.875,1.0,0.1504671349999999,0.1549420775552114,0.019669657714313133,0.13557431786080998,0.1549420775552114,0.17196243971581898,0.05883122010656776,0.15046713475134166,0.3909904984006494,1.1098498382696762,0.15046713499999992,0.03822714150010433,0.0,True,False,True
structured,4,4,48,10400055,24000055,0.125,3.0,0.5,0.5,0.09423099999999988,0.1549420775552114,0.019669657714313133,0.0774710387776057,0.0774710387776057,0.18846200042949462,2.1474741429550193e-10,0.0942310002147473,2.278946570613728e-09,1.2163384111223041,0.09423099999999991,0.03154108343097935,0.0,True,False,False
structured,4,4,49,10400056,24000056,0.25,2.0,0.75,0.8660254037844386,0.10974149999999994,0.1549420775552114,0.019669657714313133,0.11620655816640854,0.13418377527795175,0.14632199895854486,0.04846100026036368,0.1097414992189087,0.44159228970228864,0.944365799576975,0.10974149999999994,0.03435730213506292,0.0,True,True,True
structured,4,8,0,10800007,28000007,0.0625,4.0,0.0,0.0,0.0,0.2574634838369979,0.03432976722311629,0.0,0.0,0.9999999849124109,0.0,0.0,0.0,3.8840458849128234,0.0,0.0,0.0,True,True,True
structured,4,8,1,10800008,28000008,0.25,2.0,0.75,0.8660254037844386,0.24833799999999995,0.2574634838369979,0.03432976722311629,0.19309761287774843,0.2229699175496844,0.3311173366095182,0.036717334152379516,0.2483380024571386,0.14785225842351765,1.2860749480852636,0.2483379999999999,0.02496981537777162,0.0,True,False,False
structured,4,8,2,10800009,28000009,0.125,3.0,0.5,0.5,0.13264700000000007,0.2574634838369979,0.03432976722311629,0.12873174191849895,0.12873174191849895,0.2652940011551606,5.7758021976273e-10,0.13264700057758028,4.354265228484095e-09,1.0304140890252238,0.13264700000000007,0.028000230999047134,0.0,True,False,False
structured,4,8,3,10800010,28000010,0.5,1.0,0.875,1.0,0.25127164999999996,0.2574634838369979,0.03432976722311629,0.22528054835737316,0.2574634838369979,0.28716759802948966,0.07374010073894133,0.2512716482758035,0.2934676504052142,1.1153721442350157,0.25127165,0.034081988303982465,0.0,True,False,True
structured,4,8,4,10800011,28000011,0.0625,4.0,0.0,0.0,0.0,0.2574634838369979,0.03432976722311629,0.0,0.0,0.9999999849124109,0.0,0.0,0.0,3.8840458849128234,4.336808689942018e-18,9.769171257871238e-18,0.0,True,True,True
structured,4,8,5,10800012,28000012,0.25,2.0,0.75,0.8660254037844386,0.27698486999999994,0.2574634838369979,0.03432976722311629,0.19309761287774843,0.2229699175496844,0.36931316299939876,0.022421420749849694,0.2769848722495491,0.08094817868517402,1.4344292926340332,0.27698487,0.044878530762412466,0.0,False,False,False
structured,4,8,6,10800013,28000013,0.25,2.0,0.75,0.8660254037844386,0.21307995199999996,0.2574634838369979,0.03432976722311629,0.19309761287774843,0.2229699175496844,0.2841066018529225,0.06835330153676933,0.21307995138969194,0.32078710782124326,1.103483094452309,0.21307995199999996,0.03188262893298449,0.0,True,False,True
structured,4,8,7,10800014,28000014,0.125,3.0,0.5,0.5,0.1766000000000001,0.2574634838369979,0.03432976722311629,0.12873174191849895,0.12873174191849895,0.3532000024066594,1.2033295748725692e-09,0.17660000120332967,6.8138707523928e-09,1.3718450365966188,0.1766000000000001,0.04566661800484025,0.0,True,False,False
structured,4,8,8,10800015,28000015,0.0625,4.0,0.0,0.0,3.122502256758253e-17,0.2574634838369979,0.03432976722311629,0.0,0.0,0.9999999849124109,3.122502256758253e-17,0.0,0.0,3.8840458849128234,4.7704895589362195e-17,6.133173666733497e-17,0.0,True,True,True
structured,4,8,9,10800016,28000016,0.125,3.0,0.5,0.5,0.18546900000000005,0.2574634838369979,0.03432976722311629,0.12873174191849895,0.12873174191849895,0.3709380012910515,6.455257300919115e-10,0.18546900064552577,3.4805047209609763e-09,1.4407402392095927,0.18546900000000002,0.020373160579546797,0.0,True,False,False
structured,4,8,10,10800017,28000017,0.125,3.0,0.5,0.5,0.11289999999999994,0.2574634838369979,0.03432976722311629,0.12873174191849895,0.12873174191849895,0.2257999990582,4.708999370994782e-10,0.11289999952910001,4.1709471842292155e-09,0.8770175703874018,0.11289999999999997,0.022833309002420116,0.0,True,True,True
structured,4,8,11,10800018,28000018,0.5,1.0,0.875,1.0,0.28460676650000005,0.2574634838369979,0.03432976722311629,0.22528054835737316,0.2574634838369979,0.3252648772100038,0.07423243860500184,0.2846067675587533,0.2608245739125877,1.263343726895001,0.28460676650000005,0.025981392905733848,0.0,False,False,False
structured,4,8,12,10800019,28000019,0.125,3.0,0.5,0.5,0.11103800000000008,0.2574634838369979,0.03432976722311629,0.12873174191849895,0.12873174191849895,0.22207599874470063,6.276497863111352e-10,0.11103799937235029,5.6525674661929676e-09,0.8625533820761108,0.11103800000000005,0.032059034046583515,0.0,True,True,True
structured,4,8,13,10800020,28000020,0.125,3.0,0.5,0.5,0.17999472000000005,0.2574634838369979,0.03432976722311629,0.12873174191849895,0.12873174191849895,0.3599894389137065,5.431467654110067e-10,0.1799947194568533,3.0175705454638144e-09,1.398215519920559,0.17999472000000008,0.042688456593660086,0.0,True,False,False
structured,4,8,14,10800021,28000021,0.125,3.0,0.5,0.5,0.16925000000000004,0.2574634838369979,0.03432976722311629,0.12873174191849895,0.12873174191849895,0.33849999905656475,4.717176701335424e-10,0.16924999952828235,2.787105879666424e-09,1.3147495482150457,0.16925,0.03980778818271622,0.0,True,False,False
structured,4,8,15,10800022,28000022,0.125,3.0,0.5,0.5,0.16145900000000002,0.2574634838369979,0.03432976722311629,0.12873174191849895,0.12873174191849895,0.32291800088069245,4.4034621782262917e-10,0.16145900044034622,2.7272943460731773e-09,1.2542283514082109,0.16145899999999996,0.0434839594333359,0.0,True,False,False
structured,4,8,16,10800023,28000023,0.25,2.0,0.75,0.8660254037844386,0.23565337000000014,0.2574634838369979,0.03432976722311629,0.19309761287774843,0.2229699175496844,0.31420449161820485,0.039302247095448904,0.23565336871365364,0.16677990684134447,1.2203846811034769,0.2356533700000001,0.034931160216002004,0.0,True,False,False
structured,4,8,17,10800024,28000024,0.25,2.0,0.75,0.8660254037844386,0.16621400000000003,0.2574634838369979,0.03432976722311629,0.19309761287774843,0.2229699175496844,0.22161866826840174,0.03624366706710046,0.16621400120130128,0.21805423771222912,0.8607770894947969,0.166214,0.041487737114169046,0.0,True,True,True
structured,4,8,18,10800025,28000025,0.06249999999999999,4.0,2.7755575615628914e-17,0.0,6.245004513516506e-17,0.2574634838369979,0.03432976722311629,7.146047193901048e-18,0.0,0.7639320353686776,3.469446951953614e-17,2.7755575615628914e-17,0.0,2.967147123093886,9.367506770274758e-17,1.2981481815797576e-17,0.0,True,True,True
structured,4,8,19,10800026,28000026,0.25000000000000006,1.9999999999999998,0.75,0.8660254037844388,0.18765150000000003,0.2574634838369979,0.03432976722311629,0.19309761287774843,0.22296991754968445,0.25020199696429773,0.03915100075892563,0.18765149772322326,0.20863675887976182,0.9717960513682108,0.1876515,0.031095410368734495,0.0,True,True,True
structured,4,8,20,10800027,28000027,1.0,-0.0,0.9375,1.0,0.2807310529,0.2574634838369979,0.03432976722311629,0.24137201609718553,0.2574634838369979,0.2994464576688275,0.1049672160430172,0.2807310540645258,0.3739066802859457,1.16306379920816,0.28073105289999994,0.04662824938967142,0.0,False,False,False
structured,4,8,21,10800028,28000028,0.5,1.0,0.875,1.0,0.29697174499999995,0.2574634838369979,0.03432976722311629,0.22528054835737316,0.2574634838369979,0.33939628132424726,0.048478920662123656,0.29697174615871635,0.16324421928464494,1.3182307497210815,0.296971745,0.050964838578849585,0.0,False,False,False
structured,4,8,22,10800029,28000029,0.125,3.0,0.5,0.5,0.18786999999999998,0.2574634838369979,0.03432976722311629,0.12873174191849895,0.12873174191849895,0.375740000813637,4.0681855106861065e-10,0.18787000040681853,2.1654258320573304e-09,1.4593914259760459,0.18786999999999993,0.03943157597662058,0.0,True,False,False
structured,4,8,23,10800030,28000030,0.25,2.0,0.75,0.8660254037844386,0.23803957199999995,0.2574634838369979,0.03432976722311629,0.19309761287774843,0.2229699175496844,0.31738609534746876,0.018478096326265535,0.2380395715106016,0.07762615337867243,1.2327421761619923,0.23803957199999998,0.045234850509926636,0.0,True,False,False
structured,4,8,24,10800031,28000031,0.0625,4.0,0.0,0.0,0.0,0.2574634838369979,0.03432976722311629,0.0,0.0,0.9999999849124109,0.0,0.0,0.0,3.8840458849128234,1.5612511283791264e-17,2.8968175469891754e-17,0.0,True,True,True
structured,4,8,25,10800032,28000032,0.25,2.0,0.75,0.8660254037844386,0.29338859999999994,0.2574634838369979,0.03432976722311629,0.19309761287774843,0.2229699175496844,0.3911847991095324,0.04557980044523377,0.29338859933214934,0.1553564127755263,1.519379732145606,0.2933886,0.03200283939242894,0.0,False,False,False
structured,4,8,26,10800033,28000033,0.125,3.0,0.5,0.5,0.16626100000000008,0.2574634838369979,0.03432976722311629,0.12873174191849895,0.12873174191849895,0.3325219998280973,8.595142653167187e-11,0.16626099991404863,5.169668565187978e-10,1.2915307245613887,0.16626100000000005,0.05710718238540579,0.0,True,False,False
structured,4,8,27,10800034,28000034,0.06249999999999999,4.0,2.7755575615628914e-17,0.0,9.71445146547012e-17,0.2574634838369979,0.03432976722311629,7.146047193901048e-18,0.0,0.7639320353686776,6.938893903907228e-17,2.7755575615628914e-17,0.0,2.967147123093886,8.586881206085195e-17,2.458520852224451e-17,0.0,True,True,True
structured,4,8,28,10800035,28000035,0.125,3.0,0.5,0.5,0.19881856000000006,0.2574634838369979,0.03432976722311629,0.12873174191849895,0.12873174191849895,0.3976371220352295,1.0176146869600444e-09,0.19881856101761475,5.1183083056231975e-09,1.5444408508314003,0.19881856000000003,0.04148572281047062,0.0,True,False,False
structured,4,8,29,10800036,28000036,0.5,1.0,0.875,1.0,0.24380013,0.2574634838369979,0.03432976722311629,0.22528054835737316,0.2574634838369979,0.2786287191016403,0.10381658022458988,0.2438001292139353,0.4258265991268744,1.0822067461731475,0.24380013000000003,0.033062833570920665,0.0,True,False,True
structured,4,8,30,10800037,28000037,0.25,2.0,0.75,0.8660254037844386,0.2242949641999999,0.2574634838369979,0.03432976722311629,0.19309761287774843,0.2229699175496844,0.2990599515284332,0.09052997631789163,0.22429496364632484,0.4036201911210438,1.1615625916014183,0.2242949642,0.03434856488718037,0.0,True,False,False
structured,4,8,31,10800038,28000038,0.125,3.0,0.5,0.5,0.17293577999999984,0.2574634838369979,0.03432976722311629,0.12873174191849895,0.12873174191849895,0.3458715610052672,5.026337540625647e-10,0.17293578050263358,2.9064763466679086e-09,1.3433810334992637,0.17293577999999993,0.0265018199207828,0.0,True,False,False
structured,4,8,32,10800039,28000039,0.125,3.0,0.5,0.5,0.1776417400000001,0.2574634838369979,0.03432976722311629,0.12873174191849895,0.12873174191849895,0.3552834797796119,1.1019416629176604e-10,0.17764173988980592,6.20316859606115e-10,1.3799373584354377,0.17764174000000005,0.04766081159987102,0.0,True,False,False
structured,4,8,33,10800040,28000040,0.125,3.0,0.5,0.5,0.13985000000000003,0.2574634838369979,0.03432976722311629,0.12873174191849895,0.12873174191849895,0.27970000017676033,8.838014348144796e-11,0.13985000008838017,6.319638432709899e-10,1.0863676510873306,0.13984999999999997,0.019882168895771882,0.0,True,False,False
structured,4,8,34,10800041,28000041,0.0625,4.0,0.0,0.0,0.0,0.2574634838369979,0.03432976722311629,0.0,0.0,0.9999999849124109,0.0,0.0,0.0,3.8840458849128234,5.0306980803327406e-17,4.508374344984597e-17,0.0,True,True,True
structured,4,8,35,10800042,28000042,0.125,3.0,0.5,0.5,0.20587750000000002,0.2574634838369979,0.03432976722311629,0.12873174191849895,0.12873174191849895,0.4117549977763637,1.1118181705155328e-09,0.20587749888818185,5.4003869801971204e-09,1.5992753288347832,0.20587750000000002,0.04016837838758242,0.0,True,False,False
structured,4,8,36,10800043,28000043,0.0625,4.0,1.3183898417423734e-16,0.0,1.214306433183765e-16,0.2574634838369979,0.03432976722311629,3.394372417102998e-17,0.0,0.7639320353686776,3.8163916471489756e-17,1.249000902703301e-16,0.0,2.967147123093886,1.6306400674181987e-16,6.231221657355214e-17,0.0,True,True,True
structured,4,8,37,10800044,28000044,0.125,3.0,0.5,0.5,0.13250000000000003,0.2574634838369979,0.03432976722311629,0.12873174191849895,0.12873174191849895,0.2649999995320879,2.3395606285614434e-10,0.13249999976604399,1.765706134763353e-09,1.0292721732137418,0.1325,0.04287749992711794,0.0,True,False,False
structured,4,8,38,10800045,28000045,0.06249999999999999,4.0,2.7755575615628914e-17,0.0,2.7755575615628914e-17,0.2574634838369979,0.03432976722311629,7.146047193901048e-18,0.0,0.7639320353686776,0.0,2.7755575615628914e-17,0.0,2.967147123093886,2.7755575615628914e-17,0.0,0.0,True,True,True
structured,4,8,39,10800046,28000046,0.125,3.0,0.5,0.5,0.15665700000000005,0.2574634838369979,0.03432976722311629,0.12873174191849895,0.12873174191849895,0.31331400233874623,1.1693730775363953e-09,0.1566570011693731,7.464544051886573e-09,1.216925979829853,0.15665700000000002,0.036208844996768394,0.0,True,False,False
structured,4,8,40,10800047,28000047,0.0625,4.0,1.3877787807814457e-16,0.0,1.214306433183765e-16,0.2574634838369979,0.03432976722311629,3.5730235969505243e-17,0.0,0.6180340037265543,6.591949208711867e-17,8.326672684688674e-17,0.0,2.400472465127662,1.6740081543176188e-16,2.7302711647312793e-17,0.0,True,True,True
structured,4,8,41,10800048,28000048,0.0625,4.0,0.0,0.0,0.0,0.2574634838369979,0.03432976722311629,0.0,0.0,0.9999999849124109,0.0,0.0,0.0,3.8840458849128234,1.6479873021779667e-17,3.189250306701418e-17,0.0,True,True,True
structured,4,8,42,10800049,28000049,0.0625,4.0,4.163336342344337e-17,0.0,4.163336342344337e-17,0.2574634838369979,0.03432976722311629,1.0719070790851572e-17,0.0,0.7639320353686776,0.0,4.163336342344337e-17,0.0,2.967147123093886,5.204170427930421e-17,1.9272502339279617e-17,0.0,True,True,True
structured,4,8,43,10800050,28000050,0.125,3.0,0.5,0.5,0.09575,0.2574634838369979,0.03432976722311629,0.12873174191849895,0.12873174191849895,0.1915000012004858,6.002429326149028e-10,0.09575000060024294,6.2688556931060345e-09,0.7437948028456179,0.09574999999999995,0.04182463388961103,0.0,True,True,True
structured,4,8,44,10800051,28000051,0.0625,4.0,2.7755575615628914e-17,0.0,2.7755575615628914e-17,0.2574634838369979,0.03432976722311629,7.146047193901048e-18,0.0,0.9999999849124109,0.0,2.7755575615628914e-17,0.0,3.8840458849128234,5.2475385148298415e-17,2.109872868447557e-17,0.0,True,True,True
structured,4,8,45,10800052,28000052,0.12500000000000006,2.9999999999999996,0.5,0.5000000000000002,0.10555000000000003,0.2574634838369979,0.03432976722311629,0.12873174191849895,0.128731741918499,0.21109999998400897,7.995569484275933e-12,0.10554999999200446,7.575148729773501e-11,0.8199220986136349,0.10555000000000002,0.03980778818271617,0.0,True,True,True
structured,4,8,46,10800053,28000053,0.25,2.0,0.75,0.8660254037844386,0.20737400000000003,0.2574634838369979,0.03432976722311629,0.19309761287774843,0.2229699175496844,0.27649866434437814,0.020008333913905545,0.20737399825828357,0.0964842936622023,1.0739335156337415,0.207374,0.036660908008394985,0.0,True,False,True
structured,4,8,47,10800054,28000054,0.0625,4.0,0.0,0.0,1.6306400674181987e-16,0.2574634838369979,0.03432976722311629,0.0,0.0,0.9999999849124109,1.6306400674181987e-16,0.0,0.0,3.8840458849128234,2.3418766925686896e-16,9.841075292759331e-17,0.0,True,True,True
structured,4,8,48,10800055,28000055,0.25,2.0,0.75,0.8660254037844386,0.22046778000000003,0.2574634838369979,0.03432976722311629,0.19309761287774843,0.2229699175496844,0.29395703620975644,0.08552852094756089,0.22046777715731736,0.38794113565057387,1.141742634057818,0.22046778000000006,0.04774362615460205,0.0,True,False,True
structured,4,8,49,10800056,28000056,0.125,3.0,0.5,0.5,0.19507300000000005,0.2574634838369979,0.03432976722311629,0.12873174191849895,0.12873174191849895,0.39014600114195064,5.709752705362892e-10,0.19507300057097532,2.926982568250291e-09,1.5153449931134897,0.19507300000000005,0.06447670171465036,0.0,True,False,False
structured,4,16,0,11600007,36000007,0.0625,4.0,1.1449174941446927e-16,0.0,1.1449174941446927e-16,0.4267019125364129,0.05291883150801332,4.8853848444793763e-17,0.0,0.8551820601219353,0.0,1.1449174941446927e-16,0.0,2.0041673941383094,1.0321604682062002e-16,1.433491704701803e-17,0.0,True,True,True
structured,4,16,1,11600008,36000008,0.0625,4.0,2.7755575615628914e-17,0.0,4.163336342344337e-17,0.4267019125364129,0.05291883150801332,1.1843357198737883e-17,0.0,0.7639320353686776,2.7755575615628914e-17,2.7755575615628914e-17,0.0,1.7903178142035794,8.673617379884035e-17,9.085144729692145e-18,0.0,True,True,True
structured,4,16,2,11600009,36000009,0.25,2.0,0.75,0.8660254037844386,0.423464,0.4267019125364129,0.05291883150801332,0.32002643440230966,0.36953469609993916,0.5646186627863076,0.04241766860684623,0.4234639970897307,0.10016829909235786,1.323215683356295,0.423464,0.05716483730406307,0.0,True,False,False
structured,4,16,3,11600010,36000010,0.12500000000000003,2.9999999999999996,0.5,0.5000000000000001,0.3305854400000002,0.4267019125364129,0.05291883150801332,0.21335095626820644,0.2133509562682065,0.661170876246658,1.8766711309958772e-09,0.3305854381233291,5.676811208006851e-09,1.549491241594181,0.3305854400000002,0.04929238381127859,0.0,True,False,False
structured,4,16,4,11600011,36000011,0.12500000000000006,2.9999999999999996,0.5,0.5000000000000002,0.26234902000000004,0.4267019125364129,0.05291883150801332,0.21335095626820644,0.21335095626820652,0.5246980367831044,1.6084478020317317e-09,0.2623490183915522,6.130946485074468e-09,1.2296594446089553,0.26234902000000004,0.06115161761034292,0.0,True,False,False
structured,4,16,5,11600012,36000012,0.125,3.0,0.5,0.5,0.19865000000000005,0.4267019125364129,0.05291883150801332,0.21335095626820644,0.21335095626820644,0.39729999917577713,4.12111509848212e-10,0.19864999958788854,2.0745608348764755e-09,0.9310949576347944,0.19865,0.061032614232064485,0.0,True,True,True
structured,4,16,6,11600013,36000013,0.25,2.0,0.75,0.8660254037844386,0.42500063999999993,0.4267019125364129,0.05291883150801332,0.32002643440230966,0.36953469609993916,0.5666675180463168,0.04744376048842078,0.4250006385347376,0.11163220951483928,1.328017291223085,0.42500063999999993,0.03776063056287065,0.0,True,False,False
structured,4,16,7,11600014,36000014,0.5,1.0,0.875,1.0,0.50716435,0.4267019125364129,0.05291883150801332,0.37336417346936124,0.4267019125364129,0.5796164034567881,0.113208201728394,0.5071643530246895,0.223217979986949,1.3583637345598403,0.50716435,0.0544476997415832,0.0,False,False,False
structured,4,16,8,11600015,36000015,0.062499999999999986,4.0,3.469446951953614e-17,0.0,3.469446951953614e-17,0.4267019125364129,0.05291883150801332,1.4804196498422355e-17,0.0,0.8541019909410971,0.0,3.469446951953614e-17,0.0,2.0016361910920932,8.153200337090993e-17,4.450793765416312e-17,0.0,True,True,True
structured,4,16,9,11600016,36000016,0.06250000000000001,3.9999999999999996,1.6306400674181987e-16,7.450580596923828e-09,1.6306400674181987e-16,0.4267019125364129,0.05291883150801332,6.957972354258506e-17,3.179176990214086e-09,0.8481371119747727,3.469446951953614e-18,1.5959455978986625e-16,0.0,1.9876571607876174,1.717376241217039e-16,1.4602327147704466e-17,0.0,True,True,True
structured,4,16,10,11600017,36000017,0.12499999999999999,3.0,0.5,0.49999999999999994,0.3247500496,0.4267019125364129,0.05291883150801332,0.21335095626820644,0.2133509562682064,0.649500106965594,3.88279700752614e-09,0.32475005348279695,1.1956263016152408e-08,1.5221401354983815,0.3247500496,0.0668773709657243,0.0,True,False,False
structured,4,16,11,11600018,36000018,0.25,2.0,0.75,0.8660254037844386,0.41122135,0.4267019125364129,0.05291883150801332,0.32002643440230966,0.36953469609993916,0.5482951396357434,0.025849134908935874,0.41122135472680754,0.06285941843470888,1.2849605861303803,0.41122135,0.046699683107387376,0.0,True,False,False
structured,4,16,12,11600019,36000019,0.5,1.0,0.875,1.0,0.4250881005,0.4267019125364129,0.05291883150801332,0.37336417346936124,0.4267019125364129,0.4858149727890672,0.08835748639453363,0.42508810119043383,0.20785688023401547,1.138534790953415,0.42508810049999995,0.04058230292609188,0.0,True,False,True
structured,4,16,13,11600020,36000020,0.0625,4.0,1.8735013540549517e-16,0.0,1.8735013540549517e-16,0.4267019125364129,0.05291883150801332,7.99426610914807e-17,0.0,0.9312518985912551,0.0,1.8735013540549517e-16,0.0,2.182441351283576,1.981921571303502e-16,1.179283924117262e-17,0.0,True,True,True
structured,4,16,14,11600021,36000021,0.0625,4.0,0.0,0.0,0.0,0.4267019125364129,0.05291883150801332,0.0,0.0,0.9999999849124109,0.0,0.0,0.0,2.343556369288772,1.734723475976807e-17,3.2966266915330245e-17,0.0,True,True,True
structured,4,16,15,11600022,36000022,0.125,3.0,0.5,0.5,0.23712507439999994,0.4267019125364129,0.05291883150801332,0.21335095626820644,0.21335095626820644,0.4742501475380092,6.309953184957529e-10,0.2371250737690046,2.6610231756062363e-09,1.11143197066767,0.23712507439999997,0.03520913605126252,0.0,True,False,False
structured,4,16,16,11600023,36000023,0.0625,4.0,0.0,0.0,0.0,0.4267019125364129,0.05291883150801332,0.0,0.0,0.9999999849124109,0.0,0.0,0.0,2.343556369288772,4.640385298237959e-17,5.179121867791668e-17,0.0,True,True,True
structured,4,16,17,11600024,36000024,0.25,2.0,0.75,0.8660254037844386,0.37064200000000014,0.4267019125364129,0.05291883150801332,0.32002643440230966,0.36953469609993916,0.4941893293328105,0.08803666766679738,0.3706419969996079,0.23752480201055828,1.1581605678663054,0.37064200000000014,0.06791053526515603,0.0,True,False,False
structured,4,16,18,11600025,36000025,0.0625,4.0,0.0,0.0,0.0,0.4267019125364129,0.05291883150801332,0.0,0.0,0.9999999849124109,0.0,0.0,0.0,2.343556369288772,2.168404344971009e-18,6.1331736667334966e-18,0.0,True,True,True
structured,4,16,19,11600026,36000026,0.125,3.0,0.5,0.5,0.27190499999999995,0.4267019125364129,0.05291883150801332,0.21335095626820644,0.21335095626820644,0.5438099966215477,1.6892261062162461e-09,0.27190499831077386,6.212559924297996e-09,1.2744494004937026,0.27190499999999995,0.06365399877462531,0.0,True,False,False
structured,4,16,20,11600027,36000027,0.125,3.0,0.5,0.5,0.24275000000000002,0.4267019125364129,0.05291883150801332,0.21335095626820644,0.21335095626820644,0.4855000029833493,1.4916746310378315e-09,0.24275000149167467,6.1449006427923025e-09,1.1377966414479541,0.24275,0.03840442682816655,0.0,True,False,False
structured,4,16,21,11600028,36000028,0.25,2.0,0.75,0.8660254037844386,0.42512069000000013,0.4267019125364129,0.05291883150801332,0.32002643440230966,0.36953469609993916,0.5668275813620881,0.03551879465947805,0.42512068602156605,0.0835499082848168,1.32839240863191,0.42512069000000013,0.04518634978501361,0.0,True,False,False
structured,4,16,22,11600029,36000029,0.0625,4.0,1.1449174941446927e-16,0.0,1.0061396160665481e-16,0.4267019125364129,0.05291883150801332,4.8853848444793763e-17,0.0,0.6180340037265543,5.551115123125783e-17,7.979727989493313e-17,0.0,1.448397547723234,1.1319070680748666e-16,1.594625153350709e-17,0.0,True,True,True
structured,4,16,23,11600030,36000030,0.25,2.0,0.75,0.8660254037844386,0.41398250000000014,0.4267019125364129,0.05291883150801332,0.32002643440230966,0.36953469609993916,0.5519766694568344,0.07978833472841709,0.4139825020926258,0.19273359315530744,1.2935884589214985,0.41398250000000014,0.03245864448802509,0.0,True,False,False
structured,4,16,24,11600031,36000031,0.12500000000000003,2.9999999999999996,0.5,0.5000000000000001,0.12759999999999996,0.4267019125364129,0.05291883150801332,0.21335095626820644,0.2133509562682065,0.2552000017256653,8.628326750997894e-10,0.12760000086283263,6.76201156034318e-09,0.5980755985102074,0.12759999999999996,0.05641843670290766,0.0,True,True,True
structured,4,16,25,11600032,36000032,0.0625,4.0,0.0,0.0,0.0,0.4267019125364129,0.05291883150801332,0.0,0.0,0.9999999849124109,0.0,0.0,0.0,2.343556369288772,5.204170427930421e-18,1.471961680016039e-17,0.0,True,True,True
structured,4,16,26,11600033,36000033,0.0625,4.0,1.5265566588595902e-16,0.0,1.5265566588595902e-16,0.4267019125364129,0.05291883150801332,6.513846459305835e-17,0.0,0.854101984478481,0.0,1.5265566588595902e-16,0.0,2.001636175946588,1.3617579286417936e-16,8.241566728832561e-18,0.0,True,True,True
structured,4,16,27,11600034,36000034,0.12500000000000003,2.9999999999999996,0.5,0.5000000000000001,0.2893000000000002,0.4267019125364129,0.05291883150801332,0.21335095626820644,0.2133509562682065,0.5785999958204762,2.089762064783063e-09,0.2892999979102381,7.223512149267408e-09,1.3559817259340288,0.28930000000000017,0.032713300047534206,0.0,True,False,False
structured,4,16,28,11600035,36000035,1.0,-0.0,0.9375,1.0,0.4535105996999999,0.4267019125364129,0.05291883150801332,0.40003304300288706,0.4267019125364129,0.48374463816973934,0.14146763008634772,0.45351059828413065,0.31193897161373835,1.133682844996526,0.45351059969999996,0.05709873992592349,0.0,False,False,False
structured,4,16,29,11600036,36000036,0.24999999999999997,2.0,0.75,0.8660254037844386,0.3432028035999999,0.4267019125364129,0.05291883150801332,0.32002643440230966,0.36953469609993916,0.4576037312748617,0.033183363581284486,0.3432027984561463,0.09668733248449635,1.0724201552197443,0.3432028035999999,0.08303321873123985,0.0,True,False,True
structured,4,16,30,11600037,36000037,0.12500000000000003,2.9999999999999996,0.5,0.5000000000000001,0.269504,0.4267019125364129,0.05291883150801332,0.21335095626820644,0.2133509562682065,0.5390080035689607,1.7844803863742431e-09,0.2695040017844804,6.621350281903953e-09,1.2631956589202402,0.269504,0.0410684314772308,0.0,True,False,False
structured,4,16,31,11600038,36000038,0.125,3.0,0.5,0.5,0.23881922000000017,0.4267019125364129,0.05291883150801332,0.21335095626820644,0.21335095626820644,0.4776384433011261,1.6505628946950068e-09,0.23881922165056302,6.911348653994455e-09,1.1193726329041624,0.23881922000000014,0.05904593562013902,0.0,True,False,False
structured,4,16,32,11600039,36000039,0.0625,4.0,1.3877787807814457e-17,0.0,1.3877787807814457e-17,0.4267019125364129,0.05291883150801332,5.921678599368941e-18,0.0,0.7639320353686776,0.0,1.3877787807814457e-17,0.0,1.7903178142035794,3.2959746043559335e-17,2.6422520788909847e-17,0.0,True,True,True
structured,4,16,33,11600040,36000040,0.125,3.0,0.5,0.5,0.26705498000000005,0.4267019125364129,0.05291883150801332,0.21335095626820644,0.21335095626820644,0.5341099576292605,1.1853697745589642e-09,0.26705497881463025,4.4386731696932365e-09,1.2517168119879984,0.26705498000000005,0.041409392069065666,0.0,True,False,False
structured,4,16,34,11600041,36000041,0.06249999999999999,4.0,1.249000902703301e-16,0.0,1.249000902703301e-16,0.4267019125364129,0.05291883150801332,5.3295107394320475e-17,0.0,0.9098300809419383,2.7755575615628914e-17,1.249000902703301e-16,0.0,2.132238113332331,1.2706849461530112e-16,1.5172633708919383e-17,0.0,True,True,True
structured,4,16,35,11600042,36000042,0.125,3.0,0.5,0.5,0.2671030000000001,0.4267019125364129,0.05291883150801332,0.21335095626820644,0.21335095626820644,0.5342059933123045,3.3438478375114045e-09,0.2671029966561522,1.2518945266475492e-08,1.2519418770280708,0.2671030000000001,0.036208844996768415,0.0,True,False,False
structured,4,16,36,11600043,36000043,0.25,2.0,0.75,0.8660254037844386,0.3994540000000001,0.4267019125364129,0.05291883150801332,0.32002643440230966,0.36953469609993916,0.5326053365039588,0.012805334125989692,0.39945400237796913,0.03205709324725673,1.24819064751323,0.3994540000000001,0.050035694459055896,0.0,True,False,False
structured,4,16,37,11600044,36000044,0.24999999999999997,2.0,0.75,0.8660254037844386,0.35530792040000003,0.4267019125364129,0.05291883150801332,0.32002643440230966,0.36953469609993916,0.47374389120733923,0.060271947598165176,0.35530791840550446,0.16963299757098568,1.1102455304015353,0.35530792040000003,0.06189530804180417,0.0,True,False,True
structured,4,16,38,11600045,36000045,0.125,3.0,0.5000000000000001,0.5,0.28352584,0.4267019125364129,0.05291883150801332,0.2133509562682065,0.21335095626820644,0.5670516769569666,1.521516683478108e-09,0.2835258384784833,5.3664127526369665e-09,1.3289175892985408,0.2835258399999999,0.0644267359013756,0.0,True,False,False
structured,4,16,39,11600046,36000046,0.12499999999999999,3.0,0.5,0.49999999999999994,0.3235999999999999,0.4267019125364129,0.05291883150801332,0.21335095626820644,0.2133509562682064,0.6471999964079601,1.7960198363253799e-09,0.32359999820398,5.550123103601299e-09,1.5167496966696414,0.3235999999999999,0.11087434329005065,0.0,True,False,False
structured,4,16,40,11600047,36000047,0.125,3.0,0.5,0.5,0.2599,0.4267019125364129,0.05291883150801332,0.21335095626820644,0.21335095626820644,0.5197999999331713,3.341437543324943e-11,0.25989999996658564,1.285662771575584e-10,1.2181806189790954,0.2599,0.05133553934653847,0.0,True,False,False
structured,4,16,41,11600048,36000048,0.25,2.0,0.75,0.8660254037844386,0.34463917,0.4267019125364129,0.05291883150801332,0.32002643440230966,0.36953469609993916,0.4595188943242177,0.03258957358105439,0.34463917074316325,0.09456143241365858,1.0769084478500068,0.34463917000000005,0.0477654435516975,0.0,True,False,True
structured,4,16,42,11600049,36000049,0.25,2.0,0.75,0.8660254037844386,0.4469693000000001,0.4267019125364129,0.05291883150801332,0.32002643440230966,0.36953469609993916,0.5959590622963471,0.040529534425913276,0.4469692967222604,0.09067632704508624,1.396663677352256,0.4469693000000001,0.05014641692442643,0.0,False,False,False
structured,4,16,43,11600050,36000050,0.5,1.0,0.875,1.0,0.5310376105999999,0.4267019125364129,0.05291883150801332,0.37336417346936124,0.4267019125364129,0.6069001270930845,0.05184060883317786,0.531037611206449,0.09762135072618504,1.422304679830312,0.5310376105999999,0.034817881587518335,0.0,False,False,False
structured,4,16,44,11600051,36000051,0.125,3.0,0.5,0.5,0.30889999999999995,0.4267019125364129,0.05291883150801332,0.21335095626820644,0.21335095626820644,0.617800002059274,1.029637018007401e-09,0.308900001029637,3.3332373519177764e-09,1.4478491516171812,0.3089,0.03884842339143252,0.0,True,False,False
structured,4,16,45,11600052,36000052,0.0625,4.0,0.0,0.0,0.0,0.4267019125364129,0.05291883150801332,0.0,0.0,0.9999999849124109,0.0,0.0,0.0,2.343556369288772,2.2985086056692694e-17,3.3838225976681665e-17,0.0,True,True,True
structured,4,16,46,11600053,36000053,0.25,2.0,0.75,0.8660254037844386,0.34518944000000007,0.4267019125364129,0.05291883150801332,0.32002643440230966,0.36953469609993916,0.46025258529482355,0.06895541367629411,0.3451894389711177,0.19976107518322142,1.078627894023202,0.34518944000000007,0.02280616324165025,0.0,True,False,True
structured,4,16,47,11600054,36000054,0.125,3.0,0.5,0.5,0.18395000000000003,0.4267019125364129,0.05291883150801332,0.21335095626820644,0.21335095626820644,0.36790000000781087,3.905435003170865e-12,0.18395000000390546,2.1230959517101738e-11,0.8621944012880792,0.18394999999999995,0.051790539676662944,0.0,True,True,True
structured,4,16,48,11600055,36000055,0.125,3.0,0.5,0.5,0.255,0.4267019125364129,0.05291883150801332,0.21335095626820644,0.21335095626820644,0.5100000033202527,1.660126355829128e-09,0.2550000016601264,6.510299434624031e-09,1.1952137741513675,0.255,0.056418436702907665,0.0,True,False,False
structured,4,16,49,11600056,36000056,0.125,3.0,0.5,0.5,0.2458781599999999,0.4267019125364129,0.05291883150801332,0.21335095626820644,0.21335095626820644,0.49175632136316744,6.815838241025496e-10,0.24587816068158375,2.7720388996832816e-09,1.1524586764564901,0.24587815999999996,0.040247062847686164,0.0,True,False,False
structured,4,32,0,13200007,52000007,0.25,2.0,0.75,0.8660254037844386,0.61816746,0.6582521061603868,0.06306332501008083,0.49368907962029007,0.5700630460295061,0.8242232883392675,0.020660362084816895,0.6181674662544506,0.03342195023467734,1.2521392345358344,0.61816746,0.06722376073980982,0.0,True,False,False
structured,4,32,1,13200008,52000008,0.12499999999999999,3.0,0.5,0.49999999999999994,0.3677,0.6582521061603868,0.06306332501008083,0.3291260530801934,0.3291260530801933,0.7354000003538415,1.7692071418995425e-10,0.3677000001769207,4.811550562685729e-10,1.1172011353574876,0.36769999999999997,0.02721911093331301,0.0,True,False,False
structured,4,32,2,13200009,52000009,0.125,3.0,0.5,0.5,0.39176291999999996,0.6582521061603868,0.06306332501008083,0.3291260530801934,0.3291260530801934,0.7835258393743446,3.128276769570615e-10,0.39176291968717225,7.985127253928511e-10,1.190312696369002,0.39176292,0.05758108615389601,0.0,True,False,False
structured,4,32,3,13200010,52000010,0.125,3.0,0.5,0.5,0.41058676000000005,0.6582521061603868,0.06306332501008083,0.3291260530801934,0.3291260530801934,0.8211735219441556,9.72077772443125e-10,0.4105867609720778,2.3675331675164707e-09,1.2475061063368207,0.41058676000000005,0.07777556153564948,0.0,True,False,False
structured,4,32,4,13200011,52000011,0.5,1.0,0.875,1.0,0.6957356217,0.6582521061603868,0.06306332501008083,0.5759705928903385,0.6582521061603868,0.7951264261532915,0.03188788993832288,0.6957356228841302,0.04583334379287091,1.2079360152621443,0.6957356217,0.05075184763476847,0.0,False,False,False
structured,4,32,5,13200012,52000012,0.125,3.0,0.5,0.5,0.3939276615999999,0.6582521061603868,0.06306332501008083,0.3291260530801934,0.3291260530801934,0.7878553252110626,1.0055313456880377e-09,0.39392766260553125,2.552578667880067e-09,1.1968899420719776,0.3939276615999999,0.059776288734275686,0.0,True,False,False
structured,4,32,6,13200013,52000013,0.062499999999999986,4.0,2.42861286636753e-16,0.0,2.463307335887066e-16,0.6582521061603868,0.06306332501008083,1.5986395343346404e-16,0.0,0.9442719342319029,3.469446951953614e-18,2.42861286636753e-16,0.0,1.4345141100115613,2.6107588313450947e-16,2.0878544200886254e-17,0.0,True,True,True
structured,4,32,7,13200014,52000014,0.5,1.0,0.875,1.0,0.6881697424000001,0.6582521061603868,0.06306332501008083,0.5759705928903385,0.6582521061603868,0.7864797026259173,0.0574830634870414,0.6881697397976776,0.0835303558778515,1.1948001309308187,0.6881697424000002,0.06586688230836862,0.0,False,False,False
structured,4,32,8,13200015,52000015,0.125,3.0,0.5,0.5,0.38975000000000004,0.6582521061603868,0.06306332501008083,0.3291260530801934,0.3291260530801934,0.7794999965354513,1.732274320515037e-09,0.38974999826772566,4.444578115497208e-09,1.1841967374511093,0.38975000000000004,0.05635760818203694,0.0,True,False,False
structured,4,32,9,13200016,52000016,0.125,3.0,0.5,0.5,0.40396,0.6582521061603868,0.06306332501008083,0.3291260530801934,0.3291260530801934,0.8079199979972792,1.0013603626846113e-09,0.4039599989986396,2.4788601908223868e-09,1.2273716869816214,0.40396,0.08528500323034524,0.0,True,False,False
structured,4,32,10,13200017,52000017,0.125,3.0,0.5,0.5,0.3583409999999999,0.6582521061603868,0.06306332501008083,0.3291260530801934,0.3291260530801934,0.7166819946812344,2.659382731390325e-09,0.3583409973406172,7.42137442098539e-09,1.0887652131668393,0.3583409999999999,0.04917237281238317,0.0,True,False,False
structured,4,32,11,13200018,52000018,0.125,3.0,0.5,0.5,0.45198,0.6582521061603868,0.06306332501008083,0.3291260530801934,0.3291260530801934,0.9039600065601195,3.280059824445347e-09,0.45198000328005977,7.257090633314189e-09,1.3732732460712624,0.45198,0.05716483730406306,0.0,True,False,False
structured,4,32,12,13200019,52000019,0.5,1.0,0.875,1.0,0.6736647967,0.6582521061603868,0.06306332501008083,0.5759705928903385,0.6582521061603868,0.7699026271165186,0.04582321355825926,0.6736647987269537,0.06802079280782947,1.1696166558545391,0.6736647967,0.03962617175794462,0.0,False,False,False
structured,4,32,13,13200020,52000020,0.24999999999999997,2.0,0.75,0.8660254037844386,0.6422338099999999,0.6582521061603868,0.06306332501008083,0.49368907962029007,0.5700630460295061,0.856311744868966,0.025294127565516987,0.6422338086517245,0.0393846091122437,1.3008872084950396,0.64223381,0.0347582854707306,0.0,True,False,False
structured,4,32,14,13200021,52000021,0.0625,4.0,2.498001805406602e-16,0.0,2.498001805406602e-16,0.6582521061603868,0.06306332501008083,1.6443149496013444e-16,0.0,0.931519206439572,0.0,2.498001805406602e-16,0.0,1.4151404875453633,2.5196858488563123e-16,1.374550422084655e-17,0.0,True,True,True
structured,4,32,15,13200022,52000022,0.0625,4.0,2.42861286636753e-16,0.0,2.3592239273284576e-16,0.6582521061603868,0.06306332501008083,1.5986395343346404e-16,0.0,0.9098300804832699,6.938893903907228e-18,2.42861286636753e-16,0.0,1.3821909143448827,2.389581588158052e-16,1.453593582411061e-17,0.0,True,True,True
structured,4,32,16,13200023,52000023,0.25000000000000006,1.9999999999999998,0.75,0.8660254037844388,0.5529469900000001,0.6582521061603868,0.06306332501008083,0.49368907962029007,0.5700630460295062,0.7372626563835466,0.016072654095886634,0.55294699228766,0.02906726030986556,1.1200308354257031,0.5529469900000001,0.07905543056702934,0.0,True,False,True
structured,4,32,17,13200024,52000024,0.0625,4.0,2.983724378680108e-16,0.0,2.983724378680108e-16,0.6582521061603868,0.06306332501008083,1.9640428564682725e-16,0.0,0.9406053414085002,3.469446951953614e-18,2.949029909160572e-16,0.0,1.4289439146577019,2.953366717850514e-16,8.784427488376865e-18,0.0,True,True,True
structured,4,32,18,13200025,52000025,0.12500000000000003,2.9999999999999996,0.5,0.5000000000000001,0.38239805960000006,0.6582521061603868,0.06306332501008083,0.3291260530801934,0.32912605308019344,0.764796124687374,2.7436869928787466e-09,0.38239806234368706,7.174950091924436e-09,1.1618589861390085,0.38239805960000006,0.07241785930517022,0.0,True,False,False
structured,4,32,19,13200026,52000026,0.125,3.0,0.5,0.5,0.41425,0.6582521061603868,0.06306332501008083,0.3291260530801934,0.3291260530801934,0.8284999956428513,2.178574366046293e-09,0.4142499978214257,5.259081149176326e-09,1.2586363004222316,0.41425,0.08042996953872358,0.0,True,False,False
structured,4,32,20,13200027,52000027,0.125,3.0,0.5,0.5,0.36035000000000006,0.6582521061603868,0.06306332501008083,0.3291260530801934,0.3291260530801934,0.720699997474454,1.2627730250347469e-09,0.360349998737227,3.504295892978345e-09,1.0948692616850533,0.36035000000000006,0.07800525623315392,0.0,True,False,False
structured,4,32,21,13200028,52000028,0.5,1.0,0.875,1.0,0.7029599465,0.6582521061603868,0.06306332501008083,0.5759705928903385,0.6582521061603868,0.8033828019016902,0.019737593475422515,0.702959951663979,0.02807783512232089,1.2204788930913675,0.7029599465,0.03501516285642443,0.0,False,False,False
structured,4,32,22,13200029,52000029,0.25,2.0,0.75,0.8660254037844386,0.6293883424000001,0.6582521061603868,0.06306332501008083,0.49368907962029007,0.5700630460295061,0.8391844535572855,0.007217204210678608,0.6293883401679641,0.011467012851171942,1.274867859447173,0.6293883424,0.04371646842957203,0.0,True,False,False
structured,4,32,23,13200030,52000030,0.125,3.0,0.5,0.5,0.39176292,0.6582521061603868,0.06306332501008083,0.3291260530801934,0.3291260530801934,0.7835258393743447,3.128276838959554e-10,0.39176291968717236,7.985127431048231e-10,1.1903126963690023,0.39176292,0.04903498056987478,0.0,True,False,False
structured,4,32,24,13200031,52000031,0.12499999999999999,3.0,0.5,0.49999999999999994,0.37274699999999994,0.6582521061603868,0.06306332501008083,0.3291260530801934,0.3291260530801933,0.7454939972069331,1.396533402808764e-09,0.3727469986034665,3.746598638778486e-09,1.132535680828174,0.37274699999999994,0.06569144023386912,0.0,True,False,False
structured,4,32,25,13200032,52000032,0.25,2.0,0.75,0.8660254037844386,0.5624534800000001,0.6582521061603868,0.06306332501008083,0.49368907962029007,0.5700630460295061,0.7499379682683656,0.017068987932908612,0.5624534762012742,0.03034737723181766,1.1392868495974686,0.5624534800000001,0.059787106913942505,0.0,True,False,True
structured,4,32,26,13200033,52000033,0.125,3.0,0.5,0.5,0.37015,0.6582521061603868,0.06306332501008083,0.3291260530801934,0.3291260530801934,0.7403000041625178,2.0812589603125264e-09,0.3701500020812589,5.622744725955765e-09,1.1246450975762463,0.37015,0.07694270595709514,0.0,True,False,False
structured,4,32,27,13200034,52000034,0.12500000000000003,2.9999999999999996,0.5000000000000001,0.5000000000000001,0.3524210944,0.6582521061603868,0.06306332501008083,0.32912605308019344,0.32912605308019344,0.7048421849225925,1.9387037253348893e-09,0.3524210924612963,5.501100121817479e-09,1.070778472755625,0.3524210944,0.05916318238609868,0.0,True,False,False
structured,4,32,28,13200035,52000035,0.0625,4.0,3.122502256758253e-16,0.0,3.0878077872387166e-16,0.6582521061603868,0.06306332501008083,2.0553936870016807e-16,0.0,0.963116809126445,2.42861286636753e-17,3.122502256758253e-16,0.0,1.4631427687248089,3.2699537522162814e-16,1.8798238034159158e-17,0.0,True,True,True
structured,4,32,29,13200036,52000036,0.12500000000000003,2.9999999999999996,0.5,0.5000000000000001,0.38240000000000013,0.6582521061603868,0.06306332501008083,0.3291260530801934,0.32912605308019344,0.7647999963324774,1.8337613372221284e-09,0.38239999816623876,4.7954009864595395e-09,1.1618648678446153,0.3824000000000001,0.06949417241754872,0.0,True,False,False
structured,4,32,30,13200037,52000037,0.25,2.0,0.75,0.8660254037844386,0.5887929399999999,0.6582521061603868,0.06306332501008083,0.49368907962029007,0.5700630460295061,0.78505725412748,0.032178627063740015,0.58879294059561,0.05465185615802394,1.1926391830430336,0.5887929399999999,0.043115050270456604,0.0,True,False,False
structured,4,32,31,13200038,52000038,0.125,3.0,0.5,0.5,0.375148,0.6582521061603868,0.06306332501008083,0.3291260530801934,0.3291260530801934,0.7502960002979024,1.489512471697374e-10,0.3751480001489513,3.9704662471807767e-10,1.1398307628279563,0.37514800000000004,0.06887385338428513,0.0,True,False,False
structured,4,32,32,13200039,52000039,0.0625,4.0,0.0,0.0,0.0,0.6582521061603868,0.06306332501008083,0.0,0.0,0.9999999849124109,0.0,0.0,0.0,1.5191747592657994,0.0,0.0,0.0,True,True,True
structured,4,32,33,13200040,52000040,0.125,3.0,0.5,0.5,0.423168,0.6582521061603868,0.06306332501008083,0.3291260530801934,0.3291260530801934,0.8463360017470233,8.73511648430414e-10,0.42316800087351164,2.064219526122991e-09,1.285732311110614,0.42316800000000004,0.049239319572877895,0.0,True,False,False
structured,4,32,34,13200041,52000041,0.0625,4.0,8.326672684688674e-17,0.0,8.326672684688674e-17,0.6582521061603868,0.06306332501008083,5.481049832004482e-17,0.0,0.6180340037265543,6.938893903907228e-18,8.326672684688674e-17,0.0,0.9389016729951288,9.584347204771859e-17,2.818210699222645e-17,0.0,True,True,True
structured,4,32,35,13200042,52000042,0.5,1.0,0.875,1.0,0.65308978,0.6582521061603868,0.06306332501008083,0.5759705928903385,0.6582521061603868,0.7463883208351149,0.057568840313168064,0.6530897807307255,0.08814843238423983,1.1338943147312213,0.65308978,0.07588232021913931,0.0,True,False,True
structured,4,32,36,13200043,52000043,0.125,3.0,0.5,0.5,0.4019999999999999,0.6582521061603868,0.06306332501008083,0.3291260530801934,0.3291260530801934,0.8039999995545403,2.2272977559523177e-10,0.4019999997772701,5.540541681473428e-10,1.221416524201202,0.4019999999999999,0.05132484778350538,0.0,True,False,False
structured,4,32,37,13200044,52000044,0.0625,4.0,2.983724378680108e-16,0.0,3.0531133177191805e-16,0.6582521061603868,0.06306332501008083,1.9640428564682725e-16,0.0,0.9098300803661237,5.898059818321144e-17,2.8102520310824275e-16,0.0,1.3821909141669173,3.5171518475429764e-16,3.09727438894297e-17,0.0,True,True,True
structured,4,32,38,13200045,52000045,0.25,2.0,0.75,0.8660254037844386,0.55571108,0.6582521061603868,0.06306332501008083,0.49368907962029007,0.5700630460295061,0.7409481095260014,0.009523967381500343,0.555711082144501,0.01713834351026498,1.1256296829006505,0.5557110799999998,0.04602608301533384,0.0,True,False,True
structured,4,32,39,13200046,52000046,0.125,3.0,0.5,0.5,0.32936189039999997,0.6582521061603868,0.06306332501008083,0.3291260530801934,0.3291260530801934,0.6587237870323089,3.1161544941649133e-09,0.3293618935161545,9.461187177364202e-09,1.0007165656858639,0.3293618904,0.07296126211811911,0.0,True,False,False
structured,4,32,40,13200047,52000047,0.0625,4.0,2.3592239273284576e-16,0.0,2.2898349882893854e-16,0.6582521061603868,0.06306332501008083,1.5529641190679364e-16,0.0,0.8541019866019545,1.0408340855860843e-17,2.185751579730777e-16,0.0,1.2975301994610675,2.40692882291782e-16,2.76274991446295e-17,0.0,True,True,True
structured,4,32,41,13200048,52000048,0.12499999999999999,3.0,0.5,0.49999999999999994,0.3823980596,0.6582521061603868,0.06306332501008083,0.3291260530801934,0.3291260530801933,0.764796124687374,2.7436870206343222e-09,0.382398062343687,7.1749501645073785e-09,1.1618589861390085,0.38239805959999995,0.08421233568244298,0.0,True,False,False
structured,4,32,42,13200049,52000049,0.125,3.0,0.5,0.5,0.423168,0.6582521061603868,0.06306332501008083,0.3291260530801934,0.3291260530801934,0.8463360017470234,8.735116692470957e-10,0.4231680008735117,2.0642195753154672e-09,1.285732311110614,0.42316800000000004,0.04475328564474344,0.0,True,False,False
structured,4,32,43,13200050,52000050,0.25,2.0,0.75,0.8660254037844386,0.5771280000000001,0.6582521061603868,0.06306332501008083,0.49368907962029007,0.5700630460295061,0.7695039992809811,0.026411000179754736,0.5771279994607359,0.0457628120274094,1.1690110704993129,0.5771280000000001,0.05235218337376196,0.0,True,False,False
structured,4,32,44,13200051,52000051,0.25,2.0,0.75,0.8660254037844386,0.5606331299999999,0.6582521061603868,0.06306332501008083,0.49368907962029007,0.5700630460295061,0.7475108451407441,0.013397581285186012,0.5606331338555581,0.023897234337874423,1.1355996253487246,0.56063313,0.09963181783802608,0.0,True,False,True
structured,4,32,45,13200052,52000052,0.125,3.0,0.5,0.5,0.38470398000000006,0.6582521061603868,0.06306332501008083,0.3291260530801934,0.3291260530801934,0.7694079617393015,8.696507090844019e-10,0.38470398086965074,2.260571125581809e-09,1.16886517268785,0.38470398000000006,0.038231399770680595,0.0,True,False,False
structured,4,32,46,13200053,52000053,0.06249999999999999,4.0,3.400058012914542e-16,0.0,3.469446951953614e-16,0.6582521061603868,0.06306332501008083,2.238095348068497e-16,0.0,0.9629943957616245,6.938893903907228e-18,3.400058012914542e-16,0.0,1.4629568014279708,3.41740524767431e-16,2.794082066797298e-17,0.0,True,True,True
structured,4,32,47,13200054,52000054,0.25,2.0,0.75,0.8660254037844386,0.5030738099999998,0.6582521061603868,0.06306332501008083,0.49368907962029007,0.5700630460295061,0.6707650828863783,0.02597392144318919,0.5030738121647838,0.05163043856961903,1.0190093986922126,0.5030738099999998,0.061513932887572745,0.0,True,False,True
structured,4,32,48,13200055,52000055,0.0625,4.0,2.5673907444456745e-16,0.0,2.636779683484747e-16,0.6582521061603868,0.06306332501008083,1.6899903648680486e-16,0.0,0.8348885801828,5.551115123125783e-17,2.220446049250313e-16,0.0,1.2683416769491882,2.714842239903703e-16,1.3211260394454924e-17,0.0,True,True,True
structured,4,32,49,13200056,52000056,0.25,2.0,0.75,0.8660254037844386,0.5625068214000002,0.6582521061603868,0.06306332501008083,0.49368907962029007,0.5700630460295061,0.7500090973491563,0.025840875737289007,0.5625068230118673,0.045938777547576595,1.139394907103286,0.5625068214000001,0.055158713395177486,0.0,True,False,True
