mode,n,depth,instance,qcap,qcap_std,alpha_hat,h2_true,r2_true,c2_true,h2_collision,r2_collision,c2_collision,h2_qproj,r2_qproj,c2_qproj,q_reconstruction_tvd,raw_negative_mass,actual_tvd,pred_true_h2,pred_collision_h2,pred_qproj_h2
random,2,2,0,0.04134220395858257,0.005207776563680508,0.04961064475029908,1.4972933651906828,0.32282706422076013,0.3542173133933948,1.5081877511577202,0.31867310247194824,0.3515525462390968,1.5081877511577195,0.3186731024719484,0.35155254623909693,0.005230224301195192,-0.0,0.02036076613634625,0.01601565879883812,0.01580957807821148,0.01580957807821149
random,2,2,1,0.04134220395858257,0.005207776563680508,0.04961064475029908,1.0909358260658526,0.46846211752927636,0.46945675556001354,1.1261290068662009,0.45622730407740997,0.4581433529857415,1.1261290068662004,0.4562273040774101,0.4581433529857416,0.012436642368749959,-0.0,0.034490507346164004,0.023240707691717787,0.02263373070797106,0.02263373070797107
random,2,2,2,0.04134220395858257,0.005207776563680508,0.04961064475029908,1.6536874050669124,0.2604357497738189,0.3178267797602512,1.6528299270912157,0.2607982724997131,0.3180157389388346,1.652829927091216,0.260798272499713,0.31801573893883456,0.000791074529808606,-0.0,0.010106497271700255,0.012920385462306713,0.012938370448474961,0.012938370448474956
random,2,2,3,0.04134220395858257,0.005207776563680508,0.04961064475029908,1.5761150058119848,0.2922050987126382,0.33538381971366266,1.5717031274626803,0.2939575146929682,0.33641102044446664,1.5717031274626805,0.29395751469296816,0.3364110204444666,0.0020217293972670455,-0.0,0.010513181038323646,0.01449648334645877,0.01458342183311367,0.014583421833113666
random,2,2,4,0.04134220395858257,0.005207776563680508,0.04961064475029908,0.4657548118311692,0.6885434890180648,0.7240921362691699,0.4707200594481822,0.6867345556749348,0.7216043499580501,0.47072005944818196,0.6867345556749349,0.7216043499580502,0.00844365030447005,-0.0,0.03131614509474849,0.03415908642880667,0.03406934407934368,0.034069344079343686
random,2,2,5,0.04134220395858257,0.005207776563680508,0.04961064475029908,1.8184645740526197,0.18309166313725408,0.2835225571103657,1.8213882390072957,0.18151741487859452,0.2829485719042078,1.821388239007295,0.18151741487859482,0.2829485719042079,0.002555606245876127,-0.0,0.00930318601923067,0.009083295456643742,0.009005195985534606,0.009005195985534621
random,2,2,6,0.04134220395858257,0.005207776563680508,0.04961064475029908,1.2466821770184895,0.4140244458063498,0.42141624172525505,1.2714579959748968,0.40526648888810124,0.4142409270156895,1.2714579959748966,0.4052664888881013,0.41424092701568954,0.009402996522913383,-0.0,0.0249521189464928,0.020540019698838275,0.02010553180942862,0.020105531809428624
random,2,2,7,0.04134220395858257,0.005207776563680508,0.04961064475029908,1.6713014424273207,0.25292288606779256,0.31396998629686157,1.6756877309723173,0.25103159030046507,0.31301685932878054,1.6756877309723173,0.25103159030046507,0.31301685932878054,0.0033211814861381223,-0.0,0.012208396603092003,0.012547667449929627,0.012453839047498997,0.012453839047498997
random,2,2,8,0.04134220395858257,0.005207776563680508,0.04961064475029908,1.1579114413157117,0.44515262431802066,0.44816085893722085,1.1644996407075066,0.44285320031978515,0.44611895703347576,1.1644996407075068,0.4428532003197851,0.4461189570334757,0.005678188653756182,-0.0,0.02090412666706134,0.02208430870470467,0.021970232797597897,0.021970232797597893
random,2,2,9,0.04134220395858257,0.005207776563680508,0.04961064475029908,1.6074173250244672,0.2796164054899405,0.32818533421911483,1.6117212578667033,0.2778627922938823,0.32720773134135317,1.6117212578667033,0.2778627922938823,0.32720773134135317,0.005096323399555472,-0.0,0.014860563287000444,0.013871950159117016,0.013784952277817935,0.013784952277817935
random,2,2,10,0.04134220395858257,0.005207776563680508,0.04961064475029908,1.0970344579231197,0.46634368586111696,0.46747643334253214,1.1216438291206547,0.4577880359032571,0.4595698858161618,1.1216438291206552,0.4577880359032569,0.45956988581616165,0.009440305911678427,-0.0,0.02767488383035359,0.023135610930800948,0.02271115962013365,0.02271115962013364
random,2,2,11,0.04134220395858257,0.005207776563680508,0.04961064475029908,1.1335370998071679,0.4536483912813947,0.4557968629121974,1.1431243080164784,0.45030875716467433,0.4527779767791936,1.1431243080164781,0.4503087571646744,0.4527779767791937,0.005232125592218414,-0.0,0.02158368262218259,0.022505789181405948,0.022340107779645357,0.022340107779645357
random,2,2,12,0.04134220395858257,0.005207776563680508,0.04961064475029908,1.7008915694360893,0.23999157010238015,0.30759595372020565,1.7075595823775378,0.23701804140659447,0.30617755195221813,1.7075595823775382,0.23701804140659435,0.3061775519522181,0.002594325703454848,-0.0,0.011868496310498133,0.01190613652741568,0.011758617851634236,0.011758617851634231
random,2,2,13,0.04134220395858257,0.005207776563680508,0.04961064475029908,1.084589354185692,0.4706659783791935,0.47152646320364344,1.1075185783378667,0.46270031114550403,0.46409157793414624,1.1075185783378667,0.46270031114550403,0.46409157793414624,0.009093999656961789,-0.0,0.0299086224764733,0.023350042649422118,0.022954860762092452,0.022954860762092452
random,2,2,14,0.04134220395858257,0.005207776563680508,0.04961064475029908,1.5759666097558958,0.29226412569951143,0.3354183191708998,1.5887800930411502,0.28714534335105024,0.33245244820819253,1.5887800930411498,0.2871453433510504,0.33245244820819264,0.005097517323562097,-0.0,0.0163270710539323,0.014499411713335218,0.014245465620691608,0.014245465620691617
random,2,2,15,0.04134220395858257,0.005207776563680508,0.04961064475029908,1.591959792995863,0.2858680287530721,0.33172052986316725,1.6004054903614322,0.28246110177091527,0.32978427401363936,1.6004054903614324,0.28246110177091516,0.3297842740136393,0.004973167264413086,-0.0,0.017066036208032095,0.014182097219936943,0.014013077375734952,0.014013077375734947
random,2,2,16,0.04134220395858257,0.005207776563680508,0.04961064475029908,0.7232071668126373,0.5964472651674535,0.6057493401257346,0.7451610330227486,0.5887285243743746,0.5966012754120286,0.7451610330227486,0.5887285243743746,0.5966012754120286,0.010105246126097069,-0.0,0.03180395200071434,0.02959013338450997,0.029207201677104895,0.029207201677104895
random,2,2,17,0.04134220395858257,0.005207776563680508,0.04961064475029908,1.1883182782450676,0.43452742116183807,0.4388140797415574,1.18998028439304,0.43394567686035884,0.438308850465795,1.1899802843930407,0.4339456768603586,0.43830885046579476,0.0050264388476662075,-0.0,0.019308822473291062,0.02155718552552354,0.021528324815647343,0.021528324815647332
random,2,2,18,0.04134220395858257,0.005207776563680508,0.04961064475029908,1.3099533740126377,0.3915787463803281,0.4033339146167893,1.302463192300745,0.39425041315050824,0.40543338826934644,1.302463192300745,0.39425041315050824,0.40543338826934644,0.003054248316156534,-0.0,0.016617770113313054,0.01942647407844192,0.019559017189468505,0.019559017189468505
random,2,2,19,0.04134220395858257,0.005207776563680508,0.04961064475029908,1.6564053993243497,0.2592847224735733,0.31722856730819793,1.6625798872442237,0.25665888745058124,0.31587378450737014,1.6625798872442237,0.25665888745058124,0.31587378450737014,0.0043505789029888164,-0.0,0.013792376694249278,0.012863282255816334,0.012733012887317782,0.012733012887317782
random,2,2,20,0.04134220395858257,0.005207776563680508,0.04961064475029908,1.7916291023774025,0.19709311241997204,0.28884569496339174,1.79291892774775,0.19643719378722466,0.28858757110299965,1.7929189277477504,0.19643719378722438,0.28858757110299954,0.003949179111599685,-0.0,0.009142088004721022,0.009777916382997994,0.00974537583672366,0.009745375836723646
random,2,2,21,0.04134220395858257,0.005207776563680508,0.04961064475029908,0.35780691763509603,0.7282512690843894,0.7803499109230237,0.3636064519264024,0.7260986537476923,0.7772192549742112,0.3636064519264022,0.7260986537476924,0.7772192549742113,0.011547700561469603,-0.0,0.033209646032876766,0.03612901499950011,0.03602222236474718,0.03602222236474719
random,2,2,22,0.04134220395858257,0.005207776563680508,0.04961064475029908,1.635244028179019,0.26817149645625066,0.32191595151158486,1.6407811077149157,0.26586237503645543,0.3206828024600249,1.6407811077149161,0.26586237503645527,0.3206828024600248,0.004492333404691656,-0.0,0.013666085662741509,0.01330416084284714,0.013189603840404374,0.013189603840404365
random,2,2,23,0.04134220395858257,0.005207776563680508,0.04961064475029908,0.36850551469849335,0.7242820390110857,0.7745844720340559,0.38891284621134814,0.7167320861427379,0.763704883306521,0.3889128462113479,0.7167320861427379,0.7637048833065211,0.011254520027793601,-0.0,0.0366958402920538,0.03593209893640123,0.035557540906768124,0.035557540906768124
random,2,2,24,0.04134220395858257,0.005207776563680508,0.04961064475029908,1.6103234420393184,0.2784329613394621,0.3275249139602624,1.6317975672857863,0.26960322201857956,0.3226858973227995,1.6317975672857863,0.26960322201857956,0.3226858973227995,0.00889610880425272,-0.0,0.021937579475754115,0.013813238731785813,0.013375189671099762,0.013375189671099762
random,2,2,25,0.04134220395858257,0.005207776563680508,0.04961064475029908,1.7230537597285,0.23001495072240657,0.3029068775558311,1.7277876352810222,0.22784772640924714,0.30191458642986313,1.727787635281022,0.22784772640924725,0.3019145864298632,0.005180571035040334,-0.0,0.012351079790085796,0.011411190007546862,0.011303672612052498,0.011303672612052503
random,2,2,26,0.04134220395858257,0.005207776563680508,0.04961064475029908,1.5376526724389925,0.30731974643315635,0.3444454265477395,1.552215661897556,0.3016388278578986,0.340985982471487,1.5522156618975553,0.3016388278578988,0.3409859824714871,0.006584690397797908,-0.0,0.0200002804807562,0.015246330765047313,0.014964496731754824,0.014964496731754836
random,2,2,27,0.04134220395858257,0.005207776563680508,0.04961064475029908,0.9452238650352013,0.5189883980224386,0.5193489572818971,0.9435612646819211,0.519565023759645,0.5199478139143604,0.9435612646819211,0.519565023759645,0.5199478139143604,0.0060021759032010714,-0.0,0.021854478077192638,0.02574734904381802,0.02577595581842045,0.02577595581842045
random,2,2,28,0.04134220395858257,0.005207776563680508,0.04961064475029908,1.1483530486159312,0.4484862870430707,0.4511399496656796,1.149831076271557,0.44797097858565754,0.45067799765499167,1.149831076271557,0.44797097858565754,0.45067799765499167,0.004537455301015944,-0.0,0.019495031814792306,0.022249693861874444,0.022224129077056894,0.022224129077056894
random,2,2,29,0.04134220395858257,0.005207776563680508,0.04961064475029908,0.6980980997543083,0.6052968269179674,0.6163842486769597,0.7018340397120729,0.603978602176271,0.6147901518868022,0.7018340397120731,0.6039786021762709,0.6147901518868021,0.007939686270348958,-0.0,0.027807541110621555,0.03002916584871055,0.029963767869349196,0.02996376786934919
random,2,4,0,0.06353354231462183,0.009908786744992877,0.07624025077754619,1.7737386572514469,0.20603370650597053,0.2924498882165884,1.7801141155391267,0.20288017461559907,0.29116036525205596,1.7801141155391267,0.20288017461559907,0.29116036525205596,0.0026233478594411136,-0.0,0.01663456217805802,0.015708061452642544,0.015467635390485634,0.015467635390485634
random,2,4,1,0.06353354231462183,0.009908786744992877,0.07624025077754619,1.4551402034980747,0.3387028790516484,0.36471964027787557,1.4506208550015205,0.3403879298529035,0.36586394278954515,1.4506208550015205,0.3403879298529035,0.36586394278954515,0.002121273884742837,-0.0,0.022283964595783294,0.02582279243797457,0.025951261133635165,0.025951261133635165
random,2,4,2,0.06353354231462183,0.009908786744992877,0.07624025077754619,1.4673659547520095,0.3341286811184803,0.3616419755459751,1.488243374752549,0.3262610821584641,0.35644629373121206,1.488243374752549,0.3262610821584641,0.35644629373121206,0.008794648470636036,-0.0,0.031364575204976805,0.025474054440443702,0.024874226722714905,0.024874226722714905
random,2,4,3,0.06353354231462183,0.009908786744992877,0.07624025077754619,0.8700895589903853,0.5450806235248409,0.5471128861422293,0.8916258915586247,0.5375930852637584,0.5390063253234065,0.8916258915586247,0.5375930852637584,0.5390063253234065,0.0071797616933382685,-0.0,0.040857557343179356,0.04155708343151511,0.04098623163678371,0.04098623163678371
random,2,4,4,0.06353354231462183,0.009908786744992877,0.07624025077754619,1.2364659309795372,0.4176254707662549,0.42441103383273604,1.2505198624969178,0.4126702437764602,0.4202967300985231,1.250519862496918,0.4126702437764601,0.42029673009852303,0.006035817122114911,-0.0,0.030474088913437742,0.03183987062231006,0.031462082873948444,0.03146208287394844
random,2,4,5,0.06353354231462183,0.009908786744992877,0.07624025077754619,1.0923662472524076,0.46796530151718524,0.4689915234240701,1.1104452640279665,0.4616828618732554,0.46315106494747943,1.1104452640279665,0.46168286187325536,0.4631510649474794,0.007758636943812878,-0.0,0.038642826905980254,0.03567779194286022,0.03519881716891221,0.035198817168912204
random,2,4,6,0.06353354231462183,0.009908786744992877,0.07624025077754619,1.6695702352501933,0.2536670466855441,0.314346970574166,1.6815753446570039,0.24847946779719515,0.31174204591677734,1.6815753446570039,0.24847946779719515,0.31174204591677734,0.004615344725607734,-0.0,0.02050894493752524,0.019339639253305396,0.01894413693792937,0.01894413693792937
random,2,4,7,0.06353354231462183,0.009908786744992877,0.07624025077754619,1.7080065206366901,0.23681789348828222,0.3060827146762274,1.7085970687537766,0.23655326970553844,0.3059574494083812,1.7085970687537766,0.23655326970553844,0.3059574494083812,0.004205682229188504,-0.0,0.01625714173629364,0.01805505558815686,0.01803488060459877,0.01803488060459877
random,2,4,8,0.06353354231462183,0.009908786744992877,0.07624025077754619,1.610965655195375,0.27817107913588557,0.3273791492676231,1.6143862318633357,0.27677403209532475,0.32660386484230386,1.6143862318633355,0.27677403209532486,0.3266038648423039,0.002897716583526222,-0.0,0.018850270157145965,0.021207832832380563,0.02110132161566018,0.021101321615660185
random,2,4,9,0.06353354231462183,0.009908786744992877,0.07624025077754619,0.9151350926679119,0.5294281935120201,0.530294212085401,0.935644003643039,0.522311249575557,0.5228090414331797,0.9356440036430387,0.5223112495755571,0.5228090414331799,0.008601198432339963,-0.0,0.03847850999617598,0.04036373824205967,0.03982114065157398,0.03982114065157399
random,2,4,10,0.06353354231462183,0.009908786744992877,0.07624025077754619,1.680516933358017,0.24893941963082528,0.3119708346461321,1.6863180644091993,0.24641206725934664,0.31071890689102477,1.686318064409199,0.24641206725934675,0.3107189068910248,0.003728994024912155,-0.0,0.01643403488623471,0.018979203781070923,0.018786517802466166,0.018786517802466176
random,2,4,11,0.06353354231462183,0.009908786744992877,0.07624025077754619,1.7043910525907617,0.23843392305880093,0.3068507356652102,1.704933455907845,0.2381919228501963,0.30673539211107387,1.704933455907845,0.2381919228501963,0.30673539211107387,0.0048279749363768845,-0.0,0.016606985936656507,0.018178262087877137,0.0181598119312849,0.0181598119312849
random,2,4,12,0.06353354231462183,0.009908786744992877,0.07624025077754619,0.9602491818451593,0.5137782919147311,0.5139681332428186,0.9869487848519448,0.5045232677715086,0.5045437277228414,0.9869487848519448,0.5045232677715086,0.5045437277228414,0.011360475168390106,-0.0,0.03954182465109664,0.039170585819638434,0.0384649804580069,0.0384649804580069
random,2,4,13,0.06353354231462183,0.009908786744992877,0.07624025077754619,0.2511559769935407,0.7682596609296594,0.8402229066117551,0.2821901217422606,0.7565326770544901,0.8223416914512335,0.28219012174226077,0.7565326770544901,0.8223416914512334,0.013390366657473968,-0.0,0.06025581185605226,0.058572309211549836,0.05767824102004269,0.05767824102004269
random,2,4,14,0.06353354231462183,0.009908786744992877,0.07624025077754619,1.2060830655954444,0.42830342606738453,0.43344382478105953,1.2058180707400679,0.42839636698328015,0.4335234472444732,1.2058180707400683,0.42839636698328,0.4335234472444731,0.005998164759719758,-0.0,0.027104724633316916,0.032653960612259614,0.03266104645099499,0.03266104645099498
random,2,4,15,0.06353354231462183,0.009908786744992877,0.07624025077754619,1.713351188459273,0.2344160527232146,0.30495088577433294,1.7298054405167251,0.226919838224302,0.3014926129797434,1.7298054405167247,0.22691983822430226,0.3014926129797435,0.006839044310584557,-0.0,0.02039296448581737,0.017871938645900372,0.017300425372620998,0.017300425372621015
random,2,4,16,0.06353354231462183,0.009908786744992877,0.07624025077754619,0.9138465338136746,0.5298755153252012,0.5307680617411474,0.924106002409912,0.5263145335644869,0.5270069882412034,0.924106002409912,0.5263145335644869,0.5270069882412034,0.00846505041120199,-0.0,0.038298260946241565,0.040397842169274854,0.04012635202682373,0.04012635202682373
random,2,4,17,0.06353354231462183,0.009908786744992877,0.07624025077754619,1.051093575208604,0.4822885123757634,0.48260220916962693,1.0710589721445734,0.4753624910981901,0.47596949794307686,1.0710589721445734,0.4753624910981901,0.47596949794307686,0.006158711772959839,-0.0,0.037399798950608125,0.036769797130657894,0.036241755531565084,0.036241755531565084
random,2,4,18,0.06353354231462183,0.009908786744992877,0.07624025077754619,1.7482499115015486,0.21831776182560927,0.29766264512854346,1.7660639313869009,0.20978508902088905,0.29400978357550234,1.7660639313869015,0.20978508902088877,0.2940097835755022,0.007858477170011369,-0.0,0.021639546267501378,0.01664460091077705,0.015994067796342434,0.015994067796342413
random,2,4,19,0.06353354231462183,0.009908786744992877,0.07624025077754619,1.7679272327441098,0.20887867932830398,0.29363030267793644,1.7683024422105476,0.2086958231347171,0.2935539465938771,1.7683024422105476,0.2086958231347171,0.2935539465938771,0.002464678734534126,-0.0,0.014765937797198855,0.01592496289407255,0.015911021892017256,0.015911021892017256
random,2,4,20,0.06353354231462183,0.009908786744992877,0.07624025077754619,1.5186378588386213,0.314666949090915,0.3490152888501845,1.5219335633167945,0.3133989556743945,0.3482189054178011,1.5219335633167945,0.3133989556743945,0.3482189054178011,0.003646669059927554,-0.0,0.022099780251799393,0.023990287110096722,0.02389361497403692,0.02389361497403692
random,2,4,21,0.06353354231462183,0.009908786744992877,0.07624025077754619,1.6194337051657435,0.2747056450952725,0.3254631914472098,1.6226111409811401,0.2733992869655836,0.3247471701132895,1.6226111409811401,0.2733992869655836,0.3247471701132895,0.0029478111384729274,-0.0,0.019051689208753067,0.020943627272071177,0.020844030200658406,0.020844030200658406
random,2,4,22,0.06353354231462183,0.009908786744992877,0.07624025077754619,1.7250745717895506,0.22909143762815354,0.30248288679453417,1.7306617653222849,0.2265253018706661,0.3013137123875964,1.7306617653222856,0.22652530187066588,0.3013137123875963,0.002585319574203493,-0.0,0.016439641668896013,0.017465988655759008,0.017270345822078936,0.017270345822078922
random,2,4,23,0.06353354231462183,0.009908786744992877,0.07624025077754619,1.4933305751545647,0.3243325667357333,0.3551916138453889,1.500221395341341,0.3217128200889017,0.353499138609554,1.5002213953413408,0.32171282008890173,0.35349913860955406,0.006973520445492323,-0.0,0.020816129503719166,0.02472719622325754,0.024527466081929464,0.024527466081929468
random,2,4,24,0.06353354231462183,0.009908786744992877,0.07624025077754619,1.797177516740175,0.19426004734142455,0.2877369659930925,1.8075884538019984,0.18885984314175283,0.2856680403515275,1.8075884538019984,0.18885984314175283,0.2856680403515275,0.005309023777869529,-0.0,0.01587710584562825,0.014810434725368202,0.014398721802935272,0.014398721802935272
random,2,4,25,0.06353354231462183,0.009908786744992877,0.07624025077754619,1.8296436758319041,0.17701440031867902,0.28133409792018155,1.8352959025545394,0.1738793733727873,0.28023403648451317,1.8352959025545394,0.1738793733727873,0.28023403648451317,0.0029053707774506846,-0.0,0.013385745240564025,0.01349562227153304,0.013256607030983891,0.013256607030983891
random,2,4,26,0.06353354231462183,0.009908786744992877,0.07624025077754619,1.1617372376730362,0.44381751031525535,0.4469739824624318,1.1755340256047562,0.4389986933585601,0.4427198527705231,1.1755340256047557,0.43899869335856034,0.4427198527705233,0.0060195851173560425,-0.0,0.033654378561659364,0.03383675828590126,0.033469370472671726,0.03346937047267174
random,2,4,27,0.06353354231462183,0.009908786744992877,0.07624025077754619,1.3604220456932594,0.37345459989198626,0.38946833818048354,1.3719201078516572,0.36929212098171255,0.3863766706191718,1.371920107851657,0.3692921209817126,0.38637667061917186,0.0047259385851777195,-0.0,0.02619044058838342,0.028472272349793208,0.02815492391381769,0.028154923913817697
random,2,4,28,0.06353354231462183,0.009908786744992877,0.07624025077754619,0.33952749863748616,0.7350510887209726,0.7903001030298871,0.3614099764683655,0.7269136520789744,0.7784034575787923,0.3614099764683653,0.7269136520789745,0.7784034575787924,0.008370359562491776,-0.0,0.05476081431488588,0.0560404793383953,0.05542007912812297,0.055420079128122975
random,2,4,29,0.06353354231462183,0.009908786744992877,0.07624025077754619,1.5469731013277985,0.30368953546793015,0.3422273339527272,1.5536841146595475,0.30106325770100717,0.34063908513754304,1.5536841146595475,0.30106325770100717,0.34063908513754304,0.0022869350657883005,-0.0,0.02355682163883927,0.023153366342591502,0.022953138267029802,0.022953138267029802
random,2,8,0,0.10638703210312028,0.018781812980329174,0.12766443852374434,1.3109873112453674,0.39120961207727767,0.40304496058165407,1.3141122622777988,0.39009343683144415,0.4021728894589679,1.3141122622777988,0.39009343683144415,0.4021728894589679,0.0024679537592168167,-0.0,0.045820484600945885,0.04994355547093749,0.04980105958488405,0.04980105958488405
random,2,8,1,0.10638703210312028,0.018781812980329174,0.12766443852374434,1.7028792511055755,0.2391076188107443,0.3071724533733442,1.7028900623132366,0.23910280530747807,0.30717015150590576,1.7028900623132368,0.23910280530747796,0.3071701515059057,0.0031218408822360003,-0.0,0.027921688777903277,0.03052553990222316,0.030524925389031347,0.030524925389031333
random,2,8,2,0.10638703210312028,0.018781812980329174,0.12766443852374434,1.1735524052153934,0.43969122173975994,0.44332837047500273,1.1723010893696422,0.440128454419826,0.4437130563899849,1.172301089369642,0.44012845441982607,0.44371305638998493,0.002148381411809619,-0.0,0.04665654203852245,0.05613293294722563,0.05618875201183049,0.056188752011830496
random,2,8,3,0.10638703210312028,0.018781812980329174,0.12766443852374434,1.1239096803169968,0.45699963501180346,0.4588486664009216,1.1050029294539816,0.46357472677356826,0.46490152730318846,1.1050029294539816,0.46357472677356826,0.46490152730318846,0.007068342848678628,-0.0,0.048768343828194574,0.058342601809337986,0.05918200720734579,0.05918200720734579
random,2,8,4,0.10638703210312028,0.018781812980329174,0.12766443852374434,0.6788265168589491,0.6121055259134727,0.624673174853809,0.6935785284277012,0.6068922809699434,0.6183182407009008,0.6935785284277007,0.6068922809699436,0.618318240700901,0.009979088578558948,-0.0,0.07183181409232163,0.07814410828302473,0.07747856229442232,0.07747856229442235
random,2,8,5,0.10638703210312028,0.018781812980329174,0.12766443852374434,0.6850548914270694,0.609903403107883,0.6219821611225769,0.6696283899363377,0.6153605440384281,0.6286685991592702,0.6696283899363371,0.6153605440384283,0.6286685991592704,0.009642252395966342,-0.0,0.06333969521553443,0.0778629755114888,0.07855965834433178,0.0785596583443318
random,2,8,6,0.10638703210312028,0.018781812980329174,0.12766443852374434,1.5381243523846537,0.3071365017688421,0.34433283071880194,1.5568094874347087,0.29983652657499615,0.3399019426685584,1.5568094874347087,0.29983652657499615,0.3399019426685584,0.007246685084782895,-0.0,0.0358681604853375,0.03921040904846624,0.038278461814106636,0.038278461814106636
random,2,8,7,0.10638703210312028,0.018781812980329174,0.12766443852374434,0.9946968610657251,0.5018379320278268,0.5018413100219657,0.9840030682424814,0.5055442267459638,0.5055749651961744,0.9840030682424814,0.5055442267459638,0.5055749651961744,0.004451827914393625,-0.0,0.05092173710045748,0.06406685782224948,0.06454001985644396,0.06454001985644396
random,2,8,8,0.10638703210312028,0.018781812980329174,0.12766443852374434,1.707667467939091,0.23696973788982437,0.30615465667557207,1.703374417928392,0.23888709187290527,0.3070670426634939,1.7033744179283923,0.23888709187290516,0.3070670426634938,0.0027966768926124333,-0.0,0.025580019156443277,0.030252608534823294,0.030497386454524582,0.03049738645452457
random,2,8,9,0.10638703210312028,0.018781812980329174,0.12766443852374434,1.6273696294604756,0.27143656785388515,0.3236778103682968,1.627893145129481,0.27122016445210234,0.32356037760542544,1.6278931451294814,0.27122016445210223,0.3235603776054254,0.0035180125811806427,-0.0,0.02847813304187091,0.03465279702987848,0.03462517001109525,0.03462517001109524
random,2,8,10,0.10638703210312028,0.018781812980329174,0.12766443852374434,1.4022652727815812,0.3582382256168932,0.3783346262931401,1.398214466398895,0.3597199034046843,0.3793984089054754,1.3982144663988951,0.3597199034046842,0.3793984089054753,0.004621909389249847,-0.0,0.03605154672218292,0.045734281931123125,0.04592343949397457,0.04592343949397456
random,2,8,11,0.10638703210312028,0.018781812980329174,0.12766443852374434,1.8244035144960593,0.17988279113189845,0.2823578185454022,1.8210163488549294,0.18171823866525724,0.2830215182636034,1.8210163488549287,0.18171823866525755,0.2830215182636035,0.0016144104229832562,-0.0,0.019841462549706715,0.022964635529937796,0.023198956908723836,0.023198956908723874
random,2,8,12,0.10638703210312028,0.018781812980329174,0.12766443852374434,0.7808284125093665,0.5762226022491603,0.582032487342794,0.7952777411416151,0.571167426496845,0.5762322290910289,0.7952777411416156,0.5711674264968448,0.5762322290910287,0.008406185901546829,-0.0,0.0658765242245139,0.07356313498082992,0.07291776880677174,0.07291776880677171
random,2,8,13,0.10638703210312028,0.018781812980329174,0.12766443852374434,1.5609753865977523,0.29819769264438417,0.3389218638984346,1.5661400572356527,0.29615998124404935,0.3377107344904757,1.566140057235653,0.2961599812440493,0.3377107344904756,0.002983251701597734,-0.0,0.03507558046915784,0.03806924100052139,0.03780909771872422,0.03780909771872421
random,2,8,14,0.10638703210312028,0.018781812980329174,0.12766443852374434,1.8303424332694187,0.1766291852011693,0.28119786906482896,1.8320374759178721,0.17569200252860048,0.28086767975250976,1.8320374759178726,0.17569200252860032,0.2808676797525097,0.0028376519506247352,-0.0,0.01977575344589081,0.022549265755613734,0.022429620855926053,0.022429620855926032
random,2,8,15,0.10638703210312028,0.018781812980329174,0.12766443852374434,1.3372570230000111,0.3818015425732525,0.3957724179113151,1.3271485871488946,0.38542857685467774,0.39855518785622224,1.3271485871488942,0.3854285768546779,0.39855518785622235,0.006009003871615813,-0.0,0.039771001464034964,0.04874247956011375,0.04920552285515828,0.0492055228551583
random,2,8,16,0.10638703210312028,0.018781812980329174,0.12766443852374434,0.4950983147883288,0.6778741221782094,0.709513325518878,0.4945286752275745,0.6780807680153078,0.7097935279522297,0.49452867522757427,0.6780807680153079,0.7097935279522298,0.006835642544667918,-0.0,0.0739589367263467,0.08654041919765718,0.08656680052242362,0.08656680052242363
random,2,8,17,0.10638703210312028,0.018781812980329174,0.12766443852374434,0.675216977408808,0.6133824481786914,0.626238027733685,0.6599955082869405,0.618773195446476,0.6328802674030428,0.6599955082869405,0.618773195446476,0.6328802674030428,0.008741203043499417,-0.0,0.06410671570521491,0.07830712584705235,0.07899533257021749,0.07899533257021749
random,2,8,18,0.10638703210312028,0.018781812980329174,0.12766443852374434,0.9909021899210865,0.5031530815026041,0.5031630234255662,0.9883550841169274,0.5040358638662868,0.504052152063434,0.9883550841169271,0.504035863866287,0.5040521520634341,0.0048324092273189425,-0.0,0.052829542074821205,0.06423475564152173,0.06434745555631995,0.06434745555631996
random,2,8,19,0.10638703210312028,0.018781812980329174,0.12766443852374434,1.7181163233772092,0.23226130313500493,0.30394531293397065,1.722280534815499,0.23036767706343042,0.30306926663560096,1.7222805348154993,0.2303676770634303,0.3030692666356009,0.004439348717379665,-0.0,0.03156530701913547,0.029651508855523586,0.029409760146322104,0.02940976014632209
random,2,8,20,0.10638703210312028,0.018781812980329174,0.12766443852374434,1.4723098207355012,0.3322721958379244,0.36040481212695596,1.4773568977340656,0.330372799436134,0.35914618660726805,1.4773568977340654,0.3303727994361341,0.3591461866072681,0.006530562726370481,-0.0,0.03779002013339938,0.04241934331870024,0.042176857943531654,0.04217685794353167
random,2,8,21,0.10638703210312028,0.018781812980329174,0.12766443852374434,1.0439164360214608,0.4847773170408592,0.4850090471173337,1.0455886659677522,0.48419747841097954,0.484447198099551,1.0455886659677516,0.4841974784109797,0.48444719809955117,0.0048729818124166775,-0.0,0.051809199141674436,0.06188882398906849,0.061814799215950525,0.061814799215950546
random,2,8,22,0.10638703210312028,0.018781812980329174,0.12766443852374434,0.9313771853352881,0.5237915188597286,0.5243575552293814,0.9465866288978392,0.5185157798906728,0.5188586139956326,0.9465866288978395,0.5185157798906727,0.5188586139956325,0.007355657957340908,-0.0,0.05986958066023369,0.0668695501587265,0.06619602590544414,0.06619602590544413
random,2,8,23,0.10638703210312028,0.018781812980329174,0.12766443852374434,1.439712602629967,0.34444264172917755,0.36864073344137455,1.4460425090118179,0.3420918654434943,0.3670268444026098,1.4460425090118179,0.3420918654434943,0.3670268444026098,0.005549863297647166,-0.0,0.037571600520535764,0.043973076459990684,0.043672965925384,0.043672965925384
random,2,8,24,0.10638703210312028,0.018781812980329174,0.12766443852374434,1.3705918583203498,0.3697736615372143,0.3867325607666383,1.3786162805340971,0.36686166945109766,0.38458748451244645,1.378616280534097,0.36686166945109777,0.3845874845124465,0.0029705304657995125,-0.0,0.048047661912803984,0.04720694688101754,0.046835189046357875,0.04683518904635789
random,2,8,25,0.10638703210312028,0.018781812980329174,0.12766443852374434,1.9050334941095535,0.1304229770380943,0.2670101529394793,1.907675908086062,0.12853618011533796,0.2665215495986426,1.9076759080860615,0.1285361801153384,0.2665215495986427,0.0030955362439304274,-0.0,0.01598761297333097,0.01665037613416351,0.016409499264411494,0.01640949926441155
random,2,8,26,0.10638703210312028,0.018781812980329174,0.12766443852374434,1.270920242006264,0.40545697805770875,0.4143953610556893,1.3078988510546823,0.3923120012162961,0.40390870629833514,1.3078988510546818,0.3923120012162963,0.40390870629833525,0.013226944083813605,-0.0,0.06218051613596242,0.05176243744927152,0.05008429136140495,0.05008429136140497
random,2,8,27,0.10638703210312028,0.018781812980329174,0.12766443852374434,1.8705245920515137,0.1532121625925678,0.27347396676629143,1.874194799783476,0.1509275812963371,0.27277913479596244,1.874194799783476,0.1509275812963371,0.27277913479596244,0.0022963005852765367,-0.0,0.021373028127266172,0.019559744712388798,0.019268084923943656,0.019268084923943656
random,2,8,28,0.10638703210312028,0.018781812980329174,0.12766443852374434,1.7497733616512159,0.21759707411966134,0.2973484866654374,1.747207327510012,0.21881003861145362,0.2978778329971458,1.747207327510012,0.21881003861145362,0.2978778329971458,0.0029142976101295126,-0.0,0.022725743220638868,0.027779408291896148,0.027934260722690046,0.027934260722690046
random,2,8,29,0.10638703210312028,0.018781812980329174,0.12766443852374434,0.8856960147352527,0.5396539170384803,0.541226350174975,0.8991588455512751,0.5349759506980027,0.5361992678252319,0.8991588455512751,0.5349759506980027,0.5361992678252319,0.00949456513501793,-0.0,0.062049326008707016,0.0688946143158569,0.06829740436956686,0.06829740436956686
random,2,16,0,0.18630071441246243,0.034145465474372326,0.22356085729495492,1.5594020982765984,0.2988171124532824,0.3392916666949176,1.5395913989238919,0.3065662470038957,0.34398286380205356,1.5395913989238925,0.3065662470038954,0.3439828638020534,0.010047281489338594,-0.0,0.049397658178100184,0.06680380983445877,0.06853621299788783,0.06853621299788776
random,2,16,1,0.18630071441246243,0.034145465474372326,0.22356085729495492,1.158008029221258,0.44511892313843826,0.44813085573592293,1.148240902874126,0.4485253835828453,0.45117501971813856,1.1482409028741267,0.4485253835828451,0.45117501971813834,0.0086237410650548,-0.0,0.091862196013242,0.0995111680550364,0.1002727192723294,0.10027271927232935
random,2,16,2,0.18630071441246243,0.034145465474372326,0.22356085729495492,1.6692445082141643,0.25380691643940506,0.31441795083247914,1.677625583691297,0.25019330919658184,0.3125966919667364,1.677625583691297,0.25019330919658184,0.3125966919667364,0.005742528697353401,-0.0,0.0562261958703652,0.056741291826582385,0.05593343069344957,0.05593343069344957
random,2,16,3,0.18630071441246243,0.034145465474372326,0.22356085729495492,1.1955556696363223,0.43199334175033394,0.4366182473166208,1.2204470724229104,0.4232608057682353,0.42914970969957583,1.22044707242291,0.42326080576823555,0.429149709699576,0.008889017314467177,-0.0,0.10135578135736667,0.0965768018274171,0.09462454859690009,0.09462454859690014
random,2,16,4,0.18630071441246243,0.034145465474372326,0.22356085729495492,1.4280510434739229,0.3487586519012802,0.37163259727599834,1.4215182743964765,0.3511683767415671,0.3733192288233072,1.4215182743964776,0.3511683767415667,0.3733192288233069,0.004117252604599799,-0.0,0.07415611602955673,0.07796878320808297,0.07850750335922245,0.07850750335922237
random,2,16,5,0.18630071441246243,0.034145465474372326,0.22356085729495492,1.5045489195769142,0.3200630678024033,0.3524403673710858,1.5189978246267957,0.3145285633497923,0.3489282171628843,1.518997824626796,0.3145285633497922,0.34892821716288425,0.007821134595739514,-0.0,0.0693008996912516,0.07155357382635856,0.0703162752662301,0.07031627526623008
random,2,16,6,0.18630071441246243,0.034145465474372326,0.22356085729495492,1.3914528984548127,0.36218880747313703,0.3811807322588131,1.4220124840909103,0.3509862767527825,0.3731913664687808,1.4220124840909107,0.3509862767527823,0.3731913664687807,0.01082344961597827,-0.0,0.08728266394477152,0.08097124030133189,0.07846679292961636,0.07846679292961632
random,2,16,7,0.18630071441246243,0.034145465474372326,0.22356085729495492,0.6261912336297931,0.6307809429146444,0.6478845979442879,0.6108113398371092,0.6362612178658591,0.6548283373601462,0.6108113398371092,0.6362612178658591,0.6548283373601462,0.0065234918417157416,-0.0,0.11578778607423858,0.14101792836331792,0.14224310332962356,0.14224310332962356
random,2,16,8,0.18630071441246243,0.034145465474372326,0.22356085729495492,1.376026069316971,0.3678023819673518,0.38527859218085775,1.3595658034072347,0.3737640391973233,0.38969955699709824,1.3595658034072349,0.37376403919732326,0.3896995569970982,0.006827797161824245,-0.0,0.07322604339986458,0.08222621582774764,0.08355900902897874,0.08355900902897873
random,2,16,9,0.18630071441246243,0.034145465474372326,0.22356085729495492,0.8033137614358926,0.5683585618205829,0.5730314547947614,0.8137692563799569,0.5647066451688189,0.5688935950978222,0.8137692563799575,0.5647066451688186,0.568893595097822,0.0038201304884684234,-0.0,0.10744637291971164,0.12706272733153715,0.12624630171409906,0.126246301714099
random,2,16,10,0.18630071441246243,0.034145465474372326,0.22356085729495492,1.4705093622592247,0.332948752630842,0.3608548718784336,1.4910570437403639,0.325195016426121,0.3557517987083851,1.4910570437403636,0.32519501642612103,0.35575179870838514,0.007169931682735185,-0.0,0.06382884665543478,0.07443430857343691,0.07270087666027056,0.07270087666027057
random,2,16,11,0.18630071441246243,0.034145465474372326,0.22356085729495492,1.5885345336986934,0.28724386737602314,0.33250903934513437,1.5854665508000485,0.28847338417686,0.3332168933784503,1.585466550800049,0.28847338417685997,0.33321689337845023,0.0036001684158035873,-0.0,0.0540433503175185,0.06421648524330206,0.06449135707335571,0.0644913570733557
random,2,16,12,0.18630071441246243,0.034145465474372326,0.22356085729495492,1.082805089612361,0.4712854634663917,0.47210998807473165,1.0832954852565941,0.471115206120942,0.47194953743837764,1.0832954852565946,0.4711152061209419,0.47194953743837753,0.001897583323990171,-0.0,0.09028017319379036,0.10536098224319669,0.10532291936508718,0.10532291936508716
random,2,16,13,0.18630071441246243,0.034145465474372326,0.22356085729495492,1.4737724905213105,0.3317221767030877,0.3600396025166345,1.4869897306817648,0.3267356207455351,0.35675616586397013,1.486989730681765,0.32673562074553497,0.3567561658639701,0.008635115376012713,-0.0,0.06612190748948246,0.07416009420749081,0.07304529548267108,0.07304529548267105
random,2,16,14,0.18630071441246243,0.034145465474372326,0.22356085729495492,1.2967627484603828,0.39628086581729904,0.4070385246129082,1.3314785840214525,0.3838760053014011,0.3973607874461613,1.3314785840214525,0.3838760053014011,0.3973607874461613,0.010721042798267563,-0.0,0.079816571366025,0.08859289009170238,0.08581964884014388,0.08581964884014388
random,2,16,15,0.18630071441246243,0.034145465474372326,0.22356085729495492,1.5236900098719042,0.31272226533170894,0.34779521523419576,1.5265085172604551,0.31163506176036015,0.3471164117183835,1.5265085172604551,0.31163506176036015,0.3471164117183835,0.003478207153784073,-0.0,0.06800475700785677,0.06991245773277721,0.06966940157031234,0.06966940157031234
random,2,16,16,0.18630071441246243,0.034145465474372326,0.22356085729495492,1.589071282391466,0.28702848943797765,0.33238535374904726,1.5973285672609123,0.28370473292409104,0.33048837548352983,1.5973285672609128,0.2837047329240909,0.3304883754835297,0.007062589695093277,-0.0,0.0533417470666474,0.0641683351668302,0.06342527331114602,0.06342527331114597
random,2,16,17,0.18630071441246243,0.034145465474372326,0.22356085729495492,1.4138445464285763,0.35399182575700056,0.37531021270277465,1.4060190787536155,0.35686342185193937,0.37735150185587524,1.4060190787536164,0.35686342185193903,0.377351501855875,0.003602911611563262,-0.0,0.06558157392477149,0.07913871604164135,0.07978069252643072,0.07978069252643064
random,2,16,18,0.18630071441246243,0.034145465474372326,0.22356085729495492,1.2572978964761037,0.4102764114182713,0.4183267337662546,1.299539011549115,0.39529228372541475,0.4062559895728538,1.2995390115491152,0.3952922837254147,0.40625598957285375,0.014678694875747935,-0.0,0.0849507729798988,0.09172174626456636,0.08837188183173428,0.08837188183173426
random,2,16,19,0.18630071441246243,0.034145465474372326,0.22356085729495492,1.719280901472524,0.23173273393276853,0.3037000599759553,1.728980722440527,0.22729938584880321,0.3016650108072431,1.728980722440528,0.22729938584880272,0.3016650108072429,0.009913573662209497,-0.0,0.050596312148296366,0.051806368661313426,0.05081524556297519,0.05081524556297508
random,2,16,20,0.18630071441246243,0.034145465474372326,0.22356085729495492,1.9533634329852245,0.0906285909401976,0.25821354149580567,1.9473778720652584,0.09636940661475726,0.2592870625312804,1.9473778720652586,0.09636940661475697,0.25928706253128037,0.00682414444323047,-0.0,0.013529482382241997,0.020261005486024358,0.021544427159801233,0.021544427159801167
random,2,16,21,0.18630071441246243,0.034145465474372326,0.22356085729495492,1.3346555663872277,0.3827358299255507,0.3964867155088001,1.3408108879988208,0.38052423199902774,0.3947986911384499,1.3408108879988216,0.38052423199902746,0.3947986911384497,0.005941652638473079,-0.0,0.08148525766492419,0.08556475025565219,0.08507032352720696,0.08507032352720689
random,2,16,22,0.18630071441246243,0.034145465474372326,0.22356085729495492,1.7686639657991041,0.20851953002909224,0.2934803944035535,1.7774782615773148,0.20418817694897548,0.2916928116057461,1.7774782615773153,0.20418817694897534,0.29169281160574606,0.005772490522128054,-0.0,0.043073095601689995,0.04661680489604496,0.045648483888206914,0.04564848388820688
random,2,16,23,0.18630071441246243,0.034145465474372326,0.22356085729495492,1.2731628351219035,0.40466245907428955,0.41375170578405107,1.3213610644972669,0.3875012840054934,0.40015724510590606,1.321361064497267,0.38750128400549333,0.400157245105906,0.017310427537656686,-0.0,0.09959396628334602,0.09046668626573279,0.08663011925516391,0.0866301192551639
random,2,16,24,0.18630071441246243,0.034145465474372326,0.22356085729495492,1.2923347250748622,0.3978564511616694,0.4082897557309578,1.3158666607777156,0.38946645786013484,0.4016841217981202,1.3158666607777156,0.38946645786013484,0.4016841217981202,0.009532301980647091,-0.0,0.09405698626299945,0.08894512930203118,0.08706945520684119,0.08706945520684119
random,2,16,25,0.18630071441246243,0.034145465474372326,0.22356085729495492,1.221412918398641,0.4229213893003648,0.42886250152775074,1.2309831736822006,0.4195557368341322,0.4260270163104316,1.2309831736822008,0.41955573683413216,0.42602701631043155,0.006317153989953039,-0.0,0.07717707162056323,0.09454866836036294,0.0937962402096551,0.09379624020965509
random,2,16,26,0.18630071441246243,0.034145465474372326,0.22356085729495492,1.0863678818450504,0.47004843610930824,0.4709455322888064,1.0851812942038361,0.4704604498227557,0.4713330348474296,1.0851812942038364,0.47046044982275553,0.4713330348474295,0.003551727054515499,-0.0,0.10357900404864902,0.1050844313467498,0.10517654148574539,0.10517654148574535
random,2,16,27,0.18630071441246243,0.034145465474372326,0.22356085729495492,1.5028596769424512,0.3207074668481144,0.3528532792921344,1.5088158868391448,0.3184329080428315,0.35139951692461435,1.5088158868391448,0.3184329080428315,0.35139951692461435,0.01083874249066772,-0.0,0.061834117577336374,0.0716976362294578,0.07118913391298096,0.07118913391298096
random,2,16,28,0.18630071441246243,0.034145465474372326,0.22356085729495492,1.0112774303298022,0.4960915004422506,0.49610677681104354,1.0116507456734,0.4959621150853326,0.49597841959991673,1.0116507456734007,0.4959621150853324,0.4959784195999165,0.013805359060999823,-0.0,0.09606153647230278,0.11090664113561005,0.11087771563429605,0.110877715634296
random,2,16,29,0.18630071441246243,0.034145465474372326,0.22356085729495492,1.6592318976393863,0.25808461418457873,0.31660766807880286,1.6787977532070213,0.24968543145781827,0.31234281468227687,1.678797753207022,0.24968543145781805,0.31234281468227676,0.007195147027489655,-0.0,0.05695757843933177,0.05769761760174211,0.05581988911077056,0.05581988911077051
random,3,2,0,0.0767521594221432,0.008730420611594774,0.09210259130657183,2.0126897709020346,0.4956020034514128,0.2478106729125271,1.9843478628042253,0.5054247229457212,0.2527270752823795,1.984347862804226,0.5054247229457209,0.25272707528237937,0.009455861934431459,-0.0,0.029777600033238642,0.04564622877460368,0.046550926693707056,0.046550926693707036
random,3,2,1,0.0767521594221432,0.008730420611594774,0.09210259130657183,2.5096103471850366,0.3181290024972941,0.17560303111496167,2.5014333429983586,0.32125115329153225,0.17660115174556978,2.501433342998359,0.32125115329153203,0.1766011517455697,0.003700958629504177,-0.0,0.01920824907638914,0.02930050549977565,0.029588063678374854,0.029588063678374833
random,3,2,2,0.0767521594221432,0.008730420611594774,0.09210259130657183,2.0552332714802652,0.4808527905579617,0.24060970309368948,2.0211542930773683,0.4926682150447079,0.2463609850576693,2.0211542930773683,0.4926682150447079,0.2463609850576693,0.010308000364639514,-0.0,0.031127932256167883,0.04428778804738453,0.04537601926000098,0.04537601926000098
random,3,2,3,0.0767521594221432,0.008730420611594774,0.09210259130657183,2.5453168064783527,0.30433609012497254,0.1713102278762777,2.5391514433693545,0.30673731225945927,0.1720438893660785,2.539151443369355,0.30673731225945905,0.17204388936607845,0.006607018623506364,-0.0,0.022649086525382015,0.028030142528620357,0.028251301309509282,0.028251301309509265
random,3,2,4,0.0767521594221432,0.008730420611594774,0.09210259130657183,1.8815639527843162,0.5410903004567222,0.27138935662417296,1.8496434481863273,0.5521973053883937,0.2774609320391015,1.8496434481863273,0.5521973053883937,0.2774609320391015,0.012887981945994598,-0.0,0.028681610352836357,0.04983581880291565,0.050858802738777464,0.050858802738777464
random,3,2,5,0.0767521594221432,0.008730420611594774,0.09210259130657183,2.0888482276086764,0.46918712397447315,0.2350682786517188,2.0708298102798133,0.47544201362898414,0.23802255416179158,2.070829810279813,0.4754420136289842,0.2380225541617916,0.010060446151860246,-0.0,0.03323112497280934,0.04321334992572675,0.04378944147124388,0.04378944147124389
random,3,2,6,0.0767521594221432,0.008730420611594774,0.09210259130657183,1.79741359754461,0.5704206955039927,0.2876898849296293,1.7710205423008598,0.5796574831562102,0.29300139888949606,1.7710205423008594,0.5796574831562104,0.2930013988894961,0.009862738786556441,-0.0,0.029570606076415092,0.05253722419081469,0.05338795626893248,0.05338795626893249
random,3,2,7,0.0767521594221432,0.008730420611594774,0.09210259130657183,1.1522044842293806,0.806147861536286,0.4499371873297635,1.0881272381602418,0.8311095807585358,0.47037156761431453,1.0962160960472167,0.8279392276508752,0.4677416823415639,0.018369948186053985,0.008888571631998389,0.03501335927713507,0.07424830702374341,0.07654734604757968,0.0762553483110073
random,3,2,8,0.0767521594221432,0.008730420611594774,0.09210259130657183,2.273394368637698,0.40458041156645963,0.20684265471164293,2.2707373637770227,0.4055217549956528,0.20722394688737714,2.270737363777023,0.40552175499565274,0.2072239468873771,0.005651071745454752,-0.0,0.03022249407925783,0.03726290429715026,0.037349604466288364,0.03734960446628836
random,3,2,9,0.0767521594221432,0.008730420611594774,0.09210259130657183,2.135102809141804,0.45310315595450784,0.22765123496796752,2.126558981376403,0.4560776581823061,0.22900341514652822,2.126558981376403,0.4560776581823061,0.22900341514652822,0.0076574242716323584,-0.0,0.02979659066630786,0.04173197479259592,0.04200593415562331,0.04200593415562331
random,3,2,10,0.0767521594221432,0.008730420611594774,0.09210259130657183,2.053406402995686,0.48148640155258865,0.2409145774400303,2.040195966696273,0.486067298325758,0.24313070925085073,2.041016836394518,0.48578269057923634,0.24299241123320103,0.008658312113106748,0.0004831094826853521,0.031086727819566583,0.04434614526187001,0.04476805772518682,0.04474184461422625
random,3,2,11,0.0767521594221432,0.008730420611594774,0.09210259130657183,2.4950687138739567,0.32367258403661575,0.17738197082847004,2.473619059212465,0.3317798892896353,0.18003894746852134,2.473619059212465,0.33177988928963525,0.1800389474685213,0.013801694997266294,-0.0,0.020980170576972844,0.029811083724666447,0.03055778754698293,0.030557787546982927
random,3,2,12,0.0767521594221432,0.008730420611594774,0.09210259130657183,2.2499130091482487,0.41288443946425013,0.210236780175854,2.215243988940113,0.4250885008640782,0.2153501167834347,2.215243988940113,0.4250885008640782,0.2153501167834347,0.012816002599715114,-0.0,0.0249272640485615,0.038027726784818826,0.039151752464207504,0.039151752464207504
random,3,2,13,0.0767521594221432,0.008730420611594774,0.09210259130657183,2.0608870588692256,0.4788916815006525,0.23966862130526118,2.0586283752478725,0.47967518264457365,0.24004414042255254,2.058628375247873,0.4796751826445736,0.2400441404225525,0.008466681174834817,-0.0,0.04205327304876397,0.044107164821371565,0.044179327307018366,0.04417932730701836
random,3,2,14,0.0767521594221432,0.008730420611594774,0.09210259130657183,1.610896204140742,0.6362309480285062,0.32739490961462586,1.5990321625893398,0.6404660040227873,0.3300983511544585,1.5990321625893398,0.6404660040227873,0.3300983511544585,0.014441106849246594,-0.0,0.04786039030715991,0.05859851898286225,0.05898857861426397,0.05898857861426397
random,3,2,15,0.0767521594221432,0.008730420611594774,0.09210259130657183,2.099707928782622,0.4654148158575982,0.23330547540988103,2.0874993913395743,0.4696555261939595,0.2352881566422625,2.0874993913395743,0.4696555261939595,0.2352881566422625,0.009420311103873803,-0.0,0.03198771337022455,0.04286591057295575,0.043256490983915194,0.043256490983915194
random,3,2,16,0.0767521594221432,0.008730420611594774,0.09210259130657183,1.4707813997476298,0.686712217410411,0.3607868347703618,1.4241651509121076,0.7037541293485937,0.37263493728759856,1.4241651509121078,0.7037541293485936,0.3726349372875985,0.020816721874822586,-0.0,0.03542205857475125,0.0632479747053808,0.06481757895570582,0.0648175789557058
random,3,2,17,0.0767521594221432,0.008730420611594774,0.09210259130657183,2.099847051287676,0.4653664755742483,0.23328297829419872,2.0652430421181642,0.4773805027570465,0.23894607220628525,2.0652430421181647,0.4773805027570464,0.2389460722062852,0.017479806560769192,-0.0,0.028707914082824304,0.04286145830759474,0.04396798134315805,0.04396798134315803
random,3,2,18,0.0767521594221432,0.008730420611594774,0.09210259130657183,1.8528525584944129,0.5510797361671196,0.27684443780701107,1.8240357734030987,0.5611235164568092,0.28242980036042753,1.8313915667835186,0.5585578845590988,0.28099345520156777,0.00695268173083112,0.004929988894028169,0.03138205656471732,0.05075587171753365,0.05168092990872794,0.05144462856261001
random,3,2,19,0.0767521594221432,0.008730420611594774,0.09210259130657183,1.7378069005269354,0.5913122800347453,0.2998251062599446,1.6994508303757618,0.6048194541729603,0.30790328607303885,1.6994508303757616,0.6048194541729605,0.3079032860730389,0.01443119659902272,-0.0,0.030089141646393702,0.05446139326259731,0.05570543900195602,0.05570543900195603
random,3,2,20,0.0767521594221432,0.008730420611594774,0.09210259130657183,1.6413674361747062,0.6253838815112862,0.3205524996270612,1.6256388326780782,0.6309775886046514,0.32406635866067035,1.625638832678078,0.6309775886046515,0.3240663586606704,0.00904862013224534,-0.0,0.03826147780774908,0.05759947604855154,0.058114670966860425,0.05811467096686043
random,3,2,21,0.0767521594221432,0.008730420611594774,0.09210259130657183,2.1711013975041276,0.4405475969984521,0.22204109261055527,2.144336748742137,0.449886232367154,0.22619881103675646,2.144336748742137,0.4498862323671539,0.2261988110367564,0.012219046601640408,-0.0,0.028503601046228705,0.04057557527744075,0.0414356877941654,0.041435687794165385
random,3,2,22,0.0767521594221432,0.008730420611594774,0.09210259130657183,2.3287954203681096,0.38483827453668806,0.19905024877418764,2.324679491829516,0.38631318609157284,0.19961893887411108,2.324679491829516,0.38631318609157284,0.19961893887411108,0.005344922929430659,-0.0,0.029919554420601492,0.03544460231877887,0.035580445494931764,0.035580445494931764
random,3,2,23,0.0767521594221432,0.008730420611594774,0.09210259130657183,2.7675393765055545,0.20906758067382974,0.14685462664440416,2.7609469433295644,0.2122603038265479,0.1475272182902692,2.760946943329564,0.21226030382654817,0.14752721829026927,0.004667692113241822,-0.0,0.013163235412455508,0.01925566593825548,0.019549724013945308,0.019549724013945332
random,3,2,24,0.0767521594221432,0.008730420611594774,0.09210259130657183,2.300197154351282,0.39505784638369856,0.203035350994663,2.274990507140973,0.4040147003344117,0.20661393904315226,2.2749905071409735,0.40401470033441167,0.20661393904315223,0.010124984457881729,-0.0,0.02562698446668749,0.03638585136793223,0.037210800826747416,0.03721080082674741
random,3,2,25,0.0767521594221432,0.008730420611594774,0.09210259130657183,1.9791124732263914,0.507239315345852,0.25364586151626434,1.9776579146637778,0.5077434826968862,0.2539017221105816,1.9776579146637778,0.5077434826968862,0.2539017221105816,0.007792299102725407,-0.0,0.0404740797224939,0.04671805535592432,0.046764490475406734,0.046764490475406734
random,3,2,26,0.0767521594221432,0.008730420611594774,0.09210259130657183,2.159914969119946,0.4444534982925336,0.22376945607223558,2.145105464197094,0.44961832027039306,0.22607831696138486,2.145105464197095,0.4496183202703928,0.22607831696138475,0.009815837791054082,-0.0,0.03074522942402777,0.04093531890801334,0.04141101239581133,0.04141101239581131
random,3,2,27,0.0767521594221432,0.008730420611594774,0.09210259130657183,2.5120800598122006,0.3171834735543514,0.17530267794800197,2.4786354179287815,0.32989096878424695,0.1794140256427045,2.478635417928781,0.32989096878424706,0.17941402564270453,0.0156355857071769,-0.0,0.01733926228185266,0.02921341983397526,0.030383813073664542,0.030383813073664553
random,3,2,28,0.0767521594221432,0.008730420611594774,0.09210259130657183,2.1866408787517,0.4351144434380853,0.21966228944421737,2.165676861665679,0.44244217483359,0.2228775390357385,2.1656768616656796,0.44244217483358994,0.22287753903573848,0.006778487701820662,-0.0,0.0289659049878906,0.04007516775556444,0.04075007080548894,0.04075007080548894
random,3,2,29,0.0767521594221432,0.008730420611594774,0.09210259130657183,1.542797644594022,0.6606349144310236,0.34321924508264295,1.4947058041716375,0.6780165096718815,0.35485319369382035,1.4947058041716372,0.6780165096718817,0.3548531936938204,0.021081906713543493,-0.0,0.03678922983590395,0.06084618752669262,0.062447077489417614,0.06244707748941763
random,3,4,0,0.12297448943077005,0.015721951343721487,0.14756938731692407,2.4963038351918136,0.32320326548503514,0.17723017541009506,2.4773780662390763,0.33036482399552647,0.1795704584667976,2.4863982943303413,0.3269593994779144,0.17845122445347922,0.012574889809079223,0.0038577889056520516,0.038869875016967856,0.047694907866455784,0.048751734668083295,0.04824919825846525
random,3,4,1,0.12297448943077005,0.015721951343721487,0.14756938731692407,2.4290859776264973,0.3483763738941559,0.18568304894382034,2.419968083165704,0.3517393636081656,0.18686028995573867,2.4251567025709106,0.3498269808794095,0.18618945827560138,0.0062663655773213655,0.0023262648479102257,0.04379635210547527,0.05140968805125224,0.05190596238290177,0.05162375323530377
random,3,4,2,0.12297448943077005,0.015721951343721487,0.14756938731692407,2.40531611642885,0.3571210069081305,0.1887677067875385,2.401963042442781,0.35834884115476534,0.18920694597848162,2.4019630424427807,0.3583488411547654,0.18920694597848164,0.009502227185171389,-0.0,0.04259270576803383,0.05270012818743582,0.052881318934938464,0.05288131893493847
random,3,4,3,0.12297448943077005,0.015721951343721487,0.14756938731692407,2.416290215085907,0.35309279611451555,0.18733726133398343,2.3732302944867363,0.36881694794097114,0.19301297054424651,2.377281255531786,0.3673466135560951,0.19247176724556553,0.016602687365536554,0.0018800728497026147,0.03314532147853897,0.05210568758863865,0.05442609103974699,0.05420911469541983
random,3,4,4,0.12297448943077005,0.015721951343721487,0.14756938731692407,2.653485411697236,0.26052117411769304,0.15893564108183067,2.64887894814926,0.2624649569756609,0.15944392682011777,2.6488789481492594,0.26246495697566113,0.15944392682011782,0.01003705648534247,-0.0,0.03317342200294918,0.03844495004763366,0.03873179289306112,0.03873179289306115
random,3,4,5,0.12297448943077005,0.015721951343721487,0.14756938731692407,2.3562596317017106,0.3749581861545429,0.19529682068215243,2.3479200023345745,0.3779656621568073,0.1964290208848169,2.3479200023345745,0.3779656621568072,0.19642902088481687,0.009336225735247998,-0.0,0.03724538033100135,0.05533234980029106,0.05577616119131557,0.05577616119131555
random,3,4,6,0.12297448943077005,0.015721951343721487,0.14756938731692407,2.0113609542175146,0.4960625523705841,0.24803902793220925,1.9972398617924776,0.5009565915909772,0.25047875332922453,1.9987480215861708,0.5004339027082594,0.2502170454899098,0.018579930675640618,0.0009126457485523057,0.0667822615854615,0.07320364692419666,0.07392585729345505,0.07384872441527503
random,3,4,7,0.12297448943077005,0.015721951343721487,0.14756938731692407,2.163368806533343,0.44324798652062974,0.22323438877729618,2.1165759565740423,0.45955096912646204,0.23059354661253523,2.1165759565740423,0.45955096912646204,0.23059354661253523,0.016176224432725143,-0.0,0.044689461205459254,0.06540983380030956,0.0678156549548907,0.0678156549548907
random,3,4,8,0.12297448943077005,0.015721951343721487,0.14756938731692407,2.7389932777935173,0.2226626399104219,0.1497893256059391,2.7387551428723858,0.2227736620632185,0.14981405225452854,2.7387551428723858,0.2227736620632185,0.14981405225452854,0.008249921101402484,-0.0,0.026143839616106994,0.03285818934994984,0.03287457282101664,0.03287457282101664
random,3,4,9,0.12297448943077005,0.015721951343721487,0.14756938731692407,2.431545008875467,0.3474674868878856,0.18536682722209147,2.3993237417763527,0.35931435396541644,0.1895534024827923,2.399323741776353,0.3593143539654163,0.18955340248279223,0.011530507064499476,-0.0,0.0375741739959679,0.051275564152596625,0.05302379906885289,0.053023799068852864
random,3,4,10,0.12297448943077005,0.015721951343721487,0.14756938731692407,2.641782004220086,0.2654437792847856,0.16023019998049498,2.628685373118372,0.27089250539122367,0.16169137473856707,2.6286853731183726,0.27089250539122356,0.16169137473856704,0.007433886995764624,-0.0,0.031795280856907346,0.03917137587614463,0.03997544104932943,0.03997544104932941
random,3,4,11,0.12297448943077005,0.015721951343721487,0.14756938731692407,2.274231647646305,0.40428367969870505,0.20672264683536257,2.256815359914453,0.4104469203593042,0.2092333372162185,2.2568153599144525,0.4104469203593043,0.20923333721621853,0.00976924319980687,-0.0,0.043473928201666415,0.05965989491536947,0.06056940056354085,0.06056940056354086
random,3,4,12,0.12297448943077005,0.015721951343721487,0.14756938731692407,2.447807972109796,0.3414351752462706,0.18328898944772576,2.4133613771842444,0.3541693492107951,0.18771796396019907,2.4133613771842444,0.3541693492107952,0.1877179639601991,0.0152871746031271,-0.0,0.03711110432760634,0.05038537961953875,0.05226455386947076,0.05226455386947077
random,3,4,13,0.12297448943077005,0.015721951343721487,0.14756938731692407,2.1961999550817106,0.43176765030102526,0.21821165192323422,2.1982666399230797,0.4310435798429414,0.2178992838619091,2.19826663992308,0.4310435798429413,0.21789928386190904,0.012320271200334684,-0.0,0.058686301606989774,0.06371568761819023,0.0636088369843165,0.06360883698431649
random,3,4,14,0.12297448943077005,0.015721951343721487,0.14756938731692407,1.9695988179447765,0.5105370145306753,0.2553240216029475,1.9522444850638638,0.516553750283001,0.25841388846571645,1.9522444850638638,0.516553750283001,0.25841388846571645,0.012851221738140009,-0.0,0.05926146644826605,0.07533963443690332,0.07622752044552185,0.07622752044552185
random,3,4,15,0.12297448943077005,0.015721951343721487,0.14756938731692407,2.136320212086918,0.4526791687510175,0.2274592149105561,2.1130169745025484,0.4607886710565239,0.23116309968701867,2.113016974502549,0.4607886710565238,0.23116309968701865,0.011580404897909319,-0.0,0.04970849701912335,0.06680158758372214,0.0679983018703909,0.06799830187039088
random,3,4,16,0.12297448943077005,0.015721951343721487,0.14756938731692407,2.576202332696866,0.29217036026375487,0.16768175970832616,2.5639340203092167,0.29703118655054983,0.16911376289181376,2.563934020309217,0.2970311865505497,0.16911376289181373,0.006193361498079657,-0.0,0.02902558792445729,0.043115401056287285,0.04383271021328362,0.043832710213283596
random,3,4,17,0.12297448943077005,0.015721951343721487,0.14756938731692407,2.076215938434652,0.4735727660208859,0.23713558235833637,2.0610046546050467,0.4788508879303264,0.239649086435831,2.0620546732607856,0.4784866332547332,0.23947472910172476,0.007871711206731021,0.0006087682741252768,0.0549815542743812,0.06988484293168316,0.07066373214804333,0.07060997930873872
random,3,4,18,0.12297448943077005,0.015721951343721487,0.14756938731692407,2.6505546104009245,0.26175883291350305,0.1592588433041196,2.6221435453806747,0.2735917429545303,0.1624262209064489,2.622143545380675,0.2735917429545302,0.16242622090644887,0.01212943853714672,-0.0,0.02510627683034788,0.03862759059783874,0.04037376588276941,0.0403737658827694
random,3,4,19,0.12297448943077005,0.015721951343721487,0.14756938731692407,2.1494018348807478,0.4481206385387761,0.2254060533422002,2.117585560914674,0.4591998098522713,0.23043223268418106,2.118266953642252,0.4589627958403366,0.23032342398278927,0.012051372176406287,0.00038025208826862156,0.053009929555684454,0.06612888807323598,0.06776383459594772,0.06772885858342098
random,3,4,20,0.12297448943077005,0.015721951343721487,0.14756938731692407,2.5778246486810006,0.29152463675805046,0.16749330691845662,2.5905059397909347,0.2864524122693151,0.16602749224745483,2.5905059397909347,0.2864524122693151,0.16602749224745483,0.00919624208344667,-0.0,0.04220188871224578,0.04302011203417435,0.04227160697403778,0.04227160697403778
random,3,4,21,0.12297448943077005,0.015721951343721487,0.14756938731692407,2.708034368362439,0.236805419172431,0.15303840327471538,2.697776493321695,0.24137281198893895,0.15413041718372383,2.6977764933216952,0.24137281198893884,0.1541304171837238,0.007081919557133991,-0.0,0.027223478457960942,0.03494523062060303,0.035619237980170824,0.03561923798017081
random,3,4,22,0.12297448943077005,0.015721951343721487,0.14756938731692407,2.1948229801859265,0.4322499800885493,0.21842002264327565,2.1866863377216084,0.4350985360764619,0.21965536804794009,2.1866863377216084,0.4350985360764619,0.21965536804794009,0.008863717056902,-0.0,0.0515737041941729,0.06378686472941984,0.06420722439129406,0.06420722439129406
random,3,4,23,0.12297448943077005,0.015721951343721487,0.14756938731692407,2.352693886957492,0.3762448951249597,0.19578011055379596,2.318617039171702,0.388483041881992,0.20045953691494278,2.318617039171702,0.38848304188199206,0.2004595369149428,0.011827659407649519,-0.0,0.03498887367834917,0.055522228654710654,0.05732820447354051,0.05732820447354052
random,3,4,24,0.12297448943077005,0.015721951343721487,0.14756938731692407,2.5433534361585353,0.3051016993207502,0.17154352346420473,2.525054102277972,0.31219629150459205,0.1737332622146101,2.525054102277972,0.31219629150459205,0.1737332622146101,0.009251909979891419,-0.0,0.03529517273335867,0.045023670838115495,0.04607061545994848,0.04607061545994848
random,3,4,25,0.12297448943077005,0.015721951343721487,0.14756938731692407,2.103493185007417,0.4640994395886471,0.23269414491324814,2.083871324038822,0.47091527964555435,0.23588060030182534,2.083871324038822,0.47091527964555435,0.23588060030182534,0.00737850981315437,-0.0,0.043047498744911844,0.06848686995422447,0.06949267929547241,0.06949267929547241
random,3,4,26,0.12297448943077005,0.015721951343721487,0.14756938731692407,2.493729223944522,0.3241812456728707,0.17754674002300708,2.4855293966259655,0.32728804853468313,0.17855873335682054,2.485529396625965,0.3272880485346833,0.1785587333568206,0.007560586534571399,-0.0,0.03993826788805587,0.047839227803582775,0.0482976967984149,0.04829769679841492
random,3,4,27,0.12297448943077005,0.015721951343721487,0.14756938731692407,2.566191559856606,0.2961396272117345,0.16884933940255253,2.5553079474743337,0.3004261852066861,0.17012794637892104,2.5553079474743337,0.3004261852066861,0.17012794637892104,0.007882903646813086,-0.0,0.03485638114683817,0.04370114334789795,0.04433370808491143,0.04433370808491143
random,3,4,28,0.12297448943077005,0.015721951343721487,0.14756938731692407,2.231206359057934,0.4194771923417067,0.2129805574474406,2.2016911332862623,0.4298434005955724,0.21738267451778287,2.202076154814823,0.42970843117673746,0.21732466791218646,0.010886093660116874,0.00020285851328187297,0.04767934790810847,0.06190199226728917,0.06343172726811178,0.06341180991366778
random,3,4,29,0.12297448943077005,0.015721951343721487,0.14756938731692407,2.584007761776411,0.2890570841136448,0.16677699893814135,2.5848795417164343,0.28870833289760484,0.16667625074225711,2.5848795417164347,0.28870833289760467,0.16667625074225706,0.0058918280576653395,-0.0,0.030133767334597272,0.04265597680226715,0.0426045117989901,0.04260451179899007
random,3,8,0,0.2085926536749626,0.027970492979327913,0.2503111844099551,2.273753857102808,0.4044530143476699,0.20679112040745823,2.231109255653999,0.4195113657619974,0.21299489300174818,2.2353164906471323,0.4180302741884889,0.21237465506905162,0.014974576422014288,0.002152303129394813,0.07782809983880007,0.10123911305954181,0.10500838683732344,0.10463765305133894
random,3,8,1,0.2085926536749626,0.027970492979327913,0.2503111844099551,2.2778479492388706,0.403001535228145,0.20620511869812091,2.2054619211434825,0.42852127348146235,0.21681524091308713,2.205461921143483,0.42852127348146224,0.21681524091308707,0.025129532865087276,-0.0,0.061875732278164744,0.10087579160198722,0.10726366751000713,0.1072636675100071
random,3,8,2,0.2085926536749626,0.027970492979327913,0.2503111844099551,2.116533804067404,0.4595656300640932,0.23060028416810346,2.0784624406130003,0.4727930042959426,0.2367666124555916,2.0784624406130003,0.47279300429594256,0.23676661245559158,0.014080920122227324,-0.0,0.10312618668007728,0.11503441717545043,0.11834537688605838,0.11834537688605837
random,3,8,3,0.2085926536749626,0.027970492979327913,0.2503111844099551,2.4852308513888337,0.32740093882786003,0.17859568737268208,2.4269512292987567,0.3491647363621756,0.18595800655943379,2.4269512292987567,0.3491647363621755,0.18595800655943376,0.024833212020925054,-0.0,0.05191631768450617,0.0819521167749329,0.08739983871300588,0.08739983871300586
random,3,8,4,0.2085926536749626,0.027970492979327913,0.2503111844099551,1.7554191663056782,0.585127549954091,0.29618712485763865,1.7129682758612348,0.600053055972609,0.30503183499103353,1.7261032665275133,0.5954280514448276,0.30226728222369215,0.01119429762074142,0.00932789610287114,0.12509743058110218,0.1464639700599037,0.15019999114931684,0.14904230078806646
random,3,8,5,0.2085926536749626,0.027970492979327913,0.2503111844099551,2.45639088350153,0.33823601211345583,0.1822017999452069,2.4157127083700365,0.35330515681883784,0.1874122669173918,2.4157127083700365,0.3533051568188379,0.18741226691739182,0.013602792516667687,-0.0,0.06904177136889718,0.08466425680221905,0.08843623226146823,0.08843623226146824
random,3,8,6,0.2085926536749626,0.027970492979327913,0.2503111844099551,1.8607407054262641,0.548333622576407,0.2753348808238828,1.7710215753951837,0.5796571211936399,0.293001189075249,1.7710215753951832,0.5796571211936399,0.2930011890752491,0.027559020891444838,-0.0,0.1005842574719658,0.13725403851890175,0.1450946605576449,0.1450946605576449
random,3,8,7,0.2085926536749626,0.027970492979327913,0.2503111844099551,2.24298834116733,0.41532710784247134,0.21124830325439592,2.192533359103794,0.43305182168062495,0.2187669401304539,2.1925333591037943,0.43305182168062484,0.21876694013045384,0.015558793851758448,-0.0,0.07365273147674341,0.10396102028161015,0.1083977143957659,0.10839771439576587
random,3,8,8,0.2085926536749626,0.027970492979327913,0.2503111844099551,2.4754708216374435,0.3310830947581671,0.17980800781732273,2.4343873664210807,0.3464158835535768,0.18500198218910263,2.4357943663623387,0.3458949131451257,0.18482164546983704,0.018349156363283187,0.0006295929682072689,0.05404080567945007,0.0828738015870302,0.08671177011071689,0.08658136539073497
random,3,8,9,0.2085926536749626,0.027970492979327913,0.2503111844099551,1.8750731009387027,0.5433472546884931,0.2726131195887611,1.8070946127125576,0.5670376399537457,0.28576584256215687,1.8077375001193288,0.5668130718590693,0.2856385292151572,0.022989336987046673,0.0004448053074525881,0.09128218400068595,0.13600589486697423,0.14193586326184776,0.1418796513560886
random,3,8,10,0.2085926536749626,0.027970492979327913,0.2503111844099551,1.9105735047821282,0.5310118429354774,0.2659867886688661,1.8350617724789617,0.5572782400281714,0.2802795184044481,1.8350617724789622,0.5572782400281713,0.28027951840444804,0.02561307925849944,-0.0,0.08981482126629947,0.1329182033408924,0.13949297630734683,0.1394929763073468
random,3,8,11,0.2085926536749626,0.027970492979327913,0.2503111844099551,2.273742605737221,0.40445700178673877,0.206792733147159,2.204390862907095,0.4288968746183771,0.21697626452870594,2.2043908629070947,0.4288968746183772,0.216976264528706,0.018984554187830578,-0.0,0.06883185831255076,0.1012401111601379,0.10735768467545398,0.10735768467545401
random,3,8,12,0.2085926536749626,0.027970492979327913,0.2503111844099551,2.5411397485718017,0.30596386660052743,0.17180694383257267,2.50355259143779,0.32044320475275134,0.17634192373610685,2.50355259143779,0.32044320475275123,0.17634192373610683,0.015263295997034989,-0.0,0.05696963972515202,0.07658617783542752,0.08021051811778294,0.08021051811778292
random,3,8,13,0.2085926536749626,0.027970492979327913,0.2503111844099551,1.8523491097371705,0.5512550470187958,0.2769410634318474,1.7721008274878058,0.5792790045407974,0.2927820825508886,1.7774429488046446,0.5774079172355461,0.2916999514431456,0.02163524820208655,0.003731754898607541,0.09260082191247881,0.13798530373124027,0.14500001373042676,0.14453165965091486
random,3,8,14,0.2085926536749626,0.027970492979327913,0.2503111844099551,1.8528954978411039,0.5510647840846824,0.27683619812914884,1.79353432415037,0.5717770498341329,0.28846449735851226,1.7935343241503698,0.571777049834133,0.2884644973585123,0.022217676153762172,-0.0,0.10322330292479032,0.13793767879085303,0.1431221905624117,0.14312219056241174
random,3,8,15,0.2085926536749626,0.027970492979327913,0.2503111844099551,2.0925947561105285,0.46788593226586445,0.23445862280614854,2.0220577668159945,0.4923550592513196,0.24620675218518523,2.022057766815995,0.4923550592513195,0.24620675218518517,0.024014167094736215,-0.0,0.06600938020378593,0.11711708187422455,0.12324197803143143,0.1232419780314314
random,3,8,16,0.2085926536749626,0.027970492979327913,0.2503111844099551,1.9214364505871866,0.5272409892112379,0.26399153035222234,1.8586245997823294,0.5490701791670805,0.2757390308252849,1.85862459978233,0.5490701791670802,0.2757390308252848,0.02299827419042881,-0.0,0.0955180477009468,0.1319743164789413,0.13743840687149816,0.1374384068714981
random,3,8,17,0.2085926536749626,0.027970492979327913,0.2503111844099551,1.9443678828044042,0.5192852681368217,0.2598285948519654,1.8506854000748958,0.5518344224167187,0.2772606148819967,1.8554626519038133,0.5501709361562364,0.27634402949551473,0.028617338050267657,0.0031679063306087303,0.10138459801521917,0.12998291051396896,0.1381303278733123,0.1377139386572013
random,3,8,18,0.2085926536749626,0.027970492979327913,0.2503111844099551,2.3368747778384047,0.38193885971384794,0.1979386462797572,2.2818664916458107,0.40157576030937675,0.205631545634027,2.2818664916458116,0.40157576030937653,0.2056315456340269,0.02033569886154977,-0.0,0.06776032692738157,0.09560356834716097,0.10051890419336833,0.10051890419336827
random,3,8,19,0.2085926536749626,0.027970492979327913,0.2503111844099551,2.6467643741691833,0.26335450209715805,0.159677796887421,2.603643023460876,0.2811494961674061,0.16452251959759315,2.6036430234608763,0.2811494961674058,0.16452251959759306,0.016357127212935044,-0.0,0.041764884736226734,0.06592057733963363,0.07037486338192554,0.07037486338192547
random,3,8,20,0.2085926536749626,0.027970492979327913,0.2503111844099551,2.385452013521808,0.36437556755202083,0.19138477711442864,2.347669502190929,0.37805589665600237,0.19646313049818698,2.3539555628912736,0.3757897560672873,0.19560897038255565,0.012610719526823255,0.0029546407957814847,0.07219389998105587,0.09120727988399593,0.09463161926513153,0.09406437893033079
random,3,8,21,0.2085926536749626,0.027970492979327913,0.2503111844099551,2.418625408074486,0.35223366234088327,0.1870342764430357,2.3725319060909,0.36907025897483753,0.19310642802987682,2.3725319060909,0.3690702589748375,0.1931064280298768,0.024302795941887348,-0.0,0.06177389222223688,0.08816802520960268,0.09238241365448044,0.09238241365448042
random,3,8,22,0.2085926536749626,0.027970492979327913,0.2503111844099551,2.0590064713421654,0.47954403092781683,0.23998123879924949,1.995751280281278,0.5014724961708034,0.2507373322078882,1.9957512802812787,0.5014724961708031,0.2507373322078881,0.022520101344071203,-0.0,0.08552784965654228,0.12003523435826596,0.12552417446553046,0.1255241744655304
random,3,8,23,0.2085926536749626,0.027970492979327913,0.2503111844099551,2.4904924590947917,0.3254090440550967,0.17794552297642593,2.4351443665267016,0.34613562313576574,0.18490493480179243,2.435144366526701,0.3461356231357659,0.1849049348017925,0.021621918417744135,-0.0,0.06258500701342062,0.0814535232351425,0.08664161779359138,0.08664161779359142
random,3,8,24,0.2085926536749626,0.027970492979327913,0.2503111844099551,1.907508546566912,0.5320760651165467,0.2665524695349538,1.8677636079886668,0.5458897941892091,0.27399783369996855,1.8677636079886668,0.5458897941892091,0.27399783369996855,0.011741266663297915,-0.0,0.08523737339096378,0.1331845900555112,0.13664232094080755,0.13664232094080755
random,3,8,25,0.2085926536749626,0.027970492979327913,0.2503111844099551,2.2139717694425975,0.42553520156873575,0.2155401038870723,2.129583815195215,0.4550247838901625,0.22852377697714454,2.1295838151952156,0.4550247838901623,0.22852377697714446,0.025240416202121575,-0.0,0.06090976491249796,0.10651622031279923,0.11389779259143043,0.11389779259143039
random,3,8,26,0.2085926536749626,0.027970492979327913,0.2503111844099551,2.128179130253857,0.4555137501473447,0.22874638828664878,2.051769655971314,0.4820540461700635,0.24118805171446484,2.0517696559713143,0.4820540461700634,0.2411880517144648,0.022854985850417158,-0.0,0.07655245148357344,0.11402018631440221,0.12066351924643977,0.12066351924643975
random,3,8,27,0.2085926536749626,0.027970492979327913,0.2503111844099551,2.3571999473384255,0.3746186651883261,0.1951695721537416,2.2735307464219057,0.404532082349837,0.20682310282514765,2.2735307464219057,0.40453208234983706,0.20682310282514768,0.029767335404614497,-0.0,0.0606026451057675,0.09377124178536632,0.10125890466481319,0.1012589046648132
random,3,8,28,0.2085926536749626,0.027970492979327913,0.2503111844099551,2.407788344654585,0.3562148453993911,0.18844450804145604,2.364744975665511,0.37189120927295993,0.19415153576725225,2.3668660363033642,0.37112343636226985,0.19386630250866987,0.014376799751548095,0.0009943613867683973,0.06392514664540462,0.08916455985633062,0.09308852906476507,0.09289634691813237
random,3,8,29,0.2085926536749626,0.027970492979327913,0.2503111844099551,2.6093246869539475,0.2788399770643044,0.1638758664046109,2.565509051042678,0.29640930277868804,0.168929237386874,2.565509051042678,0.29640930277868804,0.168929237386874,0.018189253435389404,-0.0,0.049237237120133684,0.06979676491981075,0.07419456364866239,0.07419456364866239
random,3,16,0,0.35556995562356175,0.0453859567010793,0.4266839467482741,2.12260214996495,0.45745460374781166,0.2296323572450337,1.9794026420445363,0.5071387402491272,0.25359485093073586,1.9794026420445356,0.5071387402491274,0.25359485093073597,0.04488434511790757,-0.0,0.10712400230384528,0.19518853578528408,0.2163879592384454,0.21638795923844548
random,3,16,1,0.35556995562356175,0.0453859567010793,0.4266839467482741,2.4802542644811827,0.32928048307199165,0.17921281826606208,2.3952891791476625,0.3607886892518251,0.190084239146025,2.395289179147662,0.3607886892518253,0.19008423914602507,0.02957732230416718,-0.0,0.10812021079554542,0.14049869610433566,0.15394274187210535,0.15394274187210544
random,3,16,2,0.35556995562356175,0.0453859567010793,0.4266839467482741,2.292734224132173,0.39771435879959366,0.20408835559768596,2.2000123546610966,0.43043182287241605,0.21763577707063547,2.200012354661096,0.43043182287241616,0.21763577707063553,0.031158497017435505,-0.0,0.1246049360764463,0.1696983322910698,0.1836583489892565,0.18365834898925656
random,3,16,3,0.35556995562356175,0.0453859567010793,0.4266839467482741,2.6713342072318946,0.25290878960258933,0.1569814279291234,2.6324952171010194,0.2693137436798721,0.16126494626743393,2.632495217101019,0.2693137436798722,0.16126494626743396,0.019670091136233872,-0.0,0.07498110087341281,0.10791212051496168,0.11491185106688089,0.11491185106688093
random,3,16,4,0.35556995562356175,0.0453859567010793,0.4266839467482741,2.58561547470028,0.28841376258107665,0.16659124922308682,2.531765981411731,0.30960257332058616,0.17292687670336446,2.531765981411732,0.30960257332058566,0.17292687670336432,0.02672395457864577,-0.0,0.08724339949491429,0.12306152251461347,0.1321024479078496,0.1321024479078494
random,3,16,5,0.35556995562356175,0.0453859567010793,0.4266839467482741,2.2222833102614854,0.42261547850127035,0.21430192133442885,2.0979979644914195,0.4660089404363052,0.23358216628328393,2.1123119533906176,0.46103382275553784,0.23127609286229234,0.0401599569918154,0.00782625585089587,0.1390160909112912,0.1803232403238324,0.1988385339253441,0.19671573107777715
random,3,16,6,0.35556995562356175,0.0453859567010793,0.4266839467482741,2.472649974351897,0.33214431675292855,0.18015992357563487,2.427970851082438,0.3487882668559552,0.18582662754819051,2.440835571644385,0.3440260186087886,0.18417695073990728,0.018678944047855816,0.005646344025570802,0.11201886618903262,0.14172064796214845,0.14882235428158921,0.14679037940409312
random,3,16,7,0.35556995562356175,0.0453859567010793,0.4266839467482741,2.6514884605855276,0.2613648373781896,0.15915578910886374,2.635435991411804,0.26809162728339425,0.1609365603097292,2.635435991411804,0.26809162728339425,0.1609365603097292,0.01446560700403022,-0.0,0.08000595682816969,0.11152018035374678,0.11439039361944593,0.11439039361944593
random,3,16,8,0.35556995562356175,0.0453859567010793,0.4266839467482741,2.5808286323310567,0.2903271076689379,0.16714491472370552,2.514538493071194,0.316241068590129,0.17500420673151335,2.514538493071194,0.316241068590129,0.17500420673151335,0.028649120996919297,-0.0,0.09734656389176022,0.12387791614819353,0.1349349872699279,0.1349349872699279
random,3,16,9,0.35556995562356175,0.0453859567010793,0.4266839467482741,2.3369345733815257,0.38191737971583467,0.19793044246450453,2.2742865513494124,0.40426422022304753,0.20671477987627435,2.2742865513494133,0.4042642202230472,0.2067147798762742,0.02376079158870812,-0.0,0.12422454685838881,0.16295801490891157,0.17249305301388337,0.1724930530138832
random,3,16,10,0.35556995562356175,0.0453859567010793,0.4266839467482741,2.4669291924395584,0.33429250038909497,0.18087573790819653,2.4170103010277546,0.3528279463240684,0.18724377985362983,2.4170103010277546,0.3528279463240684,0.18724377985362983,0.03078766081855605,-0.0,0.1087600750533268,0.14263724343436798,0.1505460206606417,0.1505460206606417
random,3,16,11,0.35556995562356175,0.0453859567010793,0.4266839467482741,2.4457855354773432,0.3421874124267236,0.18354611261164833,2.355366047076579,0.3752807541093612,0.1954178222024454,2.3553660470765796,0.37528075410936107,0.19541782220244536,0.034200845089107534,-0.0,0.10688044699464065,0.14600587566181383,0.16012627330205081,0.16012627330205076
random,3,16,12,0.35556995562356175,0.0453859567010793,0.4266839467482741,1.7381474485193544,0.5911925928692885,0.2997543409317561,1.6316497653920523,0.6288385447655357,0.32271895769141834,1.6316497653920528,0.6288385447655357,0.3227189576914183,0.029653263059862565,-0.0,0.19408841774682722,0.25225238881381357,0.26831531214800003,0.26831531214800003
random,3,16,13,0.35556995562356175,0.0453859567010793,0.4266839467482741,1.9360056725526795,0.5221857858786185,0.2613389974868352,1.7879438256507927,0.5737324758221342,0.28958447690649786,1.8211258952708225,0.5621388240447113,0.28300002874918545,0.040912406706414814,0.018559946394568372,0.16098993509416792,0.22280829205453812,0.24480243716144695,0.239855612063831
random,3,16,14,0.35556995562356175,0.0453859567010793,0.4266839467482741,2.310676623420193,0.3913205420417172,0.20156588331191166,2.193579593755071,0.43268544934800157,0.21860834903874102,2.193579593755071,0.43268544934800157,0.21860834903874102,0.03801751826652157,-0.0,0.11808504705541904,0.1669701933220338,0.18461993522835574,0.18461993522835574
random,3,16,15,0.35556995562356175,0.0453859567010793,0.4266839467482741,2.6085658713251534,0.27914900327788494,0.16396208301551832,2.560377744607089,0.29843306229980837,0.16953114633682065,2.5603777446070883,0.2984330622998084,0.16953114633682068,0.015979017547902676,-0.0,0.083788142945396,0.11910839844945485,0.1273365968622558,0.12733659686225582
random,3,16,16,0.35556995562356175,0.0453859567010793,0.4266839467482741,2.5154819325262423,0.31587909545316034,0.17488980147215338,2.423626395811235,0.3503913794458672,0.18638705939498884,2.4236263958112345,0.35039137944586735,0.1863870593949889,0.03693512818792616,-0.0,0.0971053682600037,0.13478053914322927,0.1495063766885347,0.14950637668853475
random,3,16,17,0.35556995562356175,0.0453859567010793,0.4266839467482741,2.530968973968584,0.3099110692401435,0.1730224354187845,2.4455421066844982,0.3422779143441267,0.18357708532388267,2.4455421066844982,0.3422779143441267,0.18357708532388267,0.03559143854784962,-0.0,0.10369023542745237,0.13223407816436208,0.14604449137711967,0.14604449137711967
random,3,16,18,0.35556995562356175,0.0453859567010793,0.4266839467482741,2.465549792392624,0.33480967976889425,0.18104876083347476,2.3727712050534073,0.3689834691109768,0.19307440023858558,2.3727712050534078,0.36898346911097657,0.1930744002385855,0.031072841843057385,-0.0,0.10154701239696948,0.1428579155733176,0.15743932288514145,0.15743932288514137
random,3,16,19,0.35556995562356175,0.0453859567010793,0.4266839467482741,2.163863865840489,0.4430751612759333,0.22315779926984716,2.0483002459616744,0.4832572018050037,0.24176876154820104,2.048300245961674,0.48325720180500376,0.24176876154820107,0.032676861229463575,-0.0,0.12603651095109752,0.1890530585193433,0.20619809016068613,0.20619809016068616
random,3,16,20,0.35556995562356175,0.0453859567010793,0.4266839467482741,1.932738880844431,0.5233190910044418,0.26193143550485765,1.8068705803009368,0.5671158997107929,0.2858102218523911,1.8068705803009366,0.567115899710793,0.28581022185239113,0.03650200182200242,-0.0,0.15683048380127768,0.22329185515849448,0.2419792503522995,0.24197925035229956
random,3,16,21,0.35556995562356175,0.0453859567010793,0.4266839467482741,2.4375585872975765,0.3452412829487673,0.1845957717260554,2.3823326229772213,0.36551070122014023,0.19179903635321932,2.382332622977221,0.36551070122014034,0.19179903635321935,0.024421851299523473,-0.0,0.11866432596148471,0.14730891318901768,0.15595754857533864,0.1559575485753387
random,3,16,22,0.35556995562356175,0.0453859567010793,0.4266839467482741,2.427304940024781,0.34903415350201816,0.1859124201554352,2.3441447552456416,0.3793249526221671,0.19694370984090465,2.344144755245641,0.3793249526221673,0.19694370984090473,0.027174176021030613,-0.0,0.11202802999919459,0.14892727016618404,0.16185186788492834,0.16185186788492842
random,3,16,23,0.35556995562356175,0.0453859567010793,0.4266839467482741,2.4989030011260582,0.32221472397746753,0.1769111641739378,2.4177378832864664,0.35256027167120285,0.18714937258043618,2.4177378832864664,0.35256027167120285,0.18714937258043618,0.03320547377451935,-0.0,0.10383816093350416,0.1374838501271116,0.15043180818331256,0.15043180818331256
random,3,16,24,0.35556995562356175,0.0453859567010793,0.4266839467482741,2.138052856767676,0.45207566937543264,0.22718620542062273,2.071257379222018,0.4752936403876195,0.2379520222964579,2.071257379222019,0.4752936403876193,0.2379520222964578,0.032741245316790325,-0.0,0.14358665295108997,0.19289343083797747,0.20280016634494438,0.20280016634494427
random,3,16,25,0.35556995562356175,0.0453859567010793,0.4266839467482741,1.3112236943544209,0.7456258146894912,0.4029789277656837,1.0649040576975983,0.8402433529124446,0.4780044460567734,1.0734436578487097,0.8368792023416166,0.47518339965597023,0.07548572556981972,0.009511767517577535,0.19658833627747435,0.31814656540910935,0.35851835004968474,0.35708292100666844
random,3,16,26,0.35556995562356175,0.0453859567010793,0.4266839467482741,1.7092814649783692,0.6013523783894431,0.30581234149731995,1.5472876021010569,0.6590185704897169,0.342152738125155,1.5604782136712585,0.654276212694736,0.3390386812490837,0.04694910892254385,0.008089085128816814,0.17881640273558652,0.2565874061976691,0.2811926446369581,0.2791691566961032
random,3,16,27,0.35556995562356175,0.0453859567010793,0.4266839467482741,2.166357508456021,0.4422045065306323,0.22277241279800003,2.073055226030959,0.47466973303383114,0.23765567772920426,2.07305522603096,0.47466973303383087,0.23765567772920412,0.026952452488621253,-0.0,0.11680864775141839,0.18868156411636314,0.20253395509282468,0.20253395509282457
random,3,16,28,0.35556995562356175,0.0453859567010793,0.4266839467482741,2.1751001690077865,0.43915032776161117,0.22142650518656526,2.0521997333691195,0.48190489227500544,0.2411161625992923,2.05219973336912,0.48190489227500527,0.24111616259929222,0.04048969800170159,-0.0,0.1296597049626079,0.1873783950651224,0.20562108139320118,0.20562108139320112
random,3,16,29,0.35556995562356175,0.0453859567010793,0.4266839467482741,2.5777424787157766,0.2915573594295868,0.16750284691877665,2.532009762356472,0.3095081862154985,0.17289765866720386,2.5320097623564726,0.3095081862154984,0.17289765866720383,0.027354094935153818,-0.0,0.1083298945895623,0.12440284482492124,0.13206217444532867,0.13206217444532864
random,4,2,0,0.09818719593764735,0.009541172652134321,0.11782463512517682,3.095947369413311,0.4667213465731725,0.11695720383676884,3.0860960801288737,0.47014281460316315,0.11775856653074605,3.0860960801288737,0.4701428146031632,0.11775856653074607,0.012914118944152259,-0.0,0.042785577137445366,0.054991272365115244,0.05539440558734135,0.05539440558734136
random,4,2,1,0.09818719593764735,0.009541172652134321,0.11782463512517682,3.1574898309985127,0.4452997279479566,0.11207296192763104,3.107937554659272,0.4625546666295051,0.11598920490518315,3.109291596728437,0.4620839501896226,0.11588039425571141,0.018359646080908537,0.0008108204328438963,0.03140404464777625,0.05246727796680849,0.054500334821069245,0.05444487282829267
random,4,2,2,0.09818719593764735,0.009541172652134321,0.11782463512517682,3.090448004600854,0.46863154053721945,0.11740388019657189,3.075574906129236,0.4737952556981068,0.11862048608050861,3.075574906129236,0.4737952556981068,0.11862048608050861,0.015470091385698083,-0.0,0.03926955195662134,0.05521634027194739,0.05582475312666929,0.05582475312666929
random,4,2,3,0.09818719593764735,0.009541172652134321,0.11782463512517682,3.1227753582715123,0.45739433643926913,0.11480239475167983,3.0754237752603317,0.4738477094231868,0.11863291293140023,3.0754237752603317,0.4738477094231868,0.11863291293140023,0.015986073078018928,-0.0,0.03175620395191822,0.053892320799279254,0.0558309334676878,0.0558309334676878
random,4,2,4,0.09818719593764735,0.009541172652134321,0.11782463512517682,2.9466116243998144,0.5185071113847575,0.1297124061391413,2.9347739526899033,0.522613077460168,0.1307811071830969,2.9347739526899037,0.5226130774601679,0.13078110718309688,0.013752715253369872,-0.0,0.046403059913659984,0.061092911208718466,0.06157669516339007,0.06157669516339006
random,4,2,5,0.09818719593764735,0.009541172652134321,0.11782463512517682,2.4110119004102,0.7085870954443642,0.18802391795757012,2.3240274350722356,0.7408351538579931,0.1997091812979491,2.34003842289213,0.734860715506708,0.19750506779875768,0.028322371358270006,0.010783941019999974,0.03629959660403559,0.08348901597514105,0.08728863169122228,0.08658469567240423
random,4,2,6,0.09818719593764735,0.009541172652134321,0.11782463512517682,2.5734508958996063,0.6496209948231559,0.1680018592287567,2.5542779645205624,0.6565042243683992,0.17024944915338835,2.5542779645205624,0.6565042243683992,0.17024944915338835,0.01768825025290892,-0.0,0.047368943381453435,0.07654135668469274,0.07735237069434385,0.07735237069434385
random,4,2,7,0.09818719593764735,0.009541172652134321,0.11782463512517682,3.269149037871588,0.4060842631820276,0.10372610720102257,3.2366067914757592,0.4175758585117538,0.10609239940295705,3.236697277392445,0.41754398805481036,0.1060857454901789,0.014484449006407432,4.988443817841034e-05,0.03269364485352131,0.04784673013949868,0.04920072316622985,0.04919696804126922
random,4,2,8,0.09818719593764735,0.009541172652134321,0.11782463512517682,3.36136533389815,0.3731136185990606,0.09730344309602132,3.368806012678812,0.3704208087812606,0.0968028938945408,3.368806012678812,0.3704208087812606,0.0968028938945408,0.007526261317011979,-0.0,0.039640540479511946,0.043961975971668704,0.04364469663742493,0.04364469663742493
random,4,2,9,0.09818719593764735,0.009541172652134321,0.11782463512517682,2.594556265146108,0.6420655059166356,0.1655620284719963,2.5584715746345137,0.6549970640579055,0.16975528848111898,2.5624183257053468,0.6535794583055536,0.16929152707974524,0.019137642604120528,0.003386465330809098,0.0506895261404981,0.07565113396108965,0.07717479008068479,0.07700776120016257
random,4,2,10,0.09818719593764735,0.009541172652134321,0.11782463512517682,3.253975823121655,0.4114500196849996,0.10482277967469664,3.236080893514315,0.41776107885451713,0.10613107975142252,3.23960103381022,0.41652101125308305,0.10587243820382274,0.008595657246245366,0.0019106082169294508,0.03538904691403931,0.0484789484416319,0.049222546685533705,0.04907643617286418
random,4,2,11,0.09818719593764735,0.009541172652134321,0.11782463512517682,2.475492505071152,0.6849972419134795,0.17980530535726852,2.452004591741552,0.6935606660704353,0.18275659938001648,2.4520045917415514,0.6935606660704354,0.1827565993800165,0.021684412549041448,-0.0,0.04205252007596475,0.0807095500902082,0.08171853241692364,0.08171853241692366
random,4,2,12,0.09818719593764735,0.009541172652134321,0.11782463512517682,3.4429127618003266,0.3432549019376759,0.09195598192606087,3.4518669916916624,0.3399236120168838,0.09138701550165124,3.451866991691662,0.33992361201688387,0.09138701550165125,0.00770823870105041,-0.0,0.03542948399905757,0.040443883575735015,0.04005137555632151,0.04005137555632152
random,4,2,13,0.09818719593764735,0.009541172652134321,0.11782463512517682,3.0559347634971266,0.4806094841776128,0.12024636907036776,3.0396611636813518,0.48625271995458735,0.12161042691580859,3.042212072696532,0.48536827573124647,0.12139559077158082,0.010572853233884329,0.001591020316527363,0.04313281176066829,0.05662763711092667,0.057292549307274045,0.05718833998937033
random,4,2,14,0.09818719593764735,0.009541172652134321,0.11782463512517682,3.5275560576618643,0.31123056097646745,0.08671611552143166,3.530375468219725,0.31014070746749917,0.08654681460711022,3.530375468219725,0.31014070746749917,0.08654681460711022,0.011119084814564664,-0.0,0.034447760224815105,0.036670627286856376,0.03654221569482229,0.03654221569482229
random,4,2,15,0.09818719593764735,0.009541172652134321,0.11782463512517682,3.3393353603846845,0.38105469573040374,0.09880067028454764,3.3164177715938252,0.3892694534673936,0.10038267685070083,3.3164177715938257,0.3892694534673934,0.10038267685070079,0.013499023775486323,-0.0,0.029367518792212523,0.0448976304871701,0.04586553132017265,0.045865531320172626
random,4,2,16,0.09818719593764735,0.009541172652134321,0.11782463512517682,3.468720488254506,0.33362043173106837,0.09032564811710611,3.4710929593004054,0.3327295130814516,0.09017723221885497,3.471092959300405,0.33272951308145177,0.090177232218855,0.010353682968529128,-0.0,0.03419688664402526,0.039308705639017096,0.03920373347419978,0.0392037334741998
random,4,2,17,0.09818719593764735,0.009541172652134321,0.11782463512517682,2.9930453668820594,0.502410301470262,0.12560402775585988,2.95106099240392,0.5169641405225488,0.1293129806465544,2.95106099240392,0.5169641405225489,0.12931298064655442,0.016068404443177677,-0.0,0.03723335221281324,0.05919631045386371,0.06091111122986995,0.06091111122986997
random,4,2,18,0.09818719593764735,0.009541172652134321,0.11782463512517682,2.466551337791775,0.6882532007191978,0.1809231170750551,2.442656937821307,0.6969779872795802,0.18394457868807365,2.442656937821307,0.69697798727958,0.18394457868807362,0.02223354890014283,-0.0,0.04059150722732588,0.08109318224847457,0.08212117704149667,0.08212117704149666
random,4,2,19,0.09818719593764735,0.009541172652134321,0.11782463512517682,3.337170966267467,0.3818324585899568,0.09894900660821276,3.31533331296711,0.3896570893279047,0.10045816181587368,3.31533331296711,0.38965708932790477,0.10045816181587369,0.011037084837759671,-0.0,0.029398559299928774,0.044989270112310846,0.04591120437399881,0.045911204373998815
random,4,2,20,0.09818719593764735,0.009541172652134321,0.11782463512517682,3.2458597039874837,0.4143145634110888,0.10541413936363028,3.226728499040271,0.4210525783652777,0.10682131843701208,3.226728499040271,0.42105257836527765,0.10682131843701206,0.014535992107468162,-0.0,0.03615654510364755,0.048816462260958475,0.049610366414403764,0.04961036641440376
random,4,2,21,0.09818719593764735,0.009541172652134321,0.11782463512517682,2.475010356878484,0.6851726972714048,0.17986540627154304,2.438151950180739,0.6986268398686417,0.18451986534621118,2.44356349319776,0.6966463337504863,0.1838290285819985,0.024681779943630012,0.0044352036372406044,0.053300504952273134,0.08073022305373652,0.08231545249617804,0.08208210008544321
random,4,2,22,0.09818719593764735,0.009541172652134321,0.11782463512517682,3.5933444767901075,0.28531088424197054,0.08285057516673378,3.5914921971856564,0.2860560471846272,0.08295701553272342,3.591492197185657,0.2860560471846269,0.08295701553272337,0.004900491371765081,-0.0,0.023772395829243884,0.033616650833051744,0.033704449384879064,0.03370444938487903
random,4,2,23,0.09818719593764735,0.009541172652134321,0.11782463512517682,2.5475768764644457,0.6589144710151468,0.17104207002829266,2.480424339517103,0.6832033156949086,0.1791916926441292,2.4848075158211818,0.6816101556853252,0.17864810108334334,0.03159354960999804,0.003951990852319244,0.04360309034660914,0.07763635712605857,0.0804981813880636,0.08031046789123841
random,4,2,24,0.09818719593764735,0.009541172652134321,0.11782463512517682,2.5759648056536815,0.6487198757777896,0.1677093693072877,2.5597350770247536,0.6545431477016205,0.16960668305078636,2.560273514319744,0.6543497379356208,0.16954339488410392,0.025504703977225693,0.0004728723837875379,0.05228542561254046,0.0764351826619681,0.07712130755162816,0.07709851911651959
random,4,2,25,0.09818719593764735,0.009541172652134321,0.11782463512517682,3.365461147696952,0.3716320234098213,0.0970275902059195,3.3389150412040864,0.3812057678850472,0.09882945936720712,3.3389150412040864,0.3812057678850472,0.09882945936720712,0.01351052675093892,-0.0,0.028251570717929293,0.04378740755909337,0.04491543050866853,0.04491543050866853
random,4,2,26,0.09818719593764735,0.009541172652134321,0.11782463512517682,3.110994153930315,0.4614920230302479,0.11574372183013772,3.099314877739719,0.4655513856307647,0.11668452316568124,3.0993148777397193,0.4655513856307646,0.11668452316568122,0.011325946875660256,-0.0,0.039159759916791735,0.05437512922671866,0.05485342214396534,0.054853422143965325
random,4,2,27,0.09818719593764735,0.009541172652134321,0.11782463512517682,2.7658560593221324,0.5814673667581477,0.14702607465116357,2.757460703365526,0.584411312549907,0.14788414555907625,2.7608247633734817,0.5832313870377444,0.1475397127064928,0.01611910519228802,0.0025319598297405053,0.05018861396120805,0.06851118032547612,0.06885804966421846,0.06871902537127302
random,4,2,28,0.09818719593764735,0.009541172652134321,0.11782463512517682,2.8152487480246515,0.5641901192400931,0.1420776226620376,2.7764581575696323,0.5777527764380326,0.1459495676704638,2.7764581575696323,0.5777527764380326,0.1459495676704638,0.01563535565801106,-0.0,0.04423833596238158,0.06647549494069398,0.06807351007636904,0.06807351007636904
random,4,2,29,0.09818719593764735,0.009541172652134321,0.11782463512517682,3.0506189836913897,0.4824530992366301,0.12069024824075741,3.0210767335837256,0.49269509803894657,0.1231871149079018,3.021537385080879,0.49253543072119904,0.12314778762892926,0.017403435509173885,0.0002942618719000094,0.03878516129018033,0.05684486038256667,0.0580516201544021,0.05803280741094709
random,4,4,0,0.15305434303911158,0.017030086251909677,0.1836652116469339,1.7887653814536983,0.9527216116769727,0.28941961733909205,1.7060702598576218,0.9879145474643583,0.30649378827292695,1.7132469182035677,0.9848308012738228,0.30497292678440996,0.039720052038193725,0.010203571058272463,0.07591382350163656,0.17498181644925914,0.18144553444912628,0.18087915755237616
random,4,4,1,0.15305434303911158,0.017030086251909677,0.1836652116469339,3.581335468262418,0.29012481810413104,0.08354310251998878,3.551847859927451,0.30178291009659997,0.08526823120659313,3.5518478599274497,0.3017829100966003,0.08526823120659319,0.014526824880623127,-0.0,0.03643170561916312,0.05328583612112343,0.05542702205431965,0.055427022054319715
random,4,4,2,0.15305434303911158,0.017030086251909677,0.1836652116469339,2.962631294438833,0.5129524272426451,0.12828004815353028,2.8967141734346455,0.5358251927328719,0.1342771592918048,2.896714173434645,0.5358251927328719,0.13427715929180484,0.02880152249804488,-0.0,0.04589860782494971,0.09421151611432887,0.09841244742904205,0.09841244742904205
random,4,4,3,0.15305434303911158,0.017030086251909677,0.1836652116469339,3.2838482640091344,0.40087222836907177,0.1026746358693963,3.2294700119712636,0.4200881889631204,0.10661852162657859,3.237024260630349,0.417428816181799,0.10606170414473454,0.018321841994323212,0.004045220634007988,0.04761344307446774,0.07362628266678359,0.07715558613628866,0.07666715187155917
random,4,4,4,0.15305434303911158,0.017030086251909677,0.1836652116469339,3.1628711467468507,0.4434217114500526,0.11165570354632343,3.1247757657536255,0.4566982492723197,0.11464332272210047,3.1247757657536255,0.4566982492723198,0.11464332272210048,0.015305060818107905,-0.0,0.05001157736556423,0.08144114248231955,0.08387958061138477,0.08387958061138479
random,4,4,5,0.15305434303911158,0.017030086251909677,0.1836652116469339,2.88634977380033,0.539426684858417,0.1352452870843355,2.818204103974368,0.5631585035432286,0.14178687502826215,2.8228652352682917,0.5615319122478094,0.14132952211817038,0.030631810645213364,0.003340856261223319,0.0668406740989891,0.09907391624252508,0.10343262574403765,0.10313387750950143
random,4,4,6,0.15305434303911158,0.017030086251909677,0.1836652116469339,2.62463405162787,0.6313353101227895,0.1621460684519597,2.6028832241902475,0.6390905683880809,0.16460918865065005,2.6028832241902475,0.6390905683880809,0.16460918865065005,0.013696242940014345,-0.0,0.07972416753146296,0.11595433335388479,0.11737870450455615,0.11737870450455615
random,4,4,7,0.15305434303911158,0.017030086251909677,0.1836652116469339,2.938840322537037,0.5212024846524214,0.13041300750196438,2.905865244508904,0.5326467106038338,0.13342812957927108,2.9058652445089037,0.5326467106038341,0.13342812957927114,0.02270036498838252,-0.0,0.06727976713896298,0.09572676465459479,0.09782867083609628,0.09782867083609632
random,4,4,8,0.15305434303911158,0.017030086251909677,0.1836652116469339,3.4827896272086396,0.3283234682603569,0.0894490749526274,3.44168583826982,0.3437104485122043,0.09203421810411516,3.4416858382698203,0.3437104485122042,0.09203421810411515,0.01712598200382877,-0.0,0.038340292723685665,0.06030159928669383,0.06312765227125658,0.06312765227125657
random,4,4,9,0.15305434303911158,0.017030086251909677,0.1836652116469339,3.369001965782192,0.3703498162448028,0.0967897465981398,3.3538227007253263,0.37583769219164764,0.09781349271798592,3.3538227007253267,0.37583769219164753,0.0978134927179859,0.0073849986502023245,-0.0,0.052562315326709894,0.06802037738400478,0.06902830928127415,0.06902830928127414
random,4,4,10,0.15305434303911158,0.017030086251909677,0.1836652116469339,3.3184291072768244,0.3885502576752265,0.10024282568487122,3.280187182776299,0.4021717091037587,0.10293552090085958,3.280187182776299,0.4021717091037587,0.10293552090085958,0.01802788102437919,-0.0,0.051456561213825615,0.07136316531139117,0.07386495207095098,0.07386495207095098
random,4,4,11,0.15305434303911158,0.017030086251909677,0.1836652116469339,2.4822839001415824,0.6825272813426773,0.17896087244425654,2.4148375369819557,0.7071802879613803,0.1875259899202852,2.4162761261713204,0.7066515147392035,0.1873390908208027,0.0316444381369786,0.0013863671354448423,0.0692791520057392,0.1253565175826092,0.12988441726096658,0.12978730001520222
random,4,4,12,0.15305434303911158,0.017030086251909677,0.1836652116469339,3.5490943018244194,0.3028605709181517,0.0854311313542172,3.5533277581049525,0.3012029813147236,0.08518080898821943,3.5533277581049525,0.3012029813147235,0.08518080898821942,0.007168109073095025,-0.0,0.04954634710390446,0.055624950857193566,0.055320509311856184,0.05532050931185617
random,4,4,13,0.15305434303911158,0.017030086251909677,0.1836652116469339,3.3884899197654805,0.3632690438369721,0.095491099552557,3.3756027569503355,0.3679560522049248,0.09634791408855833,3.3756027569503355,0.3679560522049249,0.09634791408855835,0.014068488567542031,-0.0,0.049036583012738374,0.0667198858210968,0.06758072620498777,0.06758072620498778
random,4,4,14,0.15305434303911158,0.017030086251909677,0.1836652116469339,3.121825894433238,0.45772469088787693,0.11487797316210062,3.114788584044095,0.4601725954901303,0.11543970441003076,3.119569229444584,0.4585097862002249,0.11505780601034399,0.012257021015672956,0.0028014528912359794,0.0625248474035078,0.0840681022279493,0.08451769714481368,0.08421229692465472
random,4,4,15,0.15305434303911158,0.017030086251909677,0.1836652116469339,2.9574211508935204,0.5147588009147088,0.1287441557797872,2.905116024434056,0.5329068940891543,0.13349743944193726,2.910946801214446,0.5308822348850774,0.13295898682914362,0.017535267564254865,0.0037122560963874676,0.07151771752571617,0.0945432841171219,0.0978764574909947,0.09750459802976501
random,4,4,16,0.15305434303911158,0.017030086251909677,0.1836652116469339,3.355184111855133,0.3753464199504202,0.0977212337423993,3.376523687390899,0.367621712928647,0.09628643095414813,3.376523687390899,0.36762171292864687,0.09628643095414811,0.015590777178623227,-0.0,0.06602358856190876,0.06893807966111284,0.06751931971104833,0.0675193197110483
random,4,4,17,0.15305434303911158,0.017030086251909677,0.1836652116469339,2.6016948589972553,0.639514925771008,0.16474483507097445,2.559329922286127,0.6546886915187609,0.1696543207006368,2.559455103333643,0.6546437217972934,0.169639600622153,0.02099529896534385,0.00011030325416543702,0.07649419758660561,0.1174566441931054,0.12024353709064743,0.1202352777172364
random,4,4,18,0.15305434303911158,0.017030086251909677,0.1836652116469339,2.964841869083562,0.5121860642435593,0.12808364110132686,2.938487421303635,0.5213248969887024,0.1304449120550703,2.943719144486312,0.5195102665868135,0.12997272927227552,0.021208109864580153,0.0034463521270897022,0.07278857932747126,0.09407076189190339,0.09574924754224604,0.09541596306542216
random,4,4,19,0.15305434303911158,0.017030086251909677,0.1836652116469339,3.1442193116621957,0.4499271599637366,0.11310861231825846,3.123460809033871,0.45715582898088936,0.11474786299280104,3.1236023285913235,0.45710658486396144,0.1147366074814985,0.01300451329035696,8.43594026986743e-05,0.06394965638986642,0.08263596706044357,0.08396362208540456,0.08395457765424663
random,4,4,20,0.15305434303911158,0.017030086251909677,0.1836652116469339,2.8350993991903373,0.5572651228490826,0.14013610428600076,2.7521548209691034,0.5862730726666082,0.14842902893348653,2.7521548209691034,0.5862730726666082,0.14842902893348653,0.038582786874981144,-0.0,0.06125962453511605,0.10235021673153137,0.10767796797421085,0.10767796797421085
random,4,4,21,0.15305434303911158,0.017030086251909677,0.1836652116469339,2.722721209086859,0.5966183162120415,0.1514883538099229,2.631976300486508,0.6287223914494453,0.1613229613774774,2.6357124902398237,0.6273937171125437,0.1609057190680736,0.035867415755673385,0.0028617180776290426,0.05485790385642741,0.10957802931952194,0.11547443109272879,0.1152303998394319
random,4,4,22,0.15305434303911158,0.017030086251909677,0.1836652116469339,3.3926346053094374,0.36175770370014076,0.0952171590465997,3.365961764276269,0.37145081708785005,0.09699392737880785,3.372565958293185,0.3690579091588237,0.09655093507817064,0.012654820476797439,0.003238537265803217,0.046163866643567406,0.06644230521499515,0.06822259293686651,0.06778309899563026
random,4,4,23,0.15305434303911158,0.017030086251909677,0.1836652116469339,2.9350369847624647,0.5225218286465554,0.13075726535303506,2.8863517436324533,0.5394260001993489,0.135245102422767,2.898067360144662,0.5353551048182634,0.13415127206374344,0.020911594414143347,0.0074294246157761215,0.06817041337073204,0.09596908224851251,0.09907379049447243,0.09832610863271284
random,4,4,24,0.15305434303911158,0.017030086251909677,0.1836652116469339,3.3888592741183436,0.3631344398085497,0.0954666553437673,3.354812485486023,0.3754805410154567,0.09774640917031502,3.359810165926471,0.37367573588754244,0.09740838889777409,0.017780240645642556,0.002485721551022888,0.04780961780979733,0.06669516374372805,0.0689627130349091,0.06863123311910925
random,4,4,25,0.15305434303911158,0.017030086251909677,0.1836652116469339,3.221846256011637,0.42276909163081167,0.1071834262095854,3.181967942532286,0.4367492101268527,0.11018746813660743,3.1875300762574508,0.43480327381661915,0.10976347173041247,0.013003331567781051,0.0029201001169094918,0.049654016661362564,0.07764797469215501,0.0802156361145796,0.07985823531030911
random,4,4,26,0.15305434303911158,0.017030086251909677,0.1836652116469339,3.6347062613036427,0.26839517239018407,0.08050899214058915,3.6328479918153,0.2691673004276141,0.08061275890487236,3.6328479918152996,0.26916730042761416,0.08061275890487238,0.009783906522173608,-0.0,0.040995231031407633,0.04929485614205847,0.049436669201471585,0.04943666920147159
random,4,4,27,0.15305434303911158,0.017030086251909677,0.1836652116469339,2.951729292523677,0.5167323981407562,0.12925309282207426,2.9394750799664493,0.5209823066702349,0.13035564096585966,2.9394750799664493,0.5209823066702349,0.13035564096585966,0.016126005657315718,-0.0,0.07725634178588808,0.0949057652693497,0.09568632561889652,0.09568632561889652
random,4,4,28,0.15305434303911158,0.017030086251909677,0.1836652116469339,2.8256893791259587,0.5605466385466739,0.14105313349649387,2.783227614894008,0.5753828042979405,0.14526634287044055,2.7832276148940083,0.5753828042979405,0.14526634287044052,0.02087759070310008,-0.0,0.07386410153293638,0.10295291700665221,0.10567780452938759,0.10567780452938759
random,4,4,29,0.15305434303911158,0.017030086251909677,0.1836652116469339,3.370450253023136,0.36982498794903135,0.09669263042787529,3.343975499729763,0.3793858627628844,0.09848340821608453,3.343975499729763,0.3793858627628844,0.09848340821608453,0.019766637091184203,-0.0,0.04963679508213079,0.06792398468398361,0.06967998478019978,0.06967998478019978
random,4,8,0,0.2529772266849841,0.029635654523891046,0.30357267202198096,3.146750214652012,0.4490450362800425,0.11291036115193617,3.0893007158829673,0.46902998447673117,0.11749728158456067,3.0978906048809787,0.4660462405881644,0.1167997745915903,0.02861988752049706,0.004724866794883728,0.09533500013576734,0.1363178015217399,0.14238468564602952,0.14147890254114806
random,4,8,1,0.2529772266849841,0.029635654523891046,0.30357267202198096,2.85365286635346,0.5508010642071008,0.1383454530829187,2.827275442344549,0.559993387039034,0.14089814838186235,2.8299043340125114,0.5590765110770645,0.14064163630952575,0.014819562688925094,0.0018951090364446913,0.11442765573599334,0.1672081508139003,0.16999868881807892,0.1697203503323911
random,4,8,2,0.2529772266849841,0.029635654523891046,0.30357267202198096,3.100105706318843,0.46527660089432027,0.11662057883494314,3.066246804976374,0.47703224630620705,0.11938994100398645,3.070730676182454,0.4754764144083618,0.11901945516465805,0.025044791391495128,0.002564101612163753,0.11008514303423324,0.14124526096279363,0.14481395365182304,0.14434164560537713
random,4,8,3,0.2529772266849841,0.029635654523891046,0.30357267202198096,2.564643949312678,0.6527804070869662,0.16903056496915633,2.561770485244567,0.6538120962658188,0.16936756430587607,2.5617704852445677,0.6538120962658185,0.16936756430587596,0.015767466890124503,-0.0,0.1367618990535694,0.1981662924229868,0.19847948506370727,0.19847948506370716
random,4,8,4,0.2529772266849841,0.029635654523891046,0.30357267202198096,3.0096363685501863,0.4966602641956518,0.12416785450772366,2.9723471019217724,0.5095843427378757,0.1274190505908982,2.972347101921772,0.5095843427378758,0.12741905059089823,0.021401852562726052,-0.0,0.10667859328151316,0.150772483489017,0.15469588054550187,0.1546958805455019
random,4,8,5,0.2529772266849841,0.029635654523891046,0.30357267202198096,2.718878650082601,0.5979711519053731,0.1518923746277597,2.6830627966669485,0.6106075634655566,0.1557103991403359,2.683367221576646,0.610499945808069,0.15567754595791378,0.0172682047925795,0.0002459150743756756,0.09506274561440822,0.181527700375976,0.18536376959807033,0.18533109981823007
random,4,8,6,0.2529772266849841,0.029635654523891046,0.30357267202198096,3.481045484598975,0.32898194226886046,0.08955727958474796,3.468144657325342,0.33383653181353234,0.0903617074933219,3.4681446573253423,0.3338365318135322,0.09036170749332187,0.01436936016930634,-0.0,0.069505236129836,0.09986992726153905,0.10134364798118507,0.10134364798118502
random,4,8,7,0.2529772266849841,0.029635654523891046,0.30357267202198096,3.4859556365439435,0.32712684545150233,0.08925299325376278,3.4332168404805246,0.346849084921555,0.09257607192773001,3.4332168404805246,0.346849084921555,0.09257607192773001,0.025122204464324793,-0.0,0.07309802276019127,0.09930677056383418,0.10529390349801543,0.10529390349801543
random,4,8,8,0.2529772266849841,0.029635654523891046,0.30357267202198096,3.1298768805967265,0.4549227625717448,0.11423867997647702,3.1102306772805557,0.4617574679987043,0.1158049898131436,3.113566066584319,0.4605977320300351,0.11553756768780302,0.02311128175743411,0.0019744774504360904,0.11296862454776728,0.1381021185975258,0.14017694838647105,0.13982488423962214
random,4,8,9,0.2529772266849841,0.029635654523891046,0.30357267202198096,3.055703827845293,0.48068958272631257,0.12026561873539912,3.0442721982553045,0.4846539598217105,0.12122236519271605,3.044272198255304,0.48465395982171056,0.12122236519271606,0.01965008361039891,-0.0,0.11650292863168513,0.14592422104135777,0.14712769758911046,0.14712769758911048
random,4,8,10,0.2529772266849841,0.029635654523891046,0.30357267202198096,3.2010660944845126,0.43006249461250323,0.10873843731808235,3.1560627799613035,0.44579759739773483,0.11218387446139821,3.1580983191854557,0.445087419151711,0.11202570267178272,0.02826316677351142,0.0011752389297799892,0.09724455085568509,0.1305552206259564,0.13533196782300966,0.13511637711525235
random,4,8,11,0.2529772266849841,0.029635654523891046,0.30357267202198096,3.3885655136118107,0.3632414963813184,0.09548609617333484,3.336290331021841,0.38214879035908295,0.09900942449322758,3.3459097186084374,0.37868963620896084,0.09835146014301878,0.02057544574624459,0.004494273528544297,0.08686147307368358,0.11027019164573956,0.11600992939927465,0.11495982473098616
random,4,8,12,0.2529772266849841,0.029635654523891046,0.30357267202198096,2.933677484840113,0.5229934622287719,0.13088054038350946,2.8863277505034306,0.5394343395507054,0.13524735167162644,2.8863277505034315,0.5394343395507052,0.13524735167162638,0.024706952316970277,-0.0,0.1131663386093563,0.15876652277881526,0.16375752383782022,0.16375752383782013
random,4,8,13,0.2529772266849841,0.029635654523891046,0.30357267202198096,3.2844140023432207,0.4006713413162896,0.10263438093804866,3.2593498130383414,0.4095511919848019,0.10443304471404301,3.2593498130383414,0.4095511919848018,0.104433044714043,0.014738978488770996,-0.0,0.08450150260244718,0.12163286968601718,0.12432854968061362,0.12432854968061359
random,4,8,14,0.2529772266849841,0.029635654523891046,0.30357267202198096,3.1145688751050544,0.46024900275508973,0.11545728613426365,3.1002451190506055,0.4652281587343217,0.11660930991983182,3.1002451190506046,0.4652281587343221,0.1166093099198319,0.017459247155721926,-0.0,0.11903395130276721,0.13971901956181468,0.14123055524684433,0.14123055524684447
random,4,8,15,0.2529772266849841,0.029635654523891046,0.30357267202198096,2.4821548886733753,0.6825741763217412,0.17897687654532587,2.424617461414935,0.7035881294229366,0.18625906396621672,2.4271956505678176,0.7026421685002403,0.18592650423868,0.02979656646736168,0.0024463220249282508,0.13090135895161487,0.20721086655919374,0.21359012845186823,0.21330296056693693
random,4,8,16,0.2529772266849841,0.029635654523891046,0.30357267202198096,3.0094381305310094,0.4967289697689939,0.12418491735194151,2.976876328096282,0.5080143930719828,0.12701965589207376,2.9799300472559804,0.5069559376268342,0.12675108067377566,0.01599779207556108,0.00198286025878803,0.10768590288107116,0.15079334062349928,0.15421928673048677,0.1538979685827868
random,4,8,17,0.2529772266849841,0.029635654523891046,0.30357267202198096,3.37803073482543,0.3670743909187036,0.0961859021170843,3.3344187878588025,0.3828208369305261,0.09913794829704711,3.3424548548332758,0.3799329808259652,0.09858726747982581,0.024591357777310783,0.0040019794152399875,0.0819622044893762,0.11143375368203202,0.11621394437269085,0.11533727017861432
random,4,8,18,0.2529772266849841,0.029635654523891046,0.30357267202198096,2.9273890773893476,0.5251752718267557,0.1314522665345767,2.9217977562078925,0.5271155947733438,0.131962712563314,2.9217977562078925,0.5271155947733438,0.131962712563314,0.015577253071530685,-0.0,0.11827791459096597,0.15942886054831842,0.16001788956979973,0.16001788956979973
random,4,8,19,0.2529772266849841,0.029635654523891046,0.30357267202198096,3.073164753095892,0.4746317224562691,0.11881881799045121,3.0649357436312465,0.4774871178921678,0.11949848693824223,3.064935743631247,0.47748711789216775,0.11949848693824222,0.017347783389115228,-0.0,0.1262825201808776,0.14408522021244488,0.1449520402346,0.14495204023459998
random,4,8,20,0.2529772266849841,0.029635654523891046,0.30357267202198096,3.3703897665706135,0.36984691129946673,0.09669668444943891,3.344627254009146,0.3791513008713902,0.09843892723811687,3.3446272540091466,0.3791513008713901,0.09843892723811684,0.026222044326650144,-0.0,0.08004584742623083,0.1122754151022557,0.11509997350613796,0.11509997350613793
random,4,8,21,0.2529772266849841,0.029635654523891046,0.30357267202198096,3.1471648921655215,0.4489004865344736,0.11287791170272178,3.0824797211344674,0.4713984240727316,0.11805411855456371,3.090838273122721,0.4684959985071353,0.11737212515429943,0.022403611182923645,0.0049212044741697245,0.10021920895623608,0.13627392016923745,0.14310367918271003,0.14222258209841707
random,4,8,22,0.2529772266849841,0.029635654523891046,0.30357267202198096,3.1626748199790486,0.443490243689391,0.11167089906191885,3.1479026341163174,0.44864330948321596,0.11282020478601318,3.14989781025247,0.44794771052381965,0.11266428784088293,0.016785109898417014,0.0010846787622754773,0.11683804497266057,0.13463151829246792,0.13619584824460443,0.13598468340984476
random,4,8,23,0.2529772266849841,0.029635654523891046,0.30357267202198096,3.0450999693680636,0.484366934148115,0.12115283172401109,2.988591043155863,0.5039540841053084,0.12599242972160507,2.988591043155863,0.5039540841053084,0.12599242972160507,0.022780861487120184,-0.0,0.10827784894867525,0.14704056443843816,0.1529866878882386,0.1529866878882386
random,4,8,24,0.2529772266849841,0.029635654523891046,0.30357267202198096,3.3470792953044133,0.37826847622942766,0.09827176002723327,3.343070879228933,0.3797113647983198,0.09854518013925068,3.346773443942433,0.37837862439511594,0.09829259584978506,0.02116867698257902,0.0018665112568174913,0.09491191598682303,0.11483197207065055,0.11526999360893911,0.11486541004362685
random,4,8,25,0.2529772266849841,0.029635654523891046,0.30357267202198096,3.3777644877274318,0.3671711029583529,0.09620365471191335,3.340355255814124,0.38068805630996877,0.09873084905426549,3.340355255814124,0.38068805630996877,0.09873084905426549,0.018645078226782838,-0.0,0.0871286687516675,0.11146311281432507,0.11556649046087157,0.11556649046087157
random,4,8,26,0.2529772266849841,0.029635654523891046,0.30357267202198096,3.4439730995372138,0.3428610322449137,0.09188842185801194,3.4074895469149156,0.3563244055021804,0.09424177048912058,3.407489546914915,0.3563244055021806,0.09424177048912061,0.01836198765354751,-0.0,0.07095365435127485,0.10408323969080303,0.10817035188494076,0.10817035188494081
random,4,8,27,0.2529772266849841,0.029635654523891046,0.30357267202198096,2.376422849967529,0.7213496303255935,0.1925863222927176,2.338221530106464,0.7355377821911282,0.1977539572576609,2.338221530106464,0.7355377821911282,0.1977539572576609,0.023895124181820864,-0.0,0.1433176371168033,0.2189820347400086,0.22328916991288264,0.22328916991288264
random,4,8,28,0.2529772266849841,0.029635654523891046,0.30357267202198096,3.488562042622229,0.32614041337617483,0.08909189230929555,3.497022909414748,0.3229299044683016,0.0885709307999766,3.4970229094147474,0.32292990446830183,0.08857093079997663,0.01441939709168111,-0.0,0.09111083964184227,0.09900731674295882,0.09803269397524537,0.09803269397524543
random,4,8,29,0.2529772266849841,0.029635654523891046,0.30357267202198096,3.053358876837795,0.48150288457847473,0.12046125696434799,2.9983205008735143,0.500582070173496,0.1251456022447957,3.009291170321268,0.4967799033765594,0.12419756809970593,0.01579361621411931,0.006746169648736737,0.09426777208622247,0.14617111725777907,0.15196303660886296,0.15080880267484367
random,4,16,0,0.41884706652867176,0.045951318043752035,0.502616479834406,3.2779459552426196,0.40296677562082395,0.10309555556356087,3.1964793613140148,0.43166976971467963,0.10908469752138114,3.2111469076330215,0.4265267976652129,0.10798127728163537,0.029584338747778972,0.007369767897163334,0.1731294983083299,0.20253774225275947,0.21696434010492097,0.21437939759753127
random,4,16,1,0.41884706652867176,0.045951318043752035,0.502616479834406,3.026576960295857,0.49078859914131934,0.12271836226177466,2.893950053372017,0.5367855182724488,0.13453467315675538,2.893950053372017,0.5367855182724489,0.1345346731567554,0.049768489374235884,-0.0,0.16611813140422135,0.24667843804326933,0.2697972476201855,0.26979724762018553
random,4,16,2,0.41884706652867176,0.045951318043752035,0.502616479834406,3.110697930964929,0.46159501504523603,0.11576748947865292,3.0296816605141363,0.48971238319655547,0.1224545545640125,3.0324627543552642,0.4887483008518167,0.12221872539638448,0.03139096495837017,0.0017443759768224377,0.15112856888144843,0.23200526157114623,0.24613751417357044,0.24565295049918734
random,4,16,3,0.41884706652867176,0.045951318043752035,0.502616479834406,3.5130164313966623,0.316824670223208,0.08759446791551112,3.4547811187243394,0.3388368778385944,0.09120260744585164,3.4633604138548426,0.33562992135993786,0.09066186102801951,0.02496066764298808,0.0039319182826867815,0.12181711352860336,0.15924130047228535,0.17030499877731498,0.1686931296010305
random,4,16,4,0.41884706652867176,0.045951318043752035,0.502616479834406,3.4877823023886405,0.32643564291798205,0.08914005724181907,3.41412032110963,0.3538904888453617,0.09380961952380226,3.4321948058132374,0.3472271760427959,0.09264167794566369,0.029019082939274982,0.0082191291625178,0.12755959769244268,0.1640719337359173,0.17787119175033284,0.17452210092547168
random,4,16,5,0.41884706652867176,0.045951318043752035,0.502616479834406,3.2382697856072347,0.41699005831300795,0.10597017718297144,3.169797307273267,0.44100315683951946,0.11112094608560545,3.169797307273266,0.44100315683951974,0.11112094608560551,0.030902705051441753,-0.0,0.1733063019943779,0.20958607523522776,0.22165545428653974,0.22165545428653988
random,4,16,6,0.41884706652867176,0.045951318043752035,0.502616479834406,3.2916879462059008,0.39808647094780164,0.10211820958791873,3.264087403226292,0.40787578998056806,0.10409066501306811,3.264087403226292,0.407875789980568,0.1040906650130681,0.01874685024594627,-0.0,0.15797460260011442,0.20008482069748562,0.20500509376971063,0.2050050937697106
random,4,16,7,0.41884706652867176,0.045951318043752035,0.502616479834406,2.9674780326559587,0.5112721938337692,0.12784981404689882,2.8539637689005994,0.5506928097611296,0.1383156426806519,2.8539637689006,0.5506928097611293,0.13831564268065186,0.049414939566831795,-0.0,0.2179429756519852,0.2569738303019432,0.2767872815122572,0.27678728151225707
random,4,16,8,0.41884706652867176,0.045951318043752035,0.502616479834406,2.763313070807353,0.5823588617079031,0.14728546095243114,2.6689581756784015,0.6155978553270098,0.15724017987080355,2.6770572790027667,0.6127313504865023,0.15635992696725323,0.036504979215989775,0.005926900808331455,0.18467463495654524,0.29270316107199795,0.3094096270380717,0.3079688744657075
random,4,16,9,0.41884706652867176,0.045951318043752035,0.502616479834406,3.519033855657511,0.31451471007999,0.08722987571417504,3.430043399124059,0.34802259764692717,0.09277993211822874,3.4300433991240595,0.34802259764692695,0.0927799321182287,0.0314147358069314,-0.0,0.11558161352161095,0.15808027643654335,0.17492189293212437,0.17492189293212426
random,4,16,10,0.41884706652867176,0.045951318043752035,0.502616479834406,3.3190066203254927,0.3883436949800172,0.10020270635768316,3.245799212794073,0.41433589946990945,0.10541855939738473,3.245932718929132,0.41428880978562305,0.10540880447839704,0.02852866185434854,7.311912116122865e-05,0.15047590361743035,0.19518794093674255,0.20825205126058824,0.2082283832092357
random,4,16,11,0.41884706652867176,0.045951318043752035,0.502616479834406,3.2686891313223088,0.4062471099426925,0.10375917858419752,3.1826389828978194,0.4365145064527878,0.11013622858593022,3.185113257023019,0.4356489543485451,0.10994750285624519,0.03188291914837594,0.001399768165304919,0.15622115284890598,0.20418649234229702,0.21939938462995331,0.2189643438782056
random,4,16,12,0.41884706652867176,0.045951318043752035,0.502616479834406,2.9082184156208974,0.5318295710554956,0.1332106731622681,2.7826716829352725,0.5755773830770003,0.14532233097744202,2.784292943059709,0.5750099601032813,0.1451591135544943,0.039024740772119024,0.001212371906980861,0.18677718066015797,0.2673063068757553,0.28929467815446136,0.2890094820168335
random,4,16,13,0.41884706652867176,0.045951318043752035,0.502616479834406,3.1945807789307,0.43233481080951147,0.10922834715942402,3.1119852874745098,0.46114740826017514,0.11566423303626916,3.128385971535946,0.4554417524465786,0.11435679746790264,0.031118341661906468,0.008754591567744278,0.17059528393185913,0.21729860071895057,0.23178028702448894,0.2289125303843123
random,4,16,14,0.41884706652867176,0.045951318043752035,0.502616479834406,3.3346748948207328,0.38272889051358266,0.09912035090843949,3.2727545845759414,0.4048071205694407,0.10346720121593042,3.274640175224704,0.4041388808927894,0.10333205876231905,0.0301969109262975,0.001005480474213123,0.14951784092416806,0.19236584768086473,0.20346272995251427,0.2031268616785501
random,4,16,15,0.41884706652867176,0.045951318043752035,0.502616479834406,3.210198569568538,0.42685960594548045,0.10805228079698272,3.0736502836300583,0.4744632206773572,0.11877883694388264,3.0841638603932218,0.47081371149249307,0.11791638773233412,0.035028166067536906,0.006164373119010855,0.15271844330644985,0.2145466725238191,0.23847303378774826,0.23663873032812852
random,4,16,16,0.41884706652867176,0.045951318043752035,0.502616479834406,3.457296370157796,0.3378978529164597,0.09104373975138835,3.3562919485025455,0.37494651891675834,0.09764622301194875,3.356291948502545,0.3749465189167584,0.09764622301194877,0.0353815341210425,-0.0,0.13135941337503837,0.16983302937647485,0.1884542994641056,0.18845429946410563
random,4,16,17,0.41884706652867176,0.045951318043752035,0.502616479834406,2.4184016056830053,0.7058705063854825,0.18706329294622437,2.279111733806344,0.757692719868777,0.2060245644355362,2.283192114587914,0.7561552419888502,0.20544268749680417,0.04443221629657945,0.004081701428296733,0.21402868798814145,0.3547821491384009,0.3808288476566014,0.38005608593676937
random,4,16,18,0.41884706652867176,0.045951318043752035,0.502616479834406,3.602248469361697,0.28171485261789647,0.08234081454638079,3.5698145776384784,0.2947060998569216,0.08421292132321946,3.571451210003052,0.2940574234376595,0.08411744206969875,0.031472428426074846,0.0007120384118064097,0.11540193986345723,0.14159452753987564,0.14812414249581288,0.14779810703741178
random,4,16,19,0.41884706652867176,0.045951318043752035,0.502616479834406,3.324122493742883,0.386512672401529,0.09984801148174291,3.2146322043341535,0.4253033195842907,0.10772072841235432,3.2342490792813607,0.41840612692158063,0.10626592176137946,0.03176847729085918,0.010095669535371206,0.161639858180252,0.19426763881384548,0.21376445735134358,0.21029781465447256
random,4,16,20,0.41884706652867176,0.045951318043752035,0.502616479834406,3.2031976925183425,0.42931523939567573,0.10857789369434159,3.123947948914498,0.4569863184472214,0.11470912381198631,3.126243856157572,0.45618733301968833,0.114526720701904,0.033273995807929,0.0013533704333775506,0.1528127819916223,0.21578091436431984,0.2296888547104273,0.22928727146740166
random,4,16,21,0.41884706652867176,0.045951318043752035,0.502616479834406,2.713408486131789,0.5998979491060027,0.15246938733539706,2.579443470830027,0.6474734622995405,0.16730547109553862,2.594675609537674,0.6420228444936986,0.165548333212945,0.037576176508229676,0.01157513094220907,0.22943035548304952,0.30151859543953874,0.32543083240719006,0.3226912620726951
random,4,16,22,0.41884706652867176,0.045951318043752035,0.502616479834406,2.9897877884037123,0.5035393122384914,0.12588795974240322,2.898468426670617,0.5352157824431948,0.1341139834440703,2.900032246887468,0.5346725664815822,0.13396868833700049,0.033114267247929194,0.0010803756113309144,0.20928046493904978,0.25308715657554837,0.26900827252341586,0.26873524322900033
random,4,16,23,0.41884706652867176,0.045951318043752035,0.502616479834406,3.612093361737772,0.2777109070714152,0.08178083697660705,3.5433134524699437,0.30511728167039387,0.08577413889348262,3.5433134524699454,0.30511728167039326,0.08577413889348252,0.033058603678594714,-0.0,0.09831792520222016,0.13958207852385457,0.1533569740498163,0.153356974049816
random,4,16,24,0.41884706652867176,0.045951318043752035,0.502616479834406,2.868872303902068,0.5455040790754335,0.13689367507198422,2.727518356889174,0.5949301537380483,0.15098547195669443,2.7535913878738367,0.5857689098869513,0.14828130394753683,0.04010399613951161,0.01671031277617512,0.2014272640233746,0.2741793399602039,0.2990216996191598,0.2944171074838169
random,4,16,25,0.41884706652867176,0.045951318043752035,0.502616479834406,3.365224075819552,0.3717178265459806,0.09704353564301693,3.304756777901311,0.39343277117684977,0.10119733635897386,3.3047567779013116,0.3934327711768497,0.10119733635897385,0.019883065039624347,-0.0,0.12885294416321702,0.1868315054702371,0.1977457945004036,0.19774579450040358
random,4,16,26,0.41884706652867176,0.045951318043752035,0.502616479834406,2.6392382939611663,0.6261404365179852,0.16051296156073327,2.552320933465982,0.6572078850386756,0.17048055103925225,2.5538997459775388,0.6566401991657326,0.17029408779010324,0.024766095924352943,0.001296134467618801,0.20169484147164798,0.3147085020846481,0.33032351369755414,0.3300381854224438
random,4,16,27,0.41884706652867176,0.045951318043752035,0.502616479834406,2.840498921693276,0.5553831190042278,0.13961260221871605,2.7194624385994444,0.597765584840978,0.1518309236050691,2.7463659557202003,0.5883053703180986,0.14902580218627878,0.03699089494459055,0.01740147534605553,0.2032972918022936,0.27914470823335796,0.30044683401892736,0.29569197429695937
random,4,16,28,0.41884706652867176,0.045951318043752035,0.502616479834406,2.8834051030453787,0.5404502449983505,0.13552161682969427,2.783255619799337,0.5753730026934494,0.14526352305711904,2.7832556197993368,0.5753730026934495,0.14526352305711906,0.032681464877796204,-0.0,0.17566015675794383,0.27163919966671324,0.28919195320553376,0.2891919532055338
random,4,16,29,0.41884706652867176,0.045951318043752035,0.502616479834406,3.366447371778634,0.37127501915493044,0.09696128496212349,3.3007054421402118,0.3948767669419874,0.10148191526763917,3.3007054421402118,0.39487676694198753,0.10148191526763918,0.02494380852187157,-0.0,0.15550372407455848,0.1866089431781028,0.19847157056877288,0.19847157056877293
random,5,2,0,0.12460860378500038,0.01036196642914425,0.14953032454200046,3.6756795364052235,0.6132187819733651,0.0782546593206122,3.583789546549646,0.645917105349847,0.08340111337294068,3.594899419634169,0.6419428421268906,0.08276132656974375,0.031524641245544834,0.008506386654990608,0.04681270224622276,0.09169480348372751,0.09658419439019213,0.09598992152064811
random,5,2,1,0.12460860378500038,0.01036196642914425,0.14953032454200046,4.162893865409225,0.4434137809122995,0.055826972637867595,4.0963813663982345,0.4665705760947348,0.058461012809671586,4.0963813663982345,0.4665705760947348,0.058461012809671586,0.02369466131798689,-0.0,0.03471221060054611,0.06630380656621164,0.06976644966519381,0.06976644966519381
random,5,2,2,0.12460860378500038,0.01036196642914425,0.14953032454200046,3.1519600190327837,0.8062424397275455,0.1125033589522281,3.0818110604013698,0.8335890929942352,0.11810884699486897,3.0850351714089785,0.8323229854384125,0.11784519401113898,0.0323972943279847,0.003822791187836001,0.052978925228768126,0.12055769367199412,0.1246468476100998,0.12445752613637255
random,5,2,3,0.12460860378500038,0.01036196642914425,0.14953032454200046,3.9267291260637998,0.5254042720114956,0.06575620613099122,3.863711479082111,0.5472997335178411,0.0686921247885875,3.8647823395562715,0.5469270958462723,0.06864115602135469,0.025889031816805137,0.0007802746359875033,0.0484476441516425,0.07856387130963244,0.08183790677467315,0.0817821861427069
random,5,2,4,0.12460860378500038,0.01036196642914425,0.14953032454200046,3.685198893527192,0.6098525078158964,0.07774001016116724,3.619557094326932,0.6331435173738101,0.08135883919906003,3.628496158413967,0.6299605782632727,0.08085629127072462,0.027284396155937543,0.006798250096626484,0.05107093210977827,0.09119144341646386,0.09467415563456955,0.09419820971637345
random,5,2,5,0.12460860378500038,0.01036196642914425,0.14953032454200046,4.138602019223202,0.45188437316609137,0.05677493583896392,4.065125050561319,0.4774214392609723,0.059741403833252285,4.067611235365496,0.47655883672725946,0.05963854060785484,0.029150133893382713,0.001522972951224741,0.04096291142321756,0.06757041697498409,0.07138898275600215,0.07125999751918531
random,5,2,6,0.12460860378500038,0.01036196642914425,0.14953032454200046,3.7264853451244737,0.5952936105029556,0.07554681033820558,3.629459086679859,0.6296179264513038,0.08080234166360492,3.6370545924805557,0.626916588399172,0.08037805110125709,0.03516592533134648,0.005893099321907779,0.04359217039465658,0.08901444677628617,0.09414697287972483,0.09374304092409191
random,5,2,7,0.12460860378500038,0.01036196642914425,0.14953032454200046,4.251296586771214,0.4123960594680152,0.052508813733093344,4.199298431917354,0.4306820208841128,0.05443587538910292,4.199298431917354,0.4306820208841128,0.05443587538910292,0.016855576088086598,-0.0,0.03837592613649163,0.06166571661209444,0.064400022357206,0.064400022357206
random,5,2,8,0.12460860378500038,0.01036196642914425,0.14953032454200046,4.277190950040016,0.40323453548831373,0.05157476132630952,4.247801536458144,0.413629544096407,0.05263617496867519,4.247801536458144,0.413629544096407,0.05263617496867519,0.017544219089912064,-0.0,0.040572608244260906,0.06029579095811036,0.06185015996889543,0.06185015996889543
random,5,2,9,0.12460860378500038,0.01036196642914425,0.14953032454200046,4.025511227510867,0.49115801528532593,0.06140452449737756,3.9645518832649285,0.5122865950467903,0.06405469443307926,3.9681642829066157,0.511034299738343,0.06389450693863233,0.020786654621705737,0.0023914050724025385,0.043899721215492904,0.07344301742701961,0.07660238081586292,0.07641512469196837
random,5,2,10,0.12460860378500038,0.01036196642914425,0.14953032454200046,4.269509957650267,0.40595645693455457,0.05185008061585711,4.239849149115223,0.4164335806950111,0.05292711589130854,4.242718120844259,0.4154223737017162,0.05282196857149604,0.01685669919529142,0.0015538999638371488,0.04632827711128602,0.06070280075534458,0.06226944847151235,0.062118242361625824
random,5,2,11,0.12460860378500038,0.01036196642914425,0.14953032454200046,3.2775473438407756,0.75828250369772,0.10312404442676035,3.2177511335841444,0.7809640247386184,0.10748810099199266,3.222029776846782,0.7793319836889462,0.1071697926000685,0.03418901861438088,0.0046024001728928446,0.05793162998553181,0.11338622887244074,0.11677780407479249,0.11653376444696914
random,5,2,12,0.12460860378500038,0.01036196642914425,0.14953032454200046,3.9000856681537304,0.5346540104743058,0.06698186386453239,3.828149895926765,0.5596883860278743,0.07040638618181086,3.832094512317012,0.5583127725123679,0.07021414399380588,0.022244564351934334,0.0027469704771157987,0.04591784373517986,0.07994698770390507,0.08369038600513648,0.08348469006971844
random,5,2,13,0.12460860378500038,0.01036196642914425,0.14953032454200046,3.206148115423311,0.785397073622791,0.10835607040690547,3.122221682184298,0.8177846266962308,0.11484646195758669,3.1293180319885185,0.8150236342043096,0.11428294053895002,0.035205620756289704,0.007394791319691594,0.0570373469524289,0.11744067931315337,0.12228360063534609,0.12187074853197108
random,5,2,14,0.12460860378500038,0.01036196642914425,0.14953032454200046,3.9572662491894004,0.5148125085529736,0.06437898987032568,3.8901348246345386,0.5381112263093686,0.06744546148502156,3.8933527511907657,0.5369930521281217,0.06729519225423444,0.031471070185122955,0.0022039420458946067,0.04695141667204569,0.07698008148220753,0.08046394630973375,0.0802967453615174
random,5,2,15,0.12460860378500038,0.01036196642914425,0.14953032454200046,4.1080874866733295,0.4625025464097629,0.05798857567943936,4.043678951662599,0.48485966197527247,0.060636111476346934,4.043678951662598,0.4848596619752726,0.06063611147634695,0.024741011163408093,-0.0,0.040939002027367125,0.06915815586615348,0.07250122261248713,0.07250122261248715
random,5,2,16,0.12460860378500038,0.01036196642914425,0.14953032454200046,3.6500875694590755,0.622287419814493,0.07965520410742238,3.5464403622202356,0.6593234872441239,0.08558843260396906,3.5633706185780385,0.6532375315304144,0.08458990907499365,0.0346384840726703,0.012760070618016945,0.041844839885153924,0.09305083984326523,0.09858885502577736,0.09767882009275813
random,5,2,17,0.12460860378500038,0.01036196642914425,0.14953032454200046,3.680123363400312,0.6116468793253752,0.07801398812355877,3.5400028278833555,0.6616415653088562,0.08597119511804419,3.551988601817599,0.6573273965585419,0.08525991328330382,0.043589831785072156,0.009113339123035668,0.039587923734815775,0.09145975637062514,0.09893547799111047,0.098290378937747
random,5,2,18,0.12460860378500038,0.01036196642914425,0.14953032454200046,3.604184975354905,0.6386257994180213,0.08223036396028835,3.5346943246425493,0.6635547615979568,0.08628811520491517,3.543739534499551,0.6602957537905544,0.08574881030922955,0.024045411021827192,0.007199284035727603,0.05222370395992361,0.09549392304787122,0.09922155885313222,0.09873423835800643
random,5,2,19,0.12460860378500038,0.01036196642914425,0.14953032454200046,4.014734911462927,0.4948931793596264,0.061864907372084915,3.966004135269646,0.5117831404650691,0.06399024785803609,3.966733341377399,0.5115303497684228,0.06395791234177563,0.02543188990750167,0.0004819731206361006,0.04428277378346453,0.07400153772326738,0.076527099088866,0.07648929921395528
random,5,2,20,0.12460860378500038,0.01036196642914425,0.14953032454200046,4.104160601636606,0.46386748392199584,0.05814663033001538,4.038851295468206,0.48653350573436965,0.06083935652527199,4.038851295468206,0.48653350573436965,0.06083935652527199,0.02429644094856167,-0.0,0.03959473510539287,0.06936225541533722,0.07275151301301754,0.07275151301301754
random,5,2,21,0.12460860378500038,0.01036196642914425,0.14953032454200046,3.073084426887625,0.8370205911688616,0.11882543375508382,2.9642828597274957,0.8803784641786953,0.12813328002370478,2.9688256670874416,0.8785462726346722,0.12773044414503448,0.04192482155500396,0.005456541914477572,0.05909568651763991,0.12515996064581697,0.13164327746842824,0.13136930927222737
random,5,2,22,0.12460860378500038,0.01036196642914425,0.14953032454200046,3.836058606855821,0.5569307413626063,0.07002148133433779,3.7527139026687117,0.5860768549728765,0.07418575999186228,3.762054746088403,0.5828000686133863,0.07370698999697098,0.030987999098827438,0.006697729559520506,0.042683970475718355,0.08327803450336745,0.08763626233064917,0.08714628340285979
random,5,2,23,0.12460860378500038,0.01036196642914425,0.14953032454200046,4.1138782368412805,0.46048917633815895,0.057756285190574505,4.046853951143525,0.483758731382134,0.06050281377355646,4.046853951143525,0.4837587313821341,0.06050281377355647,0.024633297514584,-0.0,0.03522077061060622,0.06885709598592339,0.07233660010359692,0.07233660010359694
random,5,2,24,0.12460860378500038,0.01036196642914425,0.14953032454200046,3.588714351151794,0.6441546367359893,0.08311689950355929,3.490628293410937,0.6794961946309138,0.08896438481473659,3.512044077477791,0.6717352163941429,0.08765352511801075,0.029989386934067074,0.015494508419145962,0.05109528560994039,0.09632065188636689,0.10160528650821486,0.1004447849137071
random,5,2,25,0.12460860378500038,0.01036196642914425,0.14953032454200046,3.966313384476019,0.5116759340416889,0.06397653268467934,3.901935102159548,0.5340116314811213,0.06689605281964112,3.9054773104926013,0.5327814283913032,0.06673200630483467,0.02249266745690305,0.0024469221327228317,0.044974219728684824,0.07651106847758496,0.07985093256457522,0.07966697989730215
random,5,2,26,0.12460860378500038,0.01036196642914425,0.14953032454200046,4.072645564396987,0.47481190174839233,0.05943079275524062,4.015462401622837,0.4946410365260444,0.06183371937694495,4.015489655544926,0.49463159048704586,0.06183255128846808,0.025854689935556244,1.810012955622959e-05,0.039090656994017,0.07099877776484154,0.07396383472353092,0.07396242225425384
random,5,2,27,0.12460860378500038,0.01036196642914425,0.14953032454200046,3.52119882398279,0.6684254519061054,0.08709907309448514,3.424406939556123,0.7036653902598052,0.09314312268118549,3.428909272897504,0.7020136558196326,0.0928528966196557,0.03649982007145519,0.004083585510816457,0.048513042345456024,0.09994987475565326,0.10521931417452209,0.10497232978762587
random,5,2,28,0.12460860378500038,0.01036196642914425,0.14953032454200046,3.9795337367227424,0.5070933017590405,0.06339295208611068,3.963213660914812,0.512750529401979,0.06411413817525122,3.963213660914812,0.512750529401979,0.06411413817525122,0.016311474049489252,-0.0,0.05055489049612371,0.07582582598510391,0.07667175307056047,0.07667175307056047
random,5,2,29,0.12460860378500038,0.01036196642914425,0.14953032454200046,3.5403894975324555,0.6615022678348372,0.0859481562938291,3.4758552480689175,0.6848652475392926,0.08988005091088205,3.475855248068917,0.6848652475392927,0.08988005091088208,0.03188167567934069,-0.0,0.047174769822654006,0.09891464879461252,0.10240812273208791,0.10240812273208792
random,5,4,0,0.1948409807541409,0.018110477135203785,0.23380917690496908,3.940788322668507,0.5205267949449913,0.06511851803196313,3.8144348536757837,0.5644742621713262,0.0710788990817329,3.81782555411499,0.5632906300538574,0.07091204173830895,0.03280293838881469,0.002441421129261462,0.06278887541555242,0.12170394148307004,0.13197926262231752,0.13170251857117382
random,5,4,1,0.1948409807541409,0.018110477135203785,0.23380917690496908,4.401040651377085,0.3586863661817535,0.04733198866058387,4.362250064266342,0.3727937242603766,0.048621895105990215,4.3641164169543725,0.3721186446714,0.048559035714009956,0.01819582849911988,0.0009595876406527407,0.06557074456844676,0.08386416404399012,0.08716259382465666,0.08700475402161269
random,5,4,2,0.1948409807541409,0.018110477135203785,0.23380917690496908,4.122913401394512,0.4573463042453731,0.05739570525086267,4.008392917115563,0.49709122010312323,0.06213746013795146,4.021255601207641,0.4926331004728263,0.061585921460183726,0.0369685969750634,0.007488593559981263,0.06375603001008795,0.10693176295614025,0.11622448901899807,0.11518213973769445
random,5,4,3,0.1948409807541409,0.018110477135203785,0.23380917690496908,3.753497924806609,0.5858017086506767,0.07414545523225655,3.651436743238329,0.6218086348240071,0.07958074729271192,3.651493996487634,0.6217883189583004,0.07957758919912364,0.03657517208930179,4.891217220857431e-05,0.07110635525764486,0.13696581532913923,0.14538456510060357,0.1453798150647646
random,5,4,4,0.1948409807541409,0.018110477135203785,0.23380917690496908,4.2106657491124935,0.42669565978593726,0.05400864826001954,4.152564123359921,0.44701794112149357,0.05622812996056239,4.152564123359921,0.4470179411214935,0.05622812996056238,0.02193284601689359,-0.0,0.07388611040978577,0.0997653610034727,0.10451689687537034,0.10451689687537033
random,5,4,5,0.1948409807541409,0.018110477135203785,0.23380917690496908,4.212647969257881,0.42599993367481087,0.05393449293636791,4.135721191179859,0.4528877957768386,0.05688841944545043,4.136834986449251,0.45249987550425186,0.05684451716642043,0.026454757670508963,0.0006732334328826046,0.06480681698667637,0.09960269385407895,0.10588932276088836,0.1057986234412501
random,5,4,6,0.1948409807541409,0.018110477135203785,0.23380917690496908,4.1642502363841505,0.44294027365507244,0.055774510753203804,4.075223713756582,0.4739171452622772,0.059324682571693294,4.079702506408693,0.4723625463573405,0.05914079690014883,0.03135887283437007,0.0026942603335993647,0.06749264606233968,0.10356350080135425,0.11080617765492569,0.11044269816454508
random,5,4,7,0.1948409807541409,0.018110477135203785,0.23380917690496908,4.26632429596973,0.40708425623304695,0.05196469895910163,4.202191480347904,0.4296680025347023,0.05432682405027012,4.205365162560374,0.4285552070669444,0.05420744568802395,0.025544074768747465,0.0017986049391797525,0.05061341337369698,0.09518003488082023,0.1004603220150409,0.10020014022266086
random,5,4,8,0.1948409807541409,0.018110477135203785,0.23380917690496908,3.7899147723684457,0.5730429816412119,0.07229728235103129,3.6940222470265613,0.606735608453183,0.07726601232063177,3.7021379888329253,0.6038713775576457,0.0768325800791711,0.0375895631114508,0.005854994328757022,0.08152083978473626,0.13398270786870106,0.1418603532113743,0.14119066974322297
random,5,4,9,0.1948409807541409,0.018110477135203785,0.23380917690496908,3.821840818597512,0.5618893550352388,0.07071495591273959,3.7215320101976577,0.5970369355484081,0.07580663780112926,3.724797451423002,0.5958875646650774,0.0756352487153096,0.03735411657762947,0.002552302834093236,0.07371195309385437,0.13137488761245314,0.13959271448243837,0.1393239810222483
random,5,4,10,0.1948409807541409,0.018110477135203785,0.23380917690496908,3.738103629634265,0.5912079929933808,0.07494086137240767,3.6341736194380427,0.6279408983932327,0.08053872148436253,3.6361215942109504,0.6272482686160146,0.0804300488102235,0.03932631211512355,0.0016413233706428247,0.07554507122054199,0.1382298542214211,0.14681834459828857,0.14665640140017733
random,5,4,11,0.1948409807541409,0.018110477135203785,0.23380917690496908,4.340477401428405,0.3806441402245468,0.049361245185910556,4.229410196229115,0.4201092345607047,0.05331147112039765,4.240774268642207,0.4161075589370258,0.0528931875755663,0.03454448675917286,0.0057231033315597885,0.05097616362261548,0.08899809311960091,0.09822539434281495,0.09728976585900191
random,5,4,12,0.1948409807541409,0.018110477135203785,0.23380917690496908,4.074678426268994,0.4741063967742097,0.059347109432778045,3.9450188914201707,0.5190594859985833,0.06492784375063919,3.951472958935331,0.5168212849787311,0.06463803007588335,0.038880742720149825,0.004164242172616225,0.06300000554619621,0.11085042639515866,0.12136087118604509,0.12083755924784559
random,5,4,13,0.1948409807541409,0.018110477135203785,0.23380917690496908,3.7037877876942,0.6032894372497611,0.07674476813714168,3.5874718549338103,0.6445991829543732,0.0831885133331807,3.5905571160791494,0.6434954635691079,0.08301080145425263,0.041347641600486755,0.002642785112934269,0.08085916517714407,0.14105460675882864,0.15071320440017758,0.15045514467917465
random,5,4,14,0.1948409807541409,0.018110477135203785,0.23380917690496908,4.317351337358125,0.3889356778993873,0.050158870192881996,4.211921311335231,0.4262549992891872,0.05396166555237812,4.212548274894228,0.4260349290210053,0.05393822009324163,0.03808198387552338,0.0003613158305451936,0.051683559866507925,0.09093673071863193,0.09966233053543304,0.09961087608716818
random,5,4,15,0.1948409807541409,0.018110477135203785,0.23380917690496908,3.7571934179854316,0.5845050771825172,0.07395577315651755,3.634973727148091,0.6276563881916196,0.08049406770471863,3.6363493696392886,0.6271672910093482,0.08041735136400055,0.04380665885461643,0.001135251291380514,0.08634517101569386,0.13666265099281977,0.14675182350222835,0.1466374680926149
random,5,4,16,0.1948409807541409,0.018110477135203785,0.23380917690496908,4.012798334086366,0.49556437683775645,0.061948006448824235,3.8819564742881165,0.5409538397344302,0.06782888209042795,3.898874597281122,0.5350746895244624,0.06703811542121248,0.04315227743835029,0.009529967477326384,0.07353603762111305,0.11586749905185977,0.12647997201188968,0.12510537274039643
random,5,4,17,0.1948409807541409,0.018110477135203785,0.23380917690496908,3.886645138043664,0.5393240251655607,0.0676088005150978,3.7928201222899536,0.5720268109053808,0.07215183404932253,3.7948078502803115,0.5713317254687814,0.07205249256589188,0.03102090085188368,0.0015036190683321868,0.07921149660120572,0.12609890640903457,0.13374511782536147,0.13358260047155154
random,5,4,18,0.1948409807541409,0.018110477135203785,0.23380917690496908,3.796767554053215,0.5706465495155216,0.07195468555924633,3.720375203697033,0.5974442016242569,0.07586744675680572,3.72371156335581,0.5962697329463506,0.07569219930348903,0.02707218613829806,0.002536792850167229,0.08291195021948461,0.1334224000458848,0.1396879370284139,0.13941333547353194
random,5,4,19,0.1948409807541409,0.018110477135203785,0.23380917690496908,3.4125892548274988,0.7080069391154414,0.09390922822945205,3.222640012773988,0.7790993320597166,0.10712447115198707,3.2410386306158068,0.7720984001839932,0.10576699244583522,0.06309192989182597,0.016751527481970868,0.07857615533911479,0.16553851967758793,0.18216057355609352,0.1805236914366629
random,5,4,20,0.1948409807541409,0.018110477135203785,0.23380917690496908,3.5952461863535334,0.6418188929400446,0.08274143641684804,3.432056885711896,0.7008596710568458,0.09265053481423877,3.4504964177771806,0.6941116641103913,0.09147387528176208,0.06427502302719618,0.014921364461564795,0.07026636067158018,0.1500631470803703,0.1638674228156885,0.16228967686578896
random,5,4,21,0.1948409807541409,0.018110477135203785,0.23380917690496908,4.234688859760706,0.41825128036144626,0.05311676669049864,4.130592976975226,0.4546734675101333,0.057090995257211036,4.1331657323418565,0.4537777052019689,0.056989275717295625,0.03578689303258187,0.0015387679593643418,0.06093443079507054,0.09779098760075922,0.10630682919907247,0.10609739175109806
random,5,4,22,0.1948409807541409,0.018110477135203785,0.23380917690496908,3.736773478538402,0.591675505630845,0.07500998799543951,3.6359177357643118,0.6273207453506089,0.08044141469340543,3.6359177357643118,0.627320745350609,0.08044141469340545,0.030035975734154712,-0.0,0.06803635534203903,0.13833916296637927,0.14667334712583757,0.1466733471258376
random,5,4,23,0.1948409807541409,0.018110477135203785,0.23380917690496908,4.081410695433065,0.47176955454012787,0.05907081407387384,3.950472821665789,0.5171680997895185,0.06468285542998767,3.966877633620043,0.5114803289462455,0.06395151586236994,0.03833091762581502,0.009938383021985912,0.06246705976602304,0.11030405123585121,0.12091864773329423,0.11958879471400449
random,5,4,24,0.1948409807541409,0.018110477135203785,0.23380917690496908,4.505183104485564,0.3198210037725706,0.04403568430676183,4.453820392091157,0.33919529339284205,0.045631680882482026,4.453820392091157,0.33919529339284216,0.04563168088248203,0.020944035716943747,-0.0,0.045188832529456276,0.07477708564898575,0.0793069723582199,0.07930697235821992
random,5,4,25,0.1948409807541409,0.018110477135203785,0.23380917690496908,3.9056245727277976,0.5327302884030992,0.06672519502275616,3.817489241500531,0.563408017442974,0.07092857426487781,3.8179681975488586,0.5632408423125816,0.07090503080612331,0.03452979431682565,0.0003521589993875937,0.08320096597052248,0.12455723024387542,0.1317299648200022,0.1316908777403662
random,5,4,26,0.1948409807541409,0.018110477135203785,0.23380917690496908,3.854252730921415,0.5505921967148771,0.06914397088541424,3.7796475977609996,0.5766359886242686,0.07281363292208595,3.7796475977609987,0.5766359886242688,0.07281363292208598,0.034375380185109224,-0.0,0.07816429620362403,0.12873350832420424,0.13482278587402335,0.1348227858740234
random,5,4,27,0.1948409807541409,0.018110477135203785,0.23380917690496908,4.009622903086472,0.4966649310744142,0.06208450671989407,3.8817525123735384,0.5410247470789386,0.06783847211897867,3.8949269846290804,0.536446093766405,0.06722180143965431,0.0390048394847483,0.008648411228992032,0.06926883730866742,0.11612481873207198,0.1264965507997457,0.12542601963740901
random,5,4,28,0.1948409807541409,0.018110477135203785,0.23380917690496908,3.2007519347480438,0.7874623478631488,0.10876211866276786,3.0475430045379475,0.8471025779362142,0.12094784719327249,3.066983286907117,0.8394236553362535,0.11932900914225968,0.05032629161771799,0.018524052983931807,0.09788603855132547,0.18411592339753727,0.19806035650134368,0.1962649539287299
random,5,4,29,0.1948409807541409,0.018110477135203785,0.23380917690496908,4.063527833128703,0.4779755690065755,0.059807580570894955,3.944993084224038,0.5190684363536151,0.06492900520232338,3.9520445277955147,0.5166230871060289,0.06461242676637044,0.047427379571106196,0.004297444309743413,0.06946420874064449,0.11175507437011167,0.12136296386118808,0.12079121876636476
random,5,8,0,0.31885364195119137,0.03022656575829094,0.38262437034142965,4.066014330542231,0.47711290458183875,0.05970459046481485,4.0305275502171165,0.48941915496502697,0.061191388655835136,4.043765675936016,0.4848295913938802,0.0606324665863946,0.03114102543780259,0.007877242736114395,0.1354073091735988,0.18255502469739665,0.18726369600152803,0.18550761712997604
random,5,8,1,0.31885364195119137,0.03022656575829094,0.38262437034142965,3.845883679840354,0.5535069258068799,0.06954623961452286,3.7925106522064604,0.5721350391495956,0.07216731287783866,3.7939965532955746,0.5716154130292297,0.07209302255157211,0.02880183497152289,0.0011310323116895755,0.14454730642142433,0.21178523896647783,0.21891280910488323,0.21871398748776524
random,5,8,2,0.31885364195119137,0.03022656575829094,0.38262437034142965,3.948090725331537,0.5179941645791433,0.06478974431725557,3.882847674213049,0.5406440226973205,0.06778699490979259,3.8956762162857403,0.5361857913226616,0.06718690035203861,0.02826365747706821,0.008212210438400973,0.1354295252602442,0.19819719106262956,0.20686357876341985,0.2051577507908546
random,5,8,3,0.31885364195119137,0.03022656575829094,0.38262437034142965,4.108225585409033,0.46245453933730185,0.05798302511920951,4.052945446324916,0.4816462696873645,0.06024789113796918,4.054573430985348,0.48108164608535686,0.06017994377502457,0.036391155516703015,0.0010360110241661561,0.12894708597500254,0.17694637692547102,0.18428960066642627,0.18407356191622817
random,5,8,4,0.31885364195119137,0.03022656575829094,0.38262437034142965,4.439597813464798,0.3444852185480027,0.046083758224758145,4.386386878084439,0.36403516366854083,0.04781520004839766,4.387845898499059,0.36350370804657833,0.04776686822045151,0.03443532550584559,0.0007197636235952712,0.09826126047706082,0.13180843983885931,0.13928872528081473,0.1390853774080969
random,5,8,5,0.31885364195119137,0.03022656575829094,0.38262437034142965,4.009902117885648,0.49656816036819057,0.06207249223643113,4.005544436768968,0.49807843989913997,0.06226026653654515,4.005544436768969,0.4980784398991398,0.06226026653654513,0.029269999454445545,-0.0,0.13285809744946847,0.18999907969248098,0.19057694944705003,0.19057694944704998
random,5,8,6,0.31885364195119137,0.03022656575829094,0.38262437034142965,4.301138970894829,0.3947223054821193,0.050725712305639936,4.259967969703645,0.40933266423147313,0.05219415375085449,4.263571997222224,0.4080581246703382,0.052063929138684156,0.02641132310456412,0.0019511901641944718,0.114851695380552,0.15103037359481333,0.15662065291174726,0.15613298301469275
random,5,8,7,0.31885364195119137,0.03022656575829094,0.38262437034142965,4.141620007318344,0.45083293513980877,0.056656291925846876,4.05503294023406,0.48092227281654715,0.06016077906137918,4.071968166422924,0.4750469806967051,0.05945870423363196,0.03567704975105584,0.009364821838699806,0.12769212721713014,0.17249966793704793,0.1840125818196006,0.18176455187167406
random,5,8,8,0.31885364195119137,0.03022656575829094,0.38262437034142965,4.203168368484372,0.4293255205882006,0.05429005032854119,4.160588598174459,0.44421840824971076,0.05591624927848834,4.16058859817446,0.4442184082497107,0.05591624927848833,0.03340034189754459,-0.0,0.12586643821122737,0.16427040698656675,0.16996878875061772,0.1699687887506177
random,5,8,9,0.31885364195119137,0.03022656575829094,0.38262437034142965,4.105641534200121,0.4633527657614989,0.058086973192353814,4.031342504423986,0.48913664699161064,0.06115683242877444,4.033359999999091,0.48843725638529994,0.061071369178149905,0.03511758317437035,0.0012977345454719853,0.1165998659762752,0.17729006024545346,0.18715560156608316,0.18688799767572084
random,5,8,10,0.31885364195119137,0.03022656575829094,0.38262437034142965,3.9890952313914805,0.5037793405923553,0.06297420300095855,3.929211899417982,0.5245427859998492,0.06564314179306044,3.9320392595330285,0.5235618157970066,0.06551462187008233,0.030667921323912984,0.001879698105628582,0.14081014461183136,0.19275825298517058,0.20070285321033157,0.2003275101041452
random,5,8,11,0.31885364195119137,0.03022656575829094,0.38262437034142965,4.145302952127732,0.4495494892112933,0.05651184290626684,4.043583995134711,0.48489258692450027,0.06064010260679176,4.046747518607436,0.4837956381550435,0.06050727743723072,0.04081270084310765,0.001945101748028361,0.12540437541243896,0.17200859024678242,0.18553172075521385,0.18511200142300366
random,5,8,12,0.31885364195119137,0.03022656575829094,0.38262437034142965,4.0966121594039455,0.46649039727405184,0.05845166134361284,3.978476609007669,0.5074597125550321,0.06343941998330448,3.989982392368834,0.5034718659974337,0.06293548998136722,0.047498155404796634,0.007142556314123598,0.12147195849029309,0.17849059452730745,0.19416645299001203,0.1926406057118927
random,5,8,13,0.31885364195119137,0.03022656575829094,0.38262437034142965,3.695346537158117,0.6062680610331717,0.0771951202286152,3.665501448514308,0.6168221212203183,0.07880869115334163,3.665501448514308,0.6168221212203183,0.07880869115334163,0.026860611791720373,-0.0,0.16369520778629015,0.23197293511093675,0.2360111757445893,0.2360111757445893
random,5,8,14,0.31885364195119137,0.03022656575829094,0.38262437034142965,4.216436098628248,0.4246698597075098,0.05379306121799951,4.171171770433818,0.4405230118328661,0.05550756549428743,4.174683472903586,0.4392959581514099,0.05537261735602066,0.030231478855419915,0.0019704671503960602,0.11657565678979537,0.1624890376735692,0.16855484002346055,0.16808533938121825
random,5,8,15,0.31885364195119137,0.03022656575829094,0.38262437034142965,4.083225814168247,0.4711393950054176,0.05899654119075887,4.043966933661354,0.4847598075169392,0.06062400887298249,4.044535842208612,0.4845625431219235,0.06060010727459825,0.0254282890396278,0.00036830440480263837,0.12813707224038853,0.18026941435699004,0.1854809161180015,0.18540543795306783
random,5,8,16,0.31885364195119137,0.03022656575829094,0.38262437034142965,4.3365426500989654,0.38205816220918853,0.049496054913832827,4.277599580961716,0.4030896206930008,0.05156015528880341,4.2775995809617156,0.40308962069300097,0.05156015528880342,0.03125792912186358,-0.0,0.10875372227631361,0.14618476374909456,0.15423191230882516,0.15423191230882521
random,5,8,17,0.31885364195119137,0.03022656575829094,0.38262437034142965,4.226083236472198,0.42127950926705166,0.05343455311603598,4.175800313628898,0.4389056214048662,0.05532976806259897,4.17635134169186,0.4387130200933169,0.055308639249924886,0.02819563889796968,0.0003155157282875454,0.10799199470091764,0.16119180697105212,0.16793598702935084,0.16786229307379236
random,5,8,18,0.31885364195119137,0.03022656575829094,0.38262437034142965,4.127322340186748,0.455811971999482,0.057220569227257066,4.08080931978684,0.47197832486695507,0.05909544239302712,4.082477082484511,0.4713993401460395,0.05902716723626518,0.029865562401816568,0.001040928418258448,0.13796559750034224,0.17440476878038716,0.18059040936702142,0.1803688757027438
random,5,8,19,0.31885364195119137,0.03022656575829094,0.38262437034142965,4.332026356304751,0.3836794800786423,0.04965124292917716,4.295374439296204,0.3967750084886026,0.050928800920141334,4.301384371143542,0.3946348658934382,0.0507170846723415,0.02532030606014612,0.003076251412353611,0.11221331861791486,0.1468051194780176,0.15181578779016697,0.15099691707725132
random,5,8,20,0.31885364195119137,0.03022656575829094,0.38262437034142965,3.9970721959764166,0.5010147002475317,0.0626269662330155,3.949354451924227,0.5175559230473459,0.06473301668517378,3.950801402204628,0.5170541579743756,0.06466812528482382,0.0333798277451214,0.0009901309564492313,0.13842068503834398,0.19170043421401192,0.19802950917246814,0.19783752162736357
random,5,8,21,0.31885364195119137,0.03022656575829094,0.38262437034142965,4.024691014358338,0.49144232329863896,0.0614394446411455,3.9446633170269267,0.519182805486009,0.06494384818904039,3.9565425806389705,0.515063421646453,0.06441129103976898,0.04150698248569949,0.007332188133103183,0.1420829061088261,0.18803780951127103,0.19865199404118117,0.19707581739337637
random,5,8,22,0.31885364195119137,0.03022656575829094,0.38262437034142965,4.067056898382306,0.47675117494798025,0.05966146035178496,4.073542971314078,0.4745004633335745,0.05939383621297211,4.075153205818708,0.4739416164961675,0.05932758198087504,0.029359542918793755,0.0010105996122830067,0.14916870041036204,0.18241661812400772,0.18155544100972557,0.18134161259044543
random,5,8,23,0.31885364195119137,0.03022656575829094,0.38262437034142965,3.859913296511236,0.5486216093389994,0.06887320877921421,3.8211811246685485,0.5621195515560373,0.07074729878019506,3.824482932801514,0.5609675134583149,0.07058556889445058,0.029016941618457318,0.0023798853648836294,0.1463265928222324,0.20991599782903644,0.21508063947073558,0.2146398416189852
random,5,8,24,0.31885364195119137,0.03022656575829094,0.38262437034142965,4.383771501773738,0.36498723273139155,0.04790196000711487,4.369937913020897,0.3700106738583623,0.04836348734613992,4.372282480363675,0.3691607152529002,0.04828495421075411,0.02185439306019656,0.0011944367327441096,0.10852555715864126,0.13965301010650955,0.14157510110466395,0.14124988622843274
random,5,8,25,0.31885364195119137,0.03022656575829094,0.38262437034142965,4.1195876726014085,0.458503370287357,0.05752816757060815,4.133793689906733,0.45355904191687096,0.05696447556306874,4.135374776515817,0.45300844076074276,0.056902080925059925,0.024357026402635734,0.0009525978078017138,0.1422348529302478,0.17543456335562332,0.17354274282610485,0.17333206940543203
random,5,8,26,0.31885364195119137,0.03022656575829094,0.38262437034142965,3.896444051960893,0.5359190345076694,0.06715115144345407,3.853563816520884,0.5508320712152013,0.06917699633490357,3.855122120415496,0.550289496552793,0.0691023162520408,0.022932922806957252,0.001136862001023555,0.13725995800182292,0.20505568313248393,0.21076177441258193,0.21055417212401475
random,5,8,27,0.31885364195119137,0.03022656575829094,0.38262437034142965,4.331186281066048,0.383980864708449,0.04968016305778103,4.2934768870358635,0.3974501808087678,0.05099583077811528,4.2988039348006755,0.39555408782447393,0.050807879549331456,0.025566990056998518,0.0027295431812745736,0.10163667565534948,0.14692043658222798,0.15207412517404215,0.15134863378981792
random,5,8,28,0.31885364195119137,0.03022656575829094,0.38262437034142965,4.3546499048849565,0.37553921263820006,0.04887871252861491,4.373614483343886,0.36867757768738757,0.04824039453617996,4.373614483343886,0.3686775776873874,0.04824039453617995,0.030674196161890772,-0.0,0.12300469785136818,0.14369045477420755,0.14106502602164017,0.14106502602164012
random,5,8,29,0.31885364195119137,0.03022656575829094,0.38262437034142965,3.9614574632649058,0.5133593833497136,0.06419223205914978,3.8650346253854684,0.5468393088191296,0.06862915370872293,3.8727327323840384,0.5441612204206996,0.06826392922621816,0.049302633815549196,0.004976220294176462,0.13374714011675343,0.1964238108130488,0.20923404621486205,0.20820934432769408
random,5,16,0,0.5125186644779032,0.04311498501351683,0.6150223973734837,4.087061564450092,0.46980756138873403,0.05883989309225364,3.856734216974754,0.5497282459871673,0.06902514305451594,3.896699105370011,0.535830427436445,0.06713928087084042,0.06337589902634069,0.02166702971161458,0.21070160801086732,0.28894217270948935,0.3380951837509478,0.32954771406762096
random,5,16,1,0.5125186644779032,0.04311498501351683,0.6150223973734837,4.209970429795512,0.42693966287999763,0.05403468446751075,3.9348037960073974,0.5226027244389845,0.06538920094888115,3.9691604447160023,0.5106889766287965,0.06385040385627093,0.07958900589495198,0.02004144631425933,0.17268076103424349,0.2625774549982831,0.32141238045837833,0.31408515871845344
random,5,16,2,0.5125186644779032,0.04311498501351683,0.6150223973734837,4.147000581880506,0.44895776298831,0.056445384118433445,3.9039593834810136,0.533308579516023,0.06680225512317477,3.9127312195215787,0.530262713139726,0.06639731811828792,0.07079723663707746,0.005747908366340544,0.19471268561575694,0.27611907971250677,0.32799672111379163,0.32612344507296215
random,5,16,3,0.5125186644779032,0.04311498501351683,0.6150223973734837,3.8263828178597703,0.5603047452204807,0.07049267593957347,3.4939852796397406,0.6782779107810415,0.08875761553168682,3.5045284502546576,0.6744558813142095,0.08811134197991588,0.0879715494288482,0.008924053762537673,0.21772914838746865,0.34459996766523904,0.41715610677403403,0.41480547304851095
random,5,16,4,0.5125186644779032,0.04311498501351683,0.6150223973734837,4.291762174774318,0.39806007388887926,0.0510564778030525,4.110264992223357,0.4617455376667935,0.057901117694399526,4.132777300146295,0.4539129574223462,0.057004621614487584,0.05331281182926118,0.011713462170465278,0.18334389384649458,0.2448158609418046,0.2839838475523396,0.2791666352727794
random,5,16,5,0.5125186644779032,0.04311498501351683,0.6150223973734837,4.136544299140197,0.4526011212566032,0.056855971870341804,3.8737200408783328,0.5438178281817005,0.0682172287810327,3.9113069299285335,0.5307572004449621,0.06646290072802172,0.07087365699737042,0.02201335175628718,0.200261397310331,0.2783598266491629,0.33446014442275074,0.32642756584089927
random,5,16,6,0.5125186644779032,0.04311498501351683,0.6150223973734837,4.236209061649305,0.4177159396085022,0.05306082577537673,4.015423259755254,0.494654602849225,0.061835397014990565,4.04768434769122,0.483470778097758,0.060467999159306444,0.062214767497294904,0.01802737100204193,0.16105926976353285,0.25690465859913836,0.30422365971615883,0.2973453570057067
random,5,16,7,0.5125186644779032,0.04311498501351683,0.6150223973734837,4.283495043251942,0.400997641818077,0.051349888592957346,4.023077378932815,0.4920016446873286,0.06150820229687954,4.053240228198871,0.4815440342161838,0.06023558211114965,0.07021632849195689,0.01656995100847552,0.15497457632837883,0.24662253101206727,0.30259203102729776,0.29616036636453624
random,5,16,8,0.5125186644779032,0.04311498501351683,0.6150223973734837,3.968393667313557,0.5109547823547588,0.06388434870139986,3.675581875963084,0.6132533362144523,0.07825995679726952,3.724490917715331,0.5959954420565596,0.07565132086902424,0.07823117152240791,0.03086105718654847,0.2043248074437609,0.31424863519327034,0.3771645370358995,0.3665505455972945
random,5,16,9,0.5125186644779032,0.04311498501351683,0.6150223973734837,4.013658621297512,0.49526621135571985,0.06191107751383107,3.760828455361797,0.583230092294223,0.07376966756969097,3.778803006346881,0.5769316937546948,0.07285627240733261,0.06528320944690381,0.01168428219872094,0.19400700939077678,0.30459981264607733,0.3586995695831512,0.3548259134137569
random,5,16,10,0.5125186644779032,0.04311498501351683,0.6150223973734837,4.200254508978757,0.4303469537001825,0.05439981256987838,3.9523705076287263,0.5165100510806395,0.0645978291084156,3.979164326353769,0.5072213425691565,0.06340918629470721,0.06443678631533056,0.014466816853207817,0.17428118102766954,0.2646730151670619,0.31766524988311545,0.3119524861058797
random,5,16,11,0.5125186644779032,0.04311498501351683,0.6150223973734837,3.925155239097799,0.525950423839226,0.06582798104208268,3.6928863597587798,0.6071366941324433,0.07732687067025901,3.736264495469629,0.5918544158919888,0.07503645620135592,0.058604817488953354,0.027476056741340234,0.23361137753155511,0.32347129056920065,0.3734026651587468,0.36400372175797385
random,5,16,12,0.5125186644779032,0.04311498501351683,0.6150223973734837,4.12037026365363,0.45823111927097765,0.05749696983354162,3.9007550551848365,0.5344215009006678,0.0669507925781153,3.908987979572132,0.5315623565644892,0.06656981736454914,0.06489635565757952,0.005434979626703518,0.2053547025104045,0.28182240152517146,0.3286811926918641,0.32692275488779077
random,5,16,13,0.5125186644779032,0.04311498501351683,0.6150223973734837,4.0480799712659055,0.48333358727504133,0.06045141957352,3.767099517024796,0.5810315226900987,0.07344970379494684,3.84024800881579,0.555470559766382,0.06981844284589722,0.07009244930796284,0.041252047955478224,0.20176419567480838,0.29726098157702185,0.3573474000344302,0.34162683533791127
random,5,16,14,0.5125186644779032,0.04311498501351683,0.6150223973734837,3.8620585831820096,0.5478749526374851,0.06877087046594081,3.60642585411681,0.6378259202501273,0.08210273806786522,3.63463311451187,0.6277775030701925,0.08051307417013069,0.06906731847855258,0.01894557525931531,0.23303448053105874,0.33695536683198996,0.39227722657918174,0.38609722495536936
random,5,16,15,0.5125186644779032,0.04311498501351683,0.6150223973734837,4.097080362115885,0.4663277380178914,0.05843269490561039,3.8081724945653774,0.5666611295067988,0.07138810446174013,3.8503405434383757,0.5519545238232136,0.06933172454611382,0.08288544484994011,0.024461455429300526,0.20300351113792064,0.28680200339751744,0.34850928636763756,0.3394643944828925
random,5,16,16,0.5125186644779032,0.04311498501351683,0.6150223973734837,4.134376282588585,0.45335616613533386,0.05694147667161605,3.905307685608873,0.5328403346774944,0.06673985278240302,3.919693733345081,0.5278458375736101,0.06607765353047325,0.07167919887293522,0.009015961839876022,0.20515833407722361,0.2788241961606044,0.327708740050642,0.3246370124681362
random,5,16,17,0.5125186644779032,0.04311498501351683,0.6150223973734837,4.241564619396536,0.4158289943535441,0.052864219068134974,4.042309805130994,0.4853343892752871,0.06069368367665199,4.075408060183779,0.4738531637132734,0.059317102595134785,0.05706161232073667,0.01782860204354326,0.18326467188069842,0.25574414500472153,0.2984915196198827,0.2914303087499473
random,5,16,18,0.5125186644779032,0.04311498501351683,0.6150223973734837,4.245682653381521,0.4143770109695229,0.05271353840250451,4.046771692695688,0.48378725550485835,0.06050626357361539,4.060248719911926,0.47911311656010014,0.059943672307491515,0.058857418646292764,0.007595976246849357,0.19620179207461869,0.25485114270293435,0.2975399976993361,0.29466529755987414
random,5,16,19,0.5125186644779032,0.04311498501351683,0.6150223973734837,4.211892261135372,0.426265195753778,0.05396275213887584,3.9824681246526485,0.5060762331857896,0.06326414422443971,3.9931682413143053,0.5023677159533273,0.06279666525402036,0.062445019065408315,0.006372070829117007,0.18758095814395448,0.2621626426093659,0.3112482181876665,0.30896739702865667
random,5,16,20,0.5125186644779032,0.04311498501351683,0.6150223973734837,3.872560447634484,0.5442211440352618,0.06827208170188115,3.6336238416407722,0.6281364105462787,0.0805694187817454,3.6479801017964277,0.623035461497363,0.079771648285404,0.067098841204069,0.010435737915599708,0.19725583516429895,0.3347081927059067,0.3863179610917471,0.383180763178803
random,5,16,21,0.5125186644779032,0.04311498501351683,0.6150223973734837,4.152797410589515,0.4469365813884166,0.05621903847289559,3.901130895832744,0.534290956731515,0.06693335330563471,3.945022975142783,0.5190580696977424,0.0649276599647933,0.0713160357169085,0.02332404184027682,0.216651523434171,0.2748760077594131,0.32860090510398865,0.31923233840155835
random,5,16,22,0.5125186644779032,0.04311498501351683,0.6150223973734837,4.364460455495365,0.37199416396705104,0.048547457253193156,4.194632635472461,0.4323166483156135,0.05461221055135573,4.2121388656939125,0.42617863764702724,0.05395352889833452,0.058211468206626246,0.008796624523256781,0.17587885990370367,0.22878474253196054,0.26588442147153785,0.2621094074350399
random,5,16,23,0.5125186644779032,0.04311498501351683,0.6150223973734837,4.184564325646471,0.4358410020512819,0.05499467238363319,3.967517971838165,0.5112583485321689,0.06392313736798008,3.9897918871294022,0.5035378916930889,0.06294380104634012,0.06880670212423742,0.01237219428338088,0.19472728167663472,0.2680519779552408,0.3144353351914626,0.30968708131747313
random,5,16,24,0.5125186644779032,0.04311498501351683,0.6150223973734837,4.135730334406747,0.45288461144477415,0.05688805891043551,3.9306782585796736,0.5240340127963161,0.0655764558209262,3.965934149796808,0.5118074021752659,0.06399335211517429,0.058366554342051694,0.019345654724944865,0.1932191669716641,0.2785341794643237,0.32229265485523717,0.3147730154793268
random,5,16,25,0.5125186644779032,0.04311498501351683,0.6150223973734837,3.2241596289649515,0.7785201061399192,0.10701169445801387,2.9108081154018093,0.9020943132438132,0.13297176874835337,2.9238925860701674,0.8967552102885181,0.13177123839745056,0.0812728334156026,0.015166906609430115,0.23830974417703116,0.47880730208163214,0.5548082071881963,0.551524539288807
random,5,16,26,0.5125186644779032,0.04311498501351683,0.6150223973734837,3.9846678013018813,0.505313834386343,0.06316775890277856,3.711144064540102,0.600695888963439,0.07635444387719702,3.7343985244359312,0.5925103920478318,0.07513357058558442,0.07179433327068006,0.015964117808008542,0.22048805562522117,0.31077932585027623,0.36944142572269023,0.3644071617859603
random,5,16,27,0.5125186644779032,0.04311498501351683,0.6150223973734837,4.310332601448952,0.39144336502786203,0.05040348850304201,4.113683802340587,0.4605567902386326,0.05776406962936398,4.128121601749596,0.45553377458881045,0.05718887747389115,0.06820361181601893,0.008055806275882694,0.1702054259082877,0.2407464367953794,0.2832527412592005,0.28016347413220233
random,5,16,28,0.5125186644779032,0.04311498501351683,0.6150223973734837,4.244074809855746,0.41494403405292596,0.05277231892451447,4.034901729732192,0.48790278036961776,0.06100614038655043,4.0456488377546025,0.48417661368913484,0.060553374155434714,0.06178980750335859,0.006260890247882616,0.18492053759332086,0.255199874599055,0.3000711376681106,0.2977794617032668
random,5,16,29,0.5125186644779032,0.04311498501351683,0.6150223973734837,3.797317788281133,0.5704541892676874,0.07192724775663181,3.540332922271549,0.6615226485336299,0.08595152681536855,3.5636227368663667,0.653147014692341,0.08457512785018964,0.054304312521589654,0.016434895177937288,0.22571909964854725,0.35084210307516017,0.4068512452180095,0.4017000428134176
random,6,2,0,0.14835756996870508,0.011067963155814712,0.1780290839624461,3.9228267587094847,0.8971894947797839,0.06593431184645025,3.799560063625559,0.9481817828044522,0.07181554332763934,3.8195887990145443,0.9397908432507991,0.070825426816128,0.049164486917296746,0.022897501513674316,0.061697664291893675,0.15972582389637474,0.16880393422255566,0.16731010294023455
random,6,2,1,0.14835756996870508,0.011067963155814712,0.1780290839624461,4.697158246787486,0.6056285387804867,0.03854912043658672,4.577030520971417,0.6483379629488096,0.041896382137538254,4.587182118579914,0.6447028571661589,0.04160261087738805,0.03746398598536636,0.007932502469367575,0.05179259471294418,0.10781949398060481,0.1154230136418549,0.11477585908926301
random,6,2,2,0.14835756996870508,0.011067963155814712,0.1780290839624461,5.108295731803949,0.4624301542944221,0.02899010297504769,5.0155403862044174,0.49461400755245816,0.030915188529193945,5.017916304966687,0.4937905207538558,0.03086431739914776,0.02786125197124886,0.0015160828915726254,0.04308325628654738,0.08232601676564857,0.08805567867955852,0.08790907407914818
random,6,2,3,0.14835756996870508,0.011067963155814712,0.1780290839624461,4.887484324659523,0.5390323572818345,0.033784742637300705,4.813218720791855,0.5648988649010188,0.03556942047290372,4.819219765719515,0.5628040218769776,0.03542177294005634,0.027998679923981265,0.004151230042832169,0.056819289930304696,0.09596343679300297,0.10056842744975397,0.1001954844651388
random,6,2,4,0.14835756996870508,0.011067963155814712,0.1780290839624461,4.943882706047627,0.5194535390531656,0.03248949870217867,4.839272955712292,0.5558103702569265,0.034932822980321354,4.848501542126,0.5525950267424902,0.03471007897378334,0.03285267704676501,0.0061636035405365705,0.04690406656449875,0.0924778377186858,0.09895041107366861,0.09837798641316893
random,6,2,5,0.14835756996870508,0.011067963155814712,0.1780290839624461,5.2162406401035515,0.42473850475509356,0.02690017483884954,5.16360697817837,0.4431648417901139,0.02789969231242854,5.165510610622157,0.4425002240231257,0.02786290301628228,0.024202639098325224,0.0011060747625348223,0.04877820383453817,0.07561580692512836,0.07889623082825632,0.07877790953601425
random,6,2,6,0.14835756996870508,0.011067963155814712,0.1780290839624461,4.4000390236908515,0.7126273809653295,0.04736486150634405,4.309037726227668,0.7464448851798868,0.050448747913200906,4.321384969434401,0.741822909729044,0.05001882683742909,0.04699689979450858,0.011435635006863685,0.07104679406406074,0.1268683998398147,0.1328888991370285,0.13206605308141806
random,6,2,7,0.14835756996870508,0.011067963155814712,0.1780290839624461,4.616630549901552,0.6341863778216584,0.04076202261340971,4.5040724885708014,0.6746210423241782,0.04406959692166004,4.514653657867396,0.6707912860983236,0.04374755934409019,0.0377117782818589,0.008480408171501308,0.06322597659004135,0.1129036199050516,0.12010216618676402,0.11942035819407566
random,6,2,8,0.14835756996870508,0.011067963155814712,0.1780290839624461,4.8111295448960005,0.5656283739764465,0.03562096609045243,4.72388911491147,0.5962072423991102,0.037841442243071954,4.727974345566205,0.5947697300038317,0.037734439483051926,0.03539725148404864,0.0030796692087512183,0.05676989037495435,0.10069830128219466,0.10614222921608964,0.10588631020117355
random,6,2,9,0.14835756996870508,0.011067963155814712,0.1780290839624461,4.478134881195417,0.6840359152952422,0.04486907083836249,4.331268073125699,0.7381311165223543,0.04967734657365858,4.348117485749139,0.7318528117712204,0.049100533631090085,0.04316967618118343,0.013562045881121334,0.05704682214643955,0.12177828739742534,0.1314088065186523,0.13029108567497086
random,6,2,10,0.14835756996870508,0.011067963155814712,0.1780290839624461,4.2423267407722545,0.7716092303228482,0.05283630026996364,4.117539969532339,0.8196084792441565,0.057609878703057435,4.13359270432635,0.8133625217273169,0.05697241198441376,0.049473747267001295,0.015745960939661192,0.06502303508370509,0.13736888445134476,0.14591414676769068,0.1448021846724994
random,6,2,11,0.14835756996870508,0.011067963155814712,0.1780290839624461,4.952048793900313,0.5166216077960236,0.03230611785260928,4.853601439183126,0.5508189710443319,0.03458759617889603,4.859753763538343,0.5486771377636264,0.03444041259403034,0.03791760651374076,0.004187167172353022,0.05026601913172182,0.09197367159113219,0.09806179684415953,0.09768048822719524
random,6,2,12,0.14835756996870508,0.011067963155814712,0.1780290839624461,4.50824416050885,0.673110393337301,0.04394235010116851,4.418005599622426,0.7060159972349158,0.04677866177197579,4.4290970032243,0.701944812338291,0.04642040747303991,0.03174423900645732,0.00953545835058836,0.06298016512220571,0.11983322673144149,0.12569138125056495,0.12496659193277708
random,6,2,13,0.14835756996870508,0.011067963155814712,0.1780290839624461,4.643961179903562,0.6244625101502352,0.03999708916144579,4.523058297975284,0.6677537531677212,0.04349344217934862,4.53089666041921,0.664924381267755,0.043257777050269175,0.04363030092976153,0.0062276358533718485,0.05992893340962636,0.11117248865093608,0.11887958898893475,0.11837587850139468
random,6,2,14,0.14835756996870508,0.011067963155814712,0.1780290839624461,4.304301136397886,0.7482208348854608,0.0506146511097935,4.145665883927944,0.8086792024908482,0.05649762828382715,4.1589511333325495,0.8035396740231132,0.05597975048307319,0.0482994708104951,0.013245336508896664,0.048282198769266,0.13320506983627523,0.14396841763892718,0.14305343209381738
random,6,2,15,0.14835756996870508,0.011067963155814712,0.1780290839624461,4.927867604928418,0.5250092279594942,0.03285216809016401,4.834243632174829,0.557563463031982,0.03505481345676352,4.840235649744819,0.5554748668228685,0.03490952047949272,0.03399723541553172,0.004219206435846345,0.052410823226295686,0.0934669119254598,0.09926251257451293,0.09889068170463702
random,6,2,16,0.14835756996870508,0.011067963155814712,0.1780290839624461,4.837087858613495,0.5565719663622829,0.034985772108773634,4.740552345042107,0.5903474951137245,0.03740688531169056,4.754128307169321,0.5855804957058632,0.03705653230944528,0.03015951810117353,0.009039379827128175,0.05737045778834848,0.09908599733065458,0.105099023774621,0.10425035923678994
random,6,2,17,0.14835756996870508,0.011067963155814712,0.1780290839624461,4.114482292398149,0.8208006601377605,0.057732107730161464,3.998816290747406,0.8664991756607227,0.0625513013387945,4.017915259163816,0.8588706961596461,0.06172867954510969,0.045534581530428955,0.018914932514292895,0.05840608656550115,0.14612638964009655,0.15426205449709313,0.15290396327949016
random,6,2,18,0.14835756996870508,0.011067963155814712,0.1780290839624461,4.035821526979983,0.8517488645918713,0.06096725802084636,3.857636552284287,0.9239652348071814,0.06898198469576812,3.9092968507099735,0.9027120625992139,0.06655556674763294,0.045735452445727076,0.041566180376872236,0.060330468345459645,0.15163607012934438,0.16449268436586892,0.16070900158638834
random,6,2,19,0.14835756996870508,0.011067963155814712,0.1780290839624461,5.187326401703123,0.43487455129413893,0.027444742210204917,5.090625459381651,0.46856991000109777,0.029347360034902303,5.098630097431973,0.46578931303316695,0.02918498025849435,0.03225583431519809,0.004641040515416581,0.038384116967254384,0.07742031800547533,0.08341907184986125,0.08292404471879176
random,6,2,20,0.14835756996870508,0.011067963155814712,0.1780290839624461,5.447589218572413,0.3415165687653465,0.022914597921328477,5.397417803919218,0.36001107234839413,0.023725498263340042,5.397720604243146,0.3599004118952676,0.023720519155148955,0.020115354216371083,0.0001538527544086013,0.037621887154022725,0.06079988189529236,0.06409244142652251,0.06407274064742154
random,6,2,21,0.14835756996870508,0.011067963155814712,0.1780290839624461,4.012701969513714,0.8609496560769897,0.06195214439369293,3.8639293719941943,0.9213620428282351,0.06868175087278866,3.867653659384058,0.9198232787345192,0.06850467900637006,0.052908722675924266,0.004970169555437791,0.06172378815134652,0.1532740786091695,0.16402924048247872,0.16375529572044017
random,6,2,22,0.14835756996870508,0.011067963155814712,0.1780290839624461,4.555303911713412,0.6561354198379253,0.042532105572868156,4.371480579221072,0.7231796475396435,0.04831180016347269,4.386867596328618,0.7174875081464623,0.04779927027163874,0.05441504925351949,0.012959845437323293,0.04864542969692855,0.11681118774906084,0.12874701019176737,0.12773364382981278
random,6,2,23,0.14835756996870508,0.011067963155814712,0.1780290839624461,4.917423673297449,0.5286337682529889,0.033090853808584675,4.7945473556889295,0.5714228110057155,0.0360327518086046,4.806530965884448,0.5672345375441213,0.035734688786430824,0.041253926851837,0.008228339180220413,0.04884653005766525,0.09411218551369564,0.10172987959859349,0.10098424511084167
random,6,2,24,0.14835756996870508,0.011067963155814712,0.1780290839624461,4.798636464242121,0.5699932186417436,0.03593076683109841,4.696221359670459,0.6059592381173253,0.03857416239123308,4.7046379067339865,0.6029896119787036,0.03834977950963922,0.03819546283909797,0.006090164797473325,0.05212542252536701,0.10147537057959587,0.10787836808060917,0.10734968825943941
random,6,2,25,0.14835756996870508,0.011067963155814712,0.1780290839624461,4.988461003949683,0.5039991536740095,0.031500946681507366,4.919218742413131,0.5280107001038603,0.033049706214010544,4.923134238028079,0.5266517700943956,0.03296013043397251,0.027617154206041286,0.0025703861274318776,0.0534115359377186,0.08972650764643202,0.09400126126186009,0.09375933219710601
random,6,2,26,0.14835756996870508,0.011067963155814712,0.1780290839624461,4.754459758731872,0.5854641884159535,0.03704801974484694,4.619604354310504,0.6331266797710526,0.04067808703986982,4.6348018089803,0.6277175181184458,0.04025183015954883,0.04093776391016232,0.011025240892625136,0.052671068219309766,0.10422965315650914,0.11271496283182546,0.11175197473780707
random,6,2,27,0.14835756996870508,0.011067963155814712,0.1780290839624461,4.4934801307121575,0.678461192944303,0.04439434939571291,4.380871448750984,0.7197038015999048,0.047998347627334695,4.392907658402709,0.7152573767970367,0.04759956969141113,0.037519723471501114,0.010457138949586612,0.05778243677929232,0.12078582468394265,0.1281282085231211,0.1273366155885586
random,6,2,28,0.14835756996870508,0.011067963155814712,0.1780290839624461,4.94696094683184,0.518385965995211,0.03242025060879926,4.851663794294192,0.5514936961806568,0.03463408105793766,4.858669590170152,0.5490545183287087,0.034466304006073145,0.03411017200819116,0.004782514307084146,0.05044367100943506,0.09228777866511516,0.0981819175421059,0.09774767294350208
random,6,2,29,0.14835756996870508,0.011067963155814712,0.1780290839624461,4.631361917515636,0.6289409404807684,0.04034791916330209,4.510192061371563,0.6724053535380304,0.04388305996666273,4.535429007866281,0.6632898896902104,0.04312209236032822,0.029146746958420455,0.017887893587120653,0.051455925257023215,0.11196977950027054,0.11970770914182027,0.11808489146310008
random,6,4,0,0.22898968059604463,0.019477419903344242,0.27478761671525354,4.734936808151883,0.5923211476227284,0.03755277137006912,4.538640714572261,0.6621323295052451,0.04302620136100266,4.563598759594247,0.653155622998179,0.042288266740883707,0.06592145368303784,0.017912568438075115,0.08061894706895296,0.16276251648529338,0.18194576477486527,0.17947907698783624
random,6,4,1,0.22898968059604463,0.019477419903344242,0.27478761671525354,4.34382716580453,0.7334495730673048,0.049246767264538235,4.17051061319654,0.7990795634067194,0.05553300929089208,4.186240375916482,0.7930278123463494,0.0549308194471773,0.062484431912911455,0.015029455758917263,0.09701327331220849,0.2015428601639849,0.21957716879439773,0.21791422254356468
random,6,4,2,0.22898968059604463,0.019477419903344242,0.27478761671525354,4.893246643844089,0.5370299199381722,0.033650070931799975,4.769768320852586,0.5800962451518448,0.03665697835245432,4.773128930864618,0.5789188414130336,0.036571689058938074,0.04714889476854471,0.002463800446134699,0.08849044976097956,0.14756917180459375,0.15940326467074287,0.15907972870344333
random,6,4,3,0.22898968059604463,0.019477419903344242,0.27478761671525354,5.0487153313052655,0.48311326000818317,0.0302124013747334,4.949946237391074,0.5173507050940135,0.032353234503829556,4.951665672599291,0.5167544590883284,0.032314698186729426,0.041443557441588105,0.001151324216124975,0.08956115419030103,0.13275354132118525,0.14216156725873993,0.14199772623986176
random,6,4,4,0.22898968059604463,0.019477419903344242,0.27478761671525354,5.061371687995342,0.47872356429905466,0.029948515688449445,4.9424258303040505,0.5199588310105175,0.032522324121613995,4.955776818038582,0.5153289336988409,0.03222274436919902,0.04463396604051119,0.008160134288165123,0.08169956639384483,0.13154730729916866,0.14287824796342938,0.1416060095155174
random,6,4,5,0.22898968059604463,0.019477419903344242,0.27478761671525354,5.063360526075331,0.47803361189975774,0.029907258381620512,4.9640013895123,0.5124774387310802,0.032039570325523,4.968762675858313,0.5108268640472063,0.03193400531451894,0.03820159928951343,0.0030437556944351717,0.08628248683085177,0.1313577169237189,0.1408224540092509,0.14036889652565868
random,6,4,6,0.22898968059604463,0.019477419903344242,0.27478761671525354,5.015685606711117,0.4945636749804353,0.030912076788134603,4.906289600740284,0.5324993469437348,0.033347222155969004,4.9088237080661505,0.5316193956118659,0.033288698861920346,0.04519207412037472,0.001741698275612655,0.08197572875664344,0.13589997356181108,0.14632422644909782,0.14608242671978813
random,6,4,7,0.22898968059604463,0.019477419903344242,0.27478761671525354,5.060041622037542,0.4791849563397858,0.02997613889889765,4.977755575533957,0.5077096320386999,0.031735566904054505,4.981466651503803,0.5064233441166507,0.03165403771664323,0.03316239867384513,0.002361935071693234,0.08988934351895436,0.13167409211841255,0.13951231977129266,0.13915886377878314
random,6,4,8,0.22898968059604463,0.019477419903344242,0.27478761671525354,4.391650940905314,0.7157211890013957,0.04764105127409822,4.173658455475249,0.7978668852589706,0.055411972912053215,4.195170730334595,0.7896008626673184,0.05459184514531084,0.07270249227298059,0.020020959525368785,0.0940262466977188,0.19667131975830104,0.2192439398563352,0.21697253920866064
random,6,4,9,0.22898968059604463,0.019477419903344242,0.27478761671525354,4.627942724182768,0.6301575334090981,0.04044365730701491,4.494868145545524,0.6779576175022382,0.04435165819558194,4.508541763562853,0.6730026625638647,0.043933286488628195,0.04541177415799601,0.010891931515361157,0.09493309208420331,0.17315948676064882,0.1862943579473915,0.18493279768894436
random,6,4,10,0.22898968059604463,0.019477419903344242,0.27478761671525354,4.5064307709277465,0.6737669387433682,0.04399761798397561,4.298201305969048,0.7505103006995606,0.05082910696600905,4.313696471112418,0.7446996900620225,0.05028610177365452,0.07098462700045309,0.014258141762850125,0.08292142041223455,0.18514281131882238,0.20623093684948055,0.20463425300073115
random,6,4,11,0.22898968059604463,0.019477419903344242,0.27478761671525354,5.15131872845045,0.44745224905910336,0.028138344699253116,5.080930921876691,0.47193611057160983,0.02954523077884117,5.094200100786301,0.46732831368271993,0.029274734548095916,0.026955486174625592,0.007367713174689772,0.0843994373818114,0.12295433711283106,0.12968219906583903,0.12841603354043302
random,6,4,12,0.22898968059604463,0.019477419903344242,0.27478761671525354,4.9378607033180915,0.5215422922558433,0.03262539766321746,4.807997252419253,0.5667223404912406,0.03569838820074185,4.8208944053511145,0.5622196040884764,0.035380680201337694,0.042911155899856876,0.008713356748586528,0.08251466278602691,0.1433133635051934,0.15572828128287844,0.15449098507806583
random,6,4,13,0.22898968059604463,0.019477419903344242,0.27478761671525354,4.597893311282711,0.6408728904962888,0.041294878860816765,4.4549372574820225,0.6924896382337102,0.04559636869131593,4.4597563308866786,0.6907308129520692,0.04544431599758915,0.054329615981935066,0.004310116912986626,0.10118871365328959,0.17610393419689085,0.19028757729024934,0.18980427388288867
random,6,4,14,0.22898968059604463,0.019477419903344242,0.27478761671525354,4.566940749277983,0.6519560689214713,0.04219041973772114,4.3594768792184375,0.7276311948557528,0.048715447232950654,4.377348347829168,0.7210071194810036,0.048115704146393386,0.05509145161210606,0.014379808635896751,0.09566169294665247,0.17914945438197666,0.19994404188208456,0.19812382799691503
random,6,4,15,0.22898968059604463,0.019477419903344242,0.27478761671525354,5.153394698740473,0.44672826751842026,0.028097884062500578,5.084131741963043,0.4708248630241729,0.0294797532276082,5.093208193708247,0.4676728591561145,0.02929486894945343,0.027399700506439452,0.005026060547566308,0.08821110075693972,0.12275539595072091,0.12937684200069818,0.12851071036991715
random,6,4,16,0.22898968059604463,0.019477419903344242,0.27478761671525354,5.143985116767555,0.4500087772603082,0.028281743725707353,5.051222953106224,0.4822436441731953,0.030159933271590212,5.062330100933224,0.47839108454595386,0.029928626860815873,0.03679067860144533,0.006469123871954504,0.0804858250759148,0.12365683940430547,0.1325145816584311,0.13145594598020802
random,6,4,17,0.22898968059604463,0.019477419903344242,0.27478761671525354,5.064960116137097,0.4774786620559162,0.02987411704491924,4.984502582182662,0.5053710982038049,0.03158749668123249,5.00062149363042,0.49978460671450503,0.03123654081929828,0.03237362401382018,0.00926727396223796,0.09015123726325511,0.13120522357873318,0.13886971963219388,0.13733462095004914
random,6,4,18,0.22898968059604463,0.019477419903344242,0.27478761671525354,4.986245354534794,0.504767068568358,0.03154936209444334,4.917411390697743,0.5286380316808112,0.03309113553371015,4.920583819430573,0.5275369089724622,0.03301844939551374,0.03075384528608162,0.002138386324126861,0.09433290913904695,0.13870373976824404,0.14526318483061282,0.14496060994587454
random,6,4,19,0.22898968059604463,0.019477419903344242,0.27478761671525354,4.732612881343715,0.5931382435279178,0.03761331099596147,4.638708257474507,0.626328807515529,0.04014298594523904,4.648258735738901,0.6229365497648005,0.039878121564554614,0.04122904463701711,0.006897187581304186,0.10604358532954217,0.16298704432170819,0.17210740029729898,0.17117524987469246
random,6,4,20,0.22898968059604463,0.019477419903344242,0.27478761671525354,5.129660762032546,0.45499799752542813,0.028563948609509345,5.052647166970291,0.481749717319898,0.030130174383612603,5.054464835852736,0.4811193102332756,0.03009223691745893,0.03385071568802091,0.001143409612993329,0.07879968761622348,0.12502781535022522,0.13237885667558189,0.1322056286146885
random,6,4,21,0.22898968059604463,0.019477419903344242,0.27478761671525354,5.083080803849481,0.47118974044225065,0.02950123571862722,4.943979801891034,0.5194198637239038,0.03248731217693492,4.959241953287336,0.5141275029684614,0.03214544308178658,0.050055800379566306,0.009433760406263435,0.07283820304028063,0.12947710579680496,0.1427301464272533,0.14127587122846796
random,6,4,22,0.22898968059604463,0.019477419903344242,0.27478761671525354,5.10163014203317,0.4647468808391119,0.029124353953105232,5.016159989219696,0.4943992564048858,0.0309019140458565,5.023124215050447,0.49198541041093874,0.03075310275357624,0.03682297259513957,0.004258866626484018,0.08307859507956979,0.1277066877616275,0.13585479337329212,0.13519149838549774
random,6,4,23,0.22898968059604463,0.019477419903344242,0.27478761671525354,4.836279765994589,0.5568536479592542,0.03500537407784556,4.733583987856962,0.5927967780341531,0.037588001252979564,4.735433339409408,0.5921465911085907,0.03753984908509528,0.039984936121637366,0.0014415453588827924,0.09472113903371901,0.15301648678191826,0.1628932138324861,0.16271455051679137
random,6,4,24,0.22898968059604463,0.019477419903344242,0.27478761671525354,4.620940721825865,0.6326506068835513,0.04064042439938287,4.459698642002952,0.6907518594766674,0.045446133210654605,4.478627461577547,0.6838567542983438,0.04485375377496659,0.06474431319083854,0.015281147633521777,0.10133299866165069,0.17384455247898986,0.18981005720722316,0.1879153676882706
random,6,4,25,0.22898968059604463,0.019477419903344242,0.27478761671525354,4.952739442762714,0.5163821209417069,0.03229065592676598,4.820852497084012,0.562234228419332,0.0353817079753926,4.832207171260679,0.5582734902500711,0.03510433061974977,0.05047939796914336,0.007593267752246847,0.08563087213331713,0.14189541232793945,0.15449500366308772,0.15340664186112338
random,6,4,26,0.22898968059604463,0.019477419903344242,0.27478761671525354,4.866109520651905,0.5464652953116057,0.034289019936250026,4.737667651261548,0.5913612209919124,0.037481755855815334,4.750246308384676,0.5869429705796219,0.03715637816955193,0.04498734308078617,0.008924112726040087,0.0817241600153617,0.15016189611627334,0.16249874053418994,0.16128466003334546
random,6,4,27,0.22898968059604463,0.019477419903344242,0.27478761671525354,5.150538266520582,0.44772439661971264,0.02815357095803036,5.058228637541138,0.4798138396575351,0.030013832545431676,5.065982570985148,0.47712392368414536,0.029852952409484636,0.036424089180201874,0.004642972384204437,0.08071570463745212,0.12302911989240575,0.13184690146648886,0.1311077458669968
random,6,4,28,0.22898968059604463,0.019477419903344242,0.27478761671525354,5.087017087189787,0.469823005926285,0.029420853556100628,4.997489909731772,0.5008699314345122,0.03130441801345081,5.006632074471616,0.4977014900158258,0.031106673322748322,0.036650610107141504,0.0055194377083193375,0.07727007893158697,0.1291015440764803,0.13763285474322207,0.13676220627707933
random,6,4,29,0.22898968059604463,0.019477419903344242,0.27478761671525354,4.639715052887203,0.6259710106771839,0.04011498163801344,4.487089413424102,0.6807811935055265,0.04459143958942557,4.504269375455136,0.6745497234051195,0.0440635830841202,0.05518117654659936,0.013469657842438996,0.09431296269764051,0.17200908215682187,0.18707024166794944,0.18535791085042627
random,6,8,0,0.36807433889647656,0.03169287346071568,0.4416892066757719,4.827134394362252,0.5600425849741152,0.035227981061530564,4.786637467471817,0.5741895400782361,0.036230851745953516,4.797982677386472,0.5702217573572402,0.03594705328522371,0.03769380230333169,0.007725899489631678,0.17531295561620186,0.2473647650618655,0.2536133224386824,0.2518607956363839
random,6,8,1,0.36807433889647656,0.03169287346071568,0.4416892066757719,5.347818210925205,0.37800232989734484,0.02455536008798882,5.340449340105411,0.38065422947774735,0.024681102651206096,5.342276702497698,0.37999706503100283,0.024649860589511012,0.033463625629120974,0.0009549435910104193,0.12767719398218763,0.16695954921395165,0.16813086463580346,0.16784060219266533
random,6,8,2,0.36807433889647656,0.03169287346071568,0.4416892066757719,4.95038762101316,0.5171976449428113,0.03234333774589939,4.8714766915246654,0.5445981059662579,0.034161693563877216,4.877404638844006,0.542536460764805,0.03402161320370005,0.055596354597262004,0.0040242361315676115,0.16881147920017292,0.22844061748936786,0.2405431053813644,0.23963249894788777
random,6,8,3,0.36807433889647656,0.03169287346071568,0.4416892066757719,5.305378139463363,0.3932111928991995,0.025288440138825717,5.145799027813035,0.44937658553927085,0.02824620722693335,5.16346010349165,0.44321611535346445,0.027902532806813467,0.07168781639471769,0.009208981961935815,0.12122074790017372,0.17367713984768132,0.1984847875655077,0.19576377437638912
random,6,8,4,0.36807433889647656,0.03169287346071568,0.4416892066757719,5.184921466950205,0.4357160548394986,0.02749053002780606,5.145888311476782,0.4493454655992204,0.02824445921591126,5.154081907414338,0.4464885789310825,0.028084503194743593,0.03920535615495677,0.004551753646786338,0.15673833269342813,0.19245107859795527,0.19847104222387502,0.1972091862178626
random,6,8,5,0.36807433889647656,0.03169287346071568,0.4416892066757719,4.441959947918379,0.6972330079246103,0.04600836670872498,4.362798023359286,0.7263985817644668,0.0486034312243393,4.373748438878128,0.7223397049037713,0.04823591558002921,0.04946245651393685,0.009797943533152928,0.1764703935522014,0.3079602941383833,0.32084241330995317,0.3190496512093579
random,6,8,6,0.36807433889647656,0.03169287346071568,0.4416892066757719,5.11907980070724,0.4586800433837111,0.028774211387405192,5.070425391901298,0.4755823511111488,0.0297611607930255,5.07424299278428,0.47425751865920474,0.02968251212529912,0.03690883112934987,0.0023266493654747907,0.144960324209306,0.20259402448015998,0.21005959137128172,0.20947442717660422
random,6,8,7,0.36807433889647656,0.03169287346071568,0.4416892066757719,4.877922178873857,0.5423564993052912,0.03400941077116815,4.79453977923648,0.5714254602459408,0.036032941038580325,4.805641184823276,0.5675453804041879,0.0357567349261334,0.04692112449701022,0.007503908235129907,0.1594190303329026,0.23955301191360287,0.2523924582103674,0.2506786688232249
random,6,8,8,0.36807433889647656,0.03169287346071568,0.4416892066757719,5.108244060930222,0.4624481166879961,0.028991141289267153,5.0546022545273415,0.481071649171175,0.03008937072726713,5.0641558495209305,0.4777576919804231,0.029890775765403804,0.048573261922900055,0.005539123100139716,0.14931595135015932,0.20425834178862579,0.21248415507662155,0.21102041595408086
random,6,8,9,0.36807433889647656,0.03169287346071568,0.4416892066757719,5.098192525668889,0.46594134314469576,0.029193833453217695,5.068637656642896,0.47620268963116164,0.02979806260074703,5.071175958335434,0.475321894913987,0.029745681486538958,0.037050288060535244,0.0015710252470906758,0.15994220471244006,0.20580126221102427,0.2103335882000566,0.20994455068018353
random,6,8,10,0.36807433889647656,0.03169287346071568,0.4416892066757719,5.059872552804152,0.4792436040985915,0.02997965200433797,4.9089424743163095,0.5315781570544623,0.033285958566088666,4.924325398198977,0.5262383970210441,0.03293292815620488,0.06230019686919253,0.009464803264411552,0.145700545066074,0.2116767272987446,0.23479233447555434,0.23243382010255487
random,6,8,11,0.36807433889647656,0.03169287346071568,0.4416892066757719,4.977397611192381,0.5078337077829667,0.031743442172537224,4.909365927515652,0.531431125300153,0.03327619005861168,4.913164425641715,0.5301123172820806,0.03318869180838609,0.04257196968950601,0.0025599986442483087,0.15739132644036924,0.22430466751387432,0.23472739213663732,0.23414488886937726
random,6,8,12,0.36807433889647656,0.03169287346071568,0.4416892066757719,4.828855074109216,0.5594424402482315,0.035185990246931004,4.7653503724807535,0.5816446289228575,0.03676940464717554,4.775620853157905,0.5780460111932423,0.03650857444102613,0.04622311834337388,0.00728972433840471,0.1590636574234114,0.2470996876139993,0.25690615471616063,0.25531668410603753
random,6,8,13,0.36807433889647656,0.03169287346071568,0.4416892066757719,5.0930516840085165,0.4677272222813238,0.02929804715393768,5.0423705041495195,0.48531334326233755,0.030345565071779216,5.049263246764335,0.48292325360600186,0.030200929304587926,0.03987499054302722,0.004199198837128947,0.1518901378919504,0.20659006575010033,0.21435766557470842,0.21330198877051756
random,6,8,14,0.36807433889647656,0.03169287346071568,0.4416892066757719,5.128338369816637,0.45545832183593526,0.028590142683100398,5.044586129239495,0.4845451063838192,0.030298997507531667,5.062779589244403,0.47823515058964133,0.029919303703718557,0.04543369061814127,0.010241884737329156,0.15323725519964906,0.20117102484559263,0.2140183436372966,0.21123130426840697
random,6,8,15,0.36807433889647656,0.03169287346071568,0.4416892066757719,5.202323281075241,0.42962179763016684,0.027160930562436,5.166351574814706,0.4422065785073503,0.027846666129698584,5.176122099406662,0.4387931486790434,0.02765871420797932,0.03601941146337703,0.005308876325012091,0.13277656527143986,0.1897593109658874,0.19531787284771898,0.1938101977348107
random,6,8,16,0.36807433889647656,0.03169287346071568,0.4416892066757719,4.942058176898223,0.5200863482035138,0.032530613099229166,4.895495665405463,0.5362485185570163,0.033597654603412165,4.9041182281544735,0.533253413805518,0.033397450208452445,0.031558136211871174,0.005734426364017141,0.15587648595613837,0.2297165265409093,0.23685518274250644,0.23553227730090637
random,6,8,17,0.36807433889647656,0.03169287346071568,0.4416892066757719,5.097624268218327,0.4661387735326153,0.029205334761905677,5.040599889994613,0.48592725269873605,0.03038283093220883,5.049459467253789,0.4828552075347142,0.030196821965211996,0.037011461060648176,0.005291972822840909,0.1447315807503699,0.20588846508243813,0.21462882274664205,0.21327193355527313
random,6,8,18,0.36807433889647656,0.03169287346071568,0.4416892066757719,4.955415994435927,0.5154540431102559,0.03223080440991934,4.886173043568088,0.5394881116585243,0.03381546391380502,4.8930778837497835,0.5370885572970594,0.03365400739871479,0.06215331589318005,0.004625287138536752,0.15303081337203955,0.22767048737918805,0.23828607604946384,0.237226218787173
random,6,8,19,0.36807433889647656,0.03169287346071568,0.4416892066757719,5.062943872752252,0.47817815771589556,0.029915896907285494,5.012076095484617,0.4958146950480972,0.030989513239102352,5.014352237938123,0.49502581070515356,0.03094065957901841,0.03750751143269536,0.001465011903348218,0.1514186718166627,0.21120613113121603,0.21899599931398384,0.2186475576143901
random,6,8,20,0.36807433889647656,0.03169287346071568,0.4416892066757719,4.833776992904371,0.5577261515745114,0.035066153759382185,4.722313136496597,0.5967619592859812,0.037882802253177694,4.750835185075493,0.5867362588448962,0.03714121484020657,0.05364108360022503,0.0187481853692998,0.16068310246984663,0.24634162143127725,0.26358331637130433,0.2591550726971126
random,6,8,21,0.36807433889647656,0.03169287346071568,0.4416892066757719,5.217470555035646,0.42430652858735773,0.02687725188761589,5.159680712787584,0.4445352480736739,0.027975724173745175,5.168933946311304,0.4413047236809472,0.027796866196444822,0.03674032152366384,0.005015478962248637,0.140035868424708,0.18741161399910075,0.19634642106107847,0.1949195333049083
random,6,8,22,0.36807433889647656,0.03169287346071568,0.4416892066757719,5.173999636773439,0.43953493738196936,0.027699435073710733,5.134135422913181,0.4534400415786571,0.02847549195667839,5.135999329087518,0.45279092707697277,0.02843872647770153,0.04249375965913611,0.001089654095408598,0.13597370193553032,0.1941378377985271,0.20027957223990606,0.1999928653706154
random,6,8,23,0.36807433889647656,0.03169287346071568,0.4416892066757719,5.154882809689952,0.446209217329272,0.028068916601850093,5.128309450007848,0.4554683883267106,0.028590715797808204,5.129820216155283,0.45494248864722,0.028560791748532866,0.029383280875712504,0.0009157711732385484,0.15763862241902843,0.19708579521358324,0.20117547110591721,0.20094318689369195
random,6,8,24,0.36807433889647656,0.03169287346071568,0.4416892066757719,5.099912900868768,0.46534359498524847,0.029159041337112186,5.047391896161134,0.4835721909953521,0.03024012899400283,5.050645195925197,0.4824440089680316,0.030172013861821632,0.044621121291650065,0.002043612707997383,0.14826957003320929,0.2055372433006861,0.21358861741120191,0.21309031158656885
random,6,8,25,0.36807433889647656,0.03169287346071568,0.4416892066757719,5.1349163133393585,0.45316810374661304,0.028460083140831316,5.0585660098900975,0.47969681542452675,0.03000681467052703,5.076152523003944,0.47359477651874143,0.02964325077161479,0.04063753499104575,0.00979286874413915,0.14913903337706264,0.2001594602346054,0.21187690584975338,0.20918170112635237
random,6,8,26,0.36807433889647656,0.03169287346071568,0.4416892066757719,5.106171236705786,0.4631686499721283,0.029032824894812743,5.073346115119175,0.4745687817264231,0.029700970536831336,5.082289896043155,0.4714643263324189,0.0295174131877551,0.041520980450942505,0.005119275483964304,0.15892305257987394,0.20457659356327762,0.20961190871383137,0.20824070427369334
random,6,8,27,0.36807433889647656,0.03169287346071568,0.4416892066757719,5.089032407244675,0.4691231627314702,0.029379783863198592,5.020092363838075,0.49303628983406245,0.030817798943333603,5.031379191610477,0.489123929110377,0.030577638626773318,0.05083042270862674,0.006634568118550668,0.1505118581257855,0.2072066375800921,0.21776880771917298,0.2160407602148989
random,6,8,28,0.36807433889647656,0.03169287346071568,0.4416892066757719,4.805687549646598,0.5675291824361344,0.03575558580728919,4.759921552097223,0.5835481474414571,0.03690802752389728,4.768510728579233,0.5805369382857578,0.03668894604463761,0.03802953435709552,0.005982323714433489,0.16203841466882216,0.2506715143555656,0.25774691830053353,0.25641689971741793
random,6,8,29,0.36807433889647656,0.03169287346071568,0.4416892066757719,5.26222144981736,0.40853582919455084,0.026056345233479952,5.212820159766928,0.42593948919759894,0.02696402802861947,5.229204426187102,0.42018163139736486,0.026659537710234438,0.04483048653375034,0.008285864211787461,0.1437083067685349,0.1804458662955698,0.18813287507557097,0.1855896914316337
random,6,16,0,0.5755000995044119,0.04250053165709351,0.6906001194052943,5.108690771267175,0.462292824561188,0.028982165977547582,4.875883830147264,0.5430653117462748,0.034057495801379914,4.913024802938474,0.5301607897229549,0.0331919039349792,0.0796745135058588,0.021477581888918996,0.23169992870824951,0.3192594798421672,0.37504096913685075,0.36612910468667775
random,6,16,1,0.5755000995044119,0.04250053165709351,0.6906001194052943,4.626914462984635,0.6305235062607557,0.04047249324670983,4.313368667790497,0.7448224365698929,0.05029752887611951,4.336320006518779,0.736246632269919,0.049503693970549836,0.085898232133864,0.019014983234079498,0.28191934790295303,0.4354396087115227,0.5143744636309103,0.5084520121573519
random,6,16,2,0.5755000995044119,0.04250053165709351,0.6906001194052943,5.138118013814449,0.4520529728816389,0.028396993143195486,4.977289041867748,0.5078713396122113,0.03174583109996888,5.004545484260364,0.49842465258777763,0.031151695894202927,0.058129684810296636,0.015566542577633253,0.22370434764580935,0.3121878370495781,0.35073600777871994,0.34421212459166156
random,6,16,3,0.5755000995044119,0.04250053165709351,0.6906001194052943,5.003441996862413,0.4988070936559435,0.031175532292593074,4.807082097709005,0.5670420117013033,0.03572104018964131,4.822684055405219,0.5615951281960946,0.03533681800084924,0.05966148677830832,0.010222575444403945,0.21767618839092603,0.3444762384390024,0.39159928098873836,0.38783766258965446
random,6,16,4,0.5755000995044119,0.04250053165709351,0.6906001194052943,5.276456198892946,0.40349507616995806,0.025800517280837515,5.080079362405659,0.47223172579191924,0.0295626751777759,5.125764896931321,0.4563540233312017,0.028641187163160935,0.06176099918989128,0.02263006947899769,0.2042825020125294,0.27865374778242136,0.3261232862188676,0.31515814300361433
random,6,16,5,0.5755000995044119,0.04250053165709351,0.6906001194052943,5.1234465563848985,0.45716078840421026,0.028687249153397446,4.8489758274061625,0.5524298316054056,0.03469866992797355,4.875897971500584,0.543060393991058,0.0340571619701077,0.08652246243823801,0.015972263461507135,0.22608522204754838,0.3157152950593661,0.38150810766973975,0.37503757293451084
random,6,16,6,0.5755000995044119,0.04250053165709351,0.6906001194052943,4.974060611461756,0.5089903849733701,0.03181695074970872,4.709691586489123,0.6012078162853077,0.03821567739765927,4.742386645969922,0.5897030426180029,0.037359354904558134,0.07167532653009437,0.02053496971693666,0.24686478607246842,0.3515088206387561,0.41519418971402977,0.40724899164565814
random,6,16,7,0.5755000995044119,0.04250053165709351,0.6906001194052943,5.046177991691787,0.4839931269512511,0.030265584183503114,4.822738159819106,0.5615762503948776,0.035335492812973136,4.873871371990077,0.543765195857805,0.03410503676414232,0.06503292943931797,0.02918527978919416,0.24808374440604067,0.33424571126387576,0.3878246255778799,0.3755243091878434
random,6,16,8,0.5755000995044119,0.04250053165709351,0.6906001194052943,5.10690629554257,0.46291314646769804,0.029018036323289028,4.872926439492449,0.5440938464047218,0.034127382105967816,4.88885822871933,0.5385548684102092,0.033752584143021104,0.07794874677217214,0.009976640177050624,0.2409206497449419,0.31968787422487277,0.37575127529478675,0.371926056430393
random,6,16,9,0.5755000995044119,0.04250053165709351,0.6906001194052943,5.150619137943015,0.44769619755120776,0.02815199283136313,4.922503638850421,0.5268706162465897,0.032974540391503826,4.9422823908368905,0.5200085815208259,0.03252555780345634,0.06741481064364366,0.011877860304516017,0.22097598457217926,0.3091790474861603,0.36385691049103586,0.35911798849006005
random,6,16,10,0.5755000995044119,0.04250053165709351,0.6906001194052943,5.269292189096392,0.40603357251511063,0.025928953875586476,5.072174961347343,0.47497521682095684,0.029725091037132185,5.1056392035480025,0.46335357584514447,0.02904353351553013,0.06416063769780618,0.017158403534436456,0.21203054318248538,0.2804068336614936,0.32801794145110835,0.31999203480552685
random,6,16,11,0.5755000995044119,0.04250053165709351,0.6906001194052943,5.062763838747428,0.4782406147015782,0.02991963034688396,4.832474076858925,0.5581804260071279,0.035097836748593673,4.861764267743191,0.5479773821901868,0.03439245071200062,0.07202390376872322,0.017625827059592467,0.23412790299119032,0.33027302561737126,0.3854794688502206,0.3784332455719436
random,6,16,12,0.5755000995044119,0.04250053165709351,0.6906001194052943,4.740819873494247,0.5902534960433123,0.03739994934945953,4.493680574758788,0.6783884644824908,0.04438818179643198,4.52675834529239,0.6664177482751192,0.04338203845100501,0.07011758148115081,0.023880547368958224,0.25239919949838197,0.40762913484690394,0.4684951545747824,0.4602281765326047
random,6,16,13,0.5755000995044119,0.04250053165709351,0.6906001194052943,4.909617308757846,0.5313438416790488,0.03327039238064063,4.698491373036808,0.6051580351701892,0.03851351547069025,4.713195047627211,0.5999731526676607,0.03812298649512326,0.06819301613689646,0.010285414981645563,0.253616042892336,0.3669461205088189,0.41792221134760593,0.41434153087225734
random,6,16,14,0.5755000995044119,0.04250053165709351,0.6906001194052943,5.111046351573352,0.461473874549396,0.02893488355572698,4.941613312305258,0.5202406470310312,0.03254064567645413,4.960810448262327,0.5135837009191108,0.03211051361561067,0.06269644645425895,0.011497670560884219,0.23552879778229194,0.31869391286623666,0.35927825295911775,0.3546809651793509
random,6,16,15,0.5755000995044119,0.04250053165709351,0.6906001194052943,5.05977960108768,0.47927584762288156,0.029981583632164473,4.8898180701332965,0.5382213021942616,0.033730135633480415,4.9186759859908955,0.5281990864948909,0.03306214218587733,0.05363849940223869,0.016999411836780443,0.2502065026160524,0.3309879575964356,0.37169569556183,0.36477435220313903
random,6,16,16,0.5755000995044119,0.04250053165709351,0.6906001194052943,4.8150830459861025,0.5642479669526438,0.035523485513136985,4.568017704262194,0.6515696350791881,0.042158936834826646,4.602296838262995,0.6392999544583591,0.04116902698565375,0.08809157126200548,0.024528614281116266,0.2536206400699995,0.38966971335169037,0.4499740677865513,0.441500624884742
random,6,16,17,0.5755000995044119,0.04250053165709351,0.6906001194052943,4.869660397629944,0.5452299158234778,0.034204728819304794,4.591019666080214,0.6433300315898927,0.04149209559659077,4.623784904859379,0.6316376590251801,0.04056038326867561,0.0875581854432636,0.023022535119490657,0.25698556454941274,0.3765358449710323,0.4442837966329916,0.43620904274366995
random,6,16,18,0.5755000995044119,0.04250053165709351,0.6906001194052943,5.323413357872075,0.38676660864614054,0.024974275597727302,5.187742265595818,0.43472901479974513,0.027436832269297315,5.203276803304635,0.42928750246586,0.027142984985835984,0.052923865427245684,0.007983428624887864,0.20945206119587054,0.2671010661130054,0.30022390952964995,0.2964660004621235
random,6,16,19,0.5755000995044119,0.04250053165709351,0.6906001194052943,4.974540858097949,0.5088239182240124,0.03180636123480228,4.77168864582988,0.5794234083813061,0.03660821788626312,4.803108488597273,0.5684302894540434,0.03581956212305047,0.06645598799590804,0.01948629738188344,0.25771364340248015,0.3513938586817727,0.4001498750143526,0.3925580257705484
random,6,16,20,0.5755000995044119,0.04250053165709351,0.6906001194052943,5.021511576415173,0.4925443763338014,0.030787497666128334,4.828398358147566,0.55960172819992,0.03519713088777107,4.863315139251323,0.5474376575110779,0.03435549930382601,0.06158510996515097,0.021170784523879046,0.24426805964693374,0.3401512051085295,0.3864610203142738,0.378060511644105
random,6,16,21,0.5755000995044119,0.04250053165709351,0.6906001194052943,4.963269406311715,0.5127312034031104,0.03205583043395011,4.7752469639606945,0.5781769589069867,0.03651803723818321,4.794819904569297,0.5713275105665279,0.03602594527063412,0.06368990018834628,0.013120613901001365,0.2602222585281241,0.3540922302930083,0.39928907685855497,0.3945588470167737
random,6,16,22,0.5755000995044119,0.04250053165709351,0.6906001194052943,5.185483326027798,0.435519476431038,0.02747982589692284,4.9265868132575905,0.525453654570873,0.03288134644386789,4.960236749453863,0.5137826022457909,0.03212328514815353,0.08876170516371196,0.01863189608096017,0.2333313103779138,0.3007698024266061,0.3628783565885932,0.354818326459306
random,6,16,23,0.5755000995044119,0.04250053165709351,0.6906001194052943,5.13417680068397,0.4534256325542342,0.02847467526607546,4.90868587532107,0.5316672547699616,0.033291879362164205,4.939189189924327,0.5210814727262834,0.03259536882616203,0.07318390772734704,0.017507449244128746,0.2201288642492621,0.3131357959833752,0.3671694696280205,0.3598589272846579
random,6,16,24,0.5755000995044119,0.04250053165709351,0.6906001194052943,5.151980405304957,0.44722150759416524,0.028125442303424876,4.970237450365285,0.5103156342596251,0.03190137791061272,5.006293682392683,0.49781876895588123,0.031113970420296816,0.06199765417127349,0.019575805792789686,0.24145854626227922,0.30885122654514624,0.3524240379540856,0.3437937012831282
random,6,16,25,0.5755000995044119,0.04250053165709351,0.6906001194052943,5.3557013047551125,0.37515974121805856,0.024421551964425043,5.180163166356182,0.43738036634478944,0.027581349053993887,5.1927804632462955,0.43296529430986946,0.027341184129801993,0.06387285207609761,0.006750847301598509,0.19728736570138752,0.25908536208125055,0.30205493322324295,0.2990058839487442
random,6,16,26,0.5755000995044119,0.04250053165709351,0.6906001194052943,5.217429102593381,0.4243210888599671,0.026878024153206757,4.9551840606524085,0.5155344626693178,0.032235986387483886,4.979696531643044,0.5070368757849784,0.03169289958786197,0.08167513284862239,0.014114442390090055,0.2108560718755295,0.2930361946328778,0.35602816147697514,0.3501597269599934
random,6,16,27,0.5755000995044119,0.04250053165709351,0.6906001194052943,4.729140613394591,0.5943594530936073,0.037703947467608245,4.523273151586327,0.6676761537531534,0.04348696539316278,4.542358135118845,0.6607931914803762,0.042915477619176315,0.07244392480945053,0.014064266052304382,0.28950806157825515,0.4104647092761106,0.46109723150599535,0.4563438569385533
random,6,16,28,0.5755000995044119,0.04250053165709351,0.6906001194052943,5.073196803558546,0.47462059954453567,0.029704044594500906,4.879572517122359,0.5417826681754409,0.03397052872095624,4.894045030461478,0.5367525188146018,0.03363145415336372,0.06140085167050343,0.009221718731179298,0.23649865061957298,0.3277730427176687,0.3741551753336784,0.37068135358445653
random,6,16,29,0.5755000995044119,0.04250053165709351,0.6906001194052943,4.755705387350386,0.5850271261096799,0.037016046142759454,4.469283916928024,0.687257618751524,0.04514518965825094,4.50628818186264,0.6738185715769003,0.044001966712620896,0.08789653052035573,0.02714911698013701,0.2539576474797791,0.4040198031466811,0.47462019357200075,0.4653391859885122
random,7,2,0,0.17270490520880855,0.011061753726501066,0.20724588625057025,5.822833641454559,0.5615429356702429,0.017666577143786083,5.690571815434953,0.6079541250611815,0.019362756818090836,5.714088203002643,0.5996584669411276,0.01904969615544323,0.040020678234286386,0.01540678709407919,0.06279318739531298,0.11637746337072645,0.1259959914479946,0.12427675042887226
random,7,2,1,0.17270490520880855,0.011061753726501066,0.20724588625057025,5.869724409876583,0.5452076476689315,0.017101605596146555,5.77137714589264,0.5795325428531866,0.018308061507058767,5.780913625920214,0.5761927718704255,0.018187440948616383,0.03900226352624628,0.006582801087871165,0.06590702388286349,0.11299204213173636,0.12010573545465524,0.11941358165745898
random,7,2,2,0.17270490520880855,0.011061753726501066,0.20724588625057025,5.0256120729692695,0.8558058885085569,0.030700116212685015,4.870856558346287,0.9185010554924778,0.034176380904399874,4.882804455656454,0.9135778072878814,0.033894512811529165,0.062167640602525796,0.013926679092818885,0.06634438300446965,0.17736224982241258,0.1903555652676228,0.18933524233022966
random,7,2,3,0.17270490520880855,0.011061753726501066,0.20724588625057025,5.599943491020933,0.64014045163644,0.020618118681915792,5.442279251821311,0.6971161745606645,0.022999092526065464,5.460916980238843,0.690307418012084,0.022703885355078435,0.054672497196399314,0.015059640147755002,0.060606027032577656,0.1326664752242343,0.14447445941643217,0.1430633726312572
random,7,2,4,0.17270490520880855,0.011061753726501066,0.20724588625057025,5.245426274129523,0.7704326772060843,0.026361453440841703,5.06709470031254,0.8393797434267909,0.029829948552350792,5.0753719823028645,0.8361204312600996,0.029659292986580467,0.06064636217339239,0.008696793546583703,0.06611959023252142,0.15966900298397446,0.17395799882726154,0.17328251978870834
random,7,2,5,0.17270490520880855,0.011061753726501066,0.20724588625057025,5.528646111314686,0.6657364065686588,0.021662655094717206,5.345953309954555,0.7326581111380134,0.02458712211926005,5.391454331107636,0.7157937604248402,0.023823772108222924,0.04968085817683916,0.03251674902576849,0.06373297736014369,0.13797113158859167,0.15184037956146637,0.14834531225187436
random,7,2,6,0.17270490520880855,0.011061753726501066,0.20724588625057025,5.592503910599516,0.6427992592818044,0.020724715241663638,5.421815155144938,0.7046167956123179,0.023327650895592845,5.4338171641560695,0.7002145834845116,0.02313438946638713,0.05412358469569707,0.009889705464864285,0.05485476707365805,0.13321750217106765,0.14602893227371175,0.1451165919198215
random,7,2,7,0.17270490520880855,0.011061753726501066,0.20724588625057025,5.258676953162656,0.7654110670659273,0.026120440674593796,5.068196948722435,0.8389453678108502,0.029807166567852584,5.081340592299761,0.8337739213974787,0.02953684225007903,0.06239172707278918,0.01317438430537121,0.05708387177427201,0.15862829494007277,0.17386797626777029,0.17279621527263378
random,7,2,8,0.17270490520880855,0.011061753726501066,0.20724588625057025,5.414233754921408,0.7074022556252523,0.023450560976990463,5.258571583326726,0.7654509467818319,0.02612234849778759,5.279156699587077,0.7576757701859843,0.02575226789771639,0.04872544257633479,0.01697727092001574,0.06513734203292981,0.14660620740270786,0.15863655984713884,0.15702518648277772
random,7,2,9,0.17270490520880855,0.011061753726501066,0.20724588625057025,5.099717615374952,0.8265685910982741,0.029162988618443304,4.922746196910655,0.897222325172733,0.03296899689963642,4.942396499145009,0.8892331137969918,0.03252298533353418,0.06598385661138134,0.020580632395320257,0.06550451744263988,0.17130294020904702,0.1859456359442204,0.18428990475221174
random,7,2,10,0.17270490520880855,0.011061753726501066,0.20724588625057025,5.659266976664068,0.6190314529650968,0.019787498117502463,5.521302430250448,0.6683880211498262,0.021773204588018142,5.544436201881349,0.6600449245459682,0.0214268532005904,0.04243914705935724,0.01736215448438931,0.06018237939150206,0.12829172208672968,0.1385206678024606,0.13679159535271995
random,7,2,11,0.17270490520880855,0.011061753726501066,0.20724588625057025,5.833403434447902,0.5578563922578271,0.01753761732446621,5.737314790806405,0.5914852413833326,0.018745462211696852,5.740888743255655,0.5902292982920186,0.018699082017571523,0.03919989228275159,0.002682166824815313,0.0632066946310696,0.11561344241401914,0.12258288305462123,0.1223225940155816
random,7,2,12,0.17270490520880855,0.011061753726501066,0.20724588625057025,5.177757316795463,0.7962890389790553,0.02762738229994336,5.0151161152865775,0.8599866319431149,0.030924281472526953,5.033585734165488,0.8526365159593035,0.03053090713585061,0.05716757458198947,0.01838502100452208,0.06744134032418445,0.1650276275948292,0.1782286917006938,0.17670541039958432
random,7,2,13,0.17270490520880855,0.011061753726501066,0.20724588625057025,5.796360533386613,0.5707888482102742,0.017993747163787856,5.712252022619074,0.6003054412777904,0.019073956963366334,5.723741241081175,0.5962592875779844,0.01892266056321892,0.03564587031674738,0.008271395791441503,0.07049938547967702,0.1182936407092805,0.12441083319865533,0.123572284489233
random,7,2,14,0.17270490520880855,0.011061753726501066,0.20724588625057025,6.077065263871813,0.4732779731608405,0.01481225124622604,5.9670569558129,0.5114181646812956,0.015985891848937027,5.977990376589774,0.5076282467664371,0.015865201153598962,0.036518461252958205,0.006737213893978013,0.05343309955550684,0.098084912990592,0.1059893107840152,0.10520386588693344
random,7,2,15,0.17270490520880855,0.011061753726501066,0.20724588625057025,5.441523418276267,0.6973927443732788,0.02301114499701542,5.320337514644535,0.742214585787241,0.025027577854853926,5.335112631102751,0.736696848386841,0.02477257020072201,0.04732317625577748,0.01314719038214042,0.07811634828875816,0.14453177737235756,0.15382091961957667,0.15267739124193286
random,7,2,16,0.17270490520880855,0.011061753726501066,0.20724588625057025,5.282999553934059,0.7562277708544499,0.025683763794109075,5.138337066091441,0.8115206821716777,0.028392681799762034,5.147249470500936,0.8080658111942355,0.02821782360065618,0.049636716556940005,0.009436355792656913,0.06679345507236456,0.15672509457802364,0.16818432298733668,0.1674683151897353
random,7,2,17,0.17270490520880855,0.011061753726501066,0.20724588625057025,5.77906906430588,0.576838540233668,0.018210709421840904,5.662060356113651,0.6180413494024575,0.019749222174100328,5.686341562505383,0.6094486788152335,0.01941961537842605,0.03761073232561045,0.016651374062270165,0.06514608964590235,0.11954741449421175,0.12808652719641064,0.1263057315653022
random,7,2,18,0.17270490520880855,0.011061753726501066,0.20724588625057025,5.273396883666927,0.7598481272627399,0.025855286765771653,5.094981083612551,0.8284229135939359,0.029258891367733308,5.105279611907156,0.8243935665257263,0.029050773516531472,0.056956970357251224,0.010807729384953925,0.058922246247702426,0.1574753985504026,0.17168724091805485,0.17085217531389257
random,7,2,19,0.17270490520880855,0.011061753726501066,0.20724588625057025,5.2779195112549635,0.7581421781098725,0.025774361319661925,5.062689458017226,0.8411168374840796,0.02992117294685061,5.082370154734804,0.8333694719185851,0.02951577114768317,0.06101849170882905,0.018855648402043575,0.05752024562891074,0.1571218476063182,0.17431800442466494,0.1727123947819369
random,7,2,20,0.17270490520880855,0.011061753726501066,0.20724588625057025,5.87069227611834,0.5448709623496211,0.01709013642536882,5.742865186237585,0.58953493406191,0.018673482452480645,5.7560498972534235,0.5849062545303936,0.018503603955899173,0.037401899052974176,0.009193234307208224,0.05597672358051915,0.11292226548434832,0.12217868988533204,0.12121941509365304
random,7,2,21,0.17270490520880855,0.011061753726501066,0.20724588625057025,5.114846872402176,0.8206584695809002,0.028858760115464538,4.95211568033667,0.8852953424735192,0.0323046201064158,4.971382672962997,0.8775158463916495,0.03187606439588916,0.058528579529017494,0.0205408944478199,0.07245816904145458,0.1700780918373303,0.1834738178444266,0.18186154928435666
random,7,2,22,0.17270490520880855,0.011061753726501066,0.20724588625057025,6.068087760110479,0.47639349403141107,0.014904711286108003,5.973557153937799,0.509164898299459,0.015914027926884327,5.978695679382158,0.5073837803069482,0.015857446891205294,0.0394878001315197,0.0032971266376002517,0.057094359540816125,0.09873059187454554,0.10552233059575285,0.10515320121887811
random,7,2,23,0.17270490520880855,0.011061753726501066,0.20724588625057025,6.226202558866069,0.4212375466151657,0.013357533458698872,6.160598977389656,0.4442147858893058,0.013978961750083806,6.163431714299003,0.4432260258631872,0.013951540937577334,0.02897519134422758,0.0016406805979090875,0.056469045014431785,0.08729974867027591,0.09206168698723649,0.0918567705393344
random,7,2,24,0.17270490520880855,0.011061753726501066,0.20724588625057025,4.9530114164798364,0.8849328858007017,0.03228456913661118,4.7228779420923805,0.9807013700587741,0.037867974288598644,4.764557366561057,0.9629474957205763,0.03678962123482904,0.0699690335171454,0.041519523966859734,0.06312629807547629,0.1833987001900411,0.2032463245849791,0.19956690716337802
random,7,2,25,0.17270490520880855,0.011061753726501066,0.20724588625057025,5.126637655817296,0.8160659954963866,0.028623865906422137,4.928785455866799,0.8947629674551053,0.03283127399778331,4.954371363135876,0.8843827342775075,0.03225415064650501,0.06613817006414138,0.02558463191198685,0.06297921319062058,0.1691263204756025,0.18543594417442344,0.1832846835500446
random,7,2,26,0.17270490520880855,0.011061753726501066,0.20724588625057025,5.838674848501292,0.5560188242020905,0.0174736541520961,5.735795343238976,0.5920193334040009,0.018765215347628674,5.752478519795585,0.5861594646859709,0.0185494661887795,0.044839337269310185,0.011070902403450565,0.06837975519195841,0.11523261399376226,0.122693571428784,0.12147913774300388
random,7,2,27,0.17270490520880855,0.011061753726501066,0.20724588625057025,4.660899940531124,1.0,0.03953022725950786,4.449198392440984,1.0,0.045778106715022526,4.4873737712368476,1.0,0.044582651401808976,0.06487821740142488,0.04518597734692762,0.06852769215663572,0.20724588625057025,0.20724588625057025,0.20724588625057025
random,7,2,28,0.17270490520880855,0.011061753726501066,0.20724588625057025,5.460254573022388,0.6905490485649323,0.02271431213981041,5.3233288474985585,0.7410962385410939,0.024975738586867434,5.3344941894278035,0.7369274973756994,0.02478319176213786,0.04854340065013245,0.010016825693690707,0.06274383908974002,0.14311344956932745,0.153589146753413,0.15272519229604162
random,7,2,29,0.17270490520880855,0.011061753726501066,0.20724588625057025,5.549366565367987,0.6582705244668233,0.021353752605682084,5.394701454941902,0.7145955256504927,0.023770211414990746,5.4101265535169825,0.7089127988110309,0.023517417384940287,0.0473433601794835,0.012782935592412493,0.06055556158678591,0.13642385823575448,0.14809698302412846,0.1469192612639643
random,7,4,0,0.2656652758632301,0.018812783151437036,0.31879833103587607,5.8710639517582655,0.5447416747138449,0.01708573413031389,5.653647286287488,0.621024344256787,0.019864726129986635,5.6839752060682915,0.6102850275814748,0.0194514942153163,0.0631373268244679,0.0201507849936391,0.09503220310922875,0.17366273674446187,0.19798152448171305,0.19455784824915778
random,7,4,1,0.2656652758632301,0.018812783151437036,0.31879833103587607,5.681868558567193,0.611029776325599,0.019479918361140984,5.447290542021728,0.6952833632069314,0.022919342348510677,5.467097792882924,0.6880540708819342,0.02260682513928755,0.07213951165207665,0.015692260399769998,0.09293316387911352,0.1947952729058256,0.2216551757873806,0.21935048945960098
random,7,4,2,0.2656652758632301,0.018812783151437036,0.31879833103587607,6.085104580599648,0.47048708599812195,0.014729940565343881,5.854099643058345,0.5506454998187365,0.017287827077207066,5.8814974171814525,0.5411134319330437,0.016962617069323647,0.07409570059324135,0.016495956442033263,0.08219328708224005,0.149990497790134,0.17554486633462899,0.17250605900134947
random,7,4,3,0.2656652758632301,0.018812783151437036,0.31879833103587607,5.645903568650582,0.6237727132732436,0.019971637432008253,5.377726258773005,0.720867277538497,0.02405155099455514,5.423478807008368,0.704006045169065,0.02330076598858086,0.08287913297841999,0.03371646872980485,0.09789212910166727,0.1988576999372301,0.22981128497764852,0.22443595223906548
random,7,4,4,0.2656652758632301,0.018812783151437036,0.31879833103587607,6.114269519082029,0.4603531068686518,0.014435155718863136,5.951279338261845,0.5168884256739441,0.016161676393615265,5.963216482450234,0.5127495512222917,0.016028503196208174,0.05930862011782277,0.007204878888175947,0.0895910226462011,0.14675980215690648,0.16478316743661486,0.16346370116906106
random,7,4,5,0.2656652758632301,0.018812783151437036,0.31879833103587607,5.707069933501689,0.6021320218413937,0.019142592866462645,5.414248051534216,0.7073969995102771,0.023450328591129468,5.483047338528933,0.6822497954485122,0.02235827448092302,0.08980801091623906,0.04576837618334477,0.09541577447279151,0.19195868362629398,0.22551698282366278,0.2175000961385535
random,7,4,6,0.2656652758632301,0.018812783151437036,0.31879833103587607,6.056983474143399,0.4802457389464516,0.01501987405550698,5.946663110923152,0.5184892557394539,0.016213472134914152,5.957675673153715,0.514670553114056,0.01609018057008526,0.038492142534146186,0.006665056121786094,0.09963507823520057,0.1531015400632198,0.16529350938977144,0.16407611336607225
random,7,4,7,0.2656652758632301,0.018812783151437036,0.31879833103587607,5.875437773190432,0.543220433080738,0.017034013716138267,5.72156650341804,0.5970247925914403,0.01895120634277663,5.732308838091563,0.5932451596206859,0.01881061935666791,0.05256727369636163,0.0076217543524805306,0.106098783067421,0.17317776745072508,0.19033050746519123,0.18912556678218656
random,7,4,8,0.2656652758632301,0.018812783151437036,0.31879833103587607,5.776768568583632,0.5776440719466177,0.018239771057970915,5.574264257194025,0.649329407891535,0.02098839624852411,5.588318098309443,0.6442964016949274,0.02078493291365723,0.06541732649569218,0.01072481580021356,0.0922288351947533,0.18415196606934925,0.207005131528335,0.20540061755276326
random,7,4,9,0.2656652758632301,0.018812783151437036,0.31879833103587607,5.6139187556172025,0.6351530703520444,0.02041935696180091,5.415527060079037,0.7069268278330623,0.023429548122191127,5.431337806286106,0.7011232469920551,0.02317418148352132,0.06814525627246532,0.013093055630853051,0.10213459826594663,0.20248573878054413,0.22536709287766635,0.22351692099152148
random,7,4,10,0.2656652758632301,0.018812783151437036,0.31879833103587607,5.6023157871498945,0.6392931879514884,0.020584243130036782,5.36201091998286,0.7266906405962203,0.024314977722817033,5.394127872833319,0.7148071354760729,0.02377966377898465,0.0703019775765228,0.02541205168155038,0.09794495662041283,0.20380560136153913,0.2316677634014667,0.2278793218023074
random,7,4,11,0.2656652758632301,0.018812783151437036,0.31879833103587607,5.819416617586337,0.5627353205750332,0.01770847003195892,5.604782040528167,0.6384126542158838,0.020549084908217802,5.611539760546757,0.636001412087372,0.02045305613053535,0.06618017516483543,0.005342341968035863,0.0868572577284977,0.17939908101425928,0.2035248886762076,0.20275618870991466
random,7,4,12,0.2656652758632301,0.018812783151437036,0.31879833103587607,5.744352802457199,0.5890123926123143,0.018654237457840096,5.519945224722358,0.6688783977853181,0.021793697219495447,5.548124827597494,0.6587172951764271,0.02137213984264213,0.06598456813144633,0.020298996770351074,0.0987142001045203,0.18777616772425398,0.21323731687991024,0.2099979743267115
random,7,4,13,0.2656652758632301,0.018812783151437036,0.31879833103587607,4.792254652411708,0.9512528141904752,0.03609005989079059,4.4771155483190075,1.0,0.0449007841797584,4.542153763511812,1.0,0.04292155743932935,0.09270426783638425,0.07073487005364033,0.11759035386673247,0.30325780955710385,0.31879833103587607,0.31879833103587607
random,7,4,14,0.2656652758632301,0.018812783151437036,0.31879833103587607,5.671383116004059,0.6147393144918223,0.019622013274433612,5.429031028058975,0.7019690061535859,0.023211265175007913,5.463509433770715,0.6893620053360217,0.02266312420002816,0.06909236517673337,0.025661521222010316,0.09462015299515586,0.1959778674821315,0.22378654760067582,0.2197674567806684
random,7,4,15,0.2656652758632301,0.018812783151437036,0.31879833103587607,5.756820117893379,0.5846360360414448,0.018493727957445423,5.574925751724493,0.6490922892890868,0.02097877500045461,5.5905045416283645,0.643514267596802,0.020753456643770263,0.06268423713189122,0.011867707462007545,0.1021515999025385,0.18638099255344287,0.20692953851361692,0.20515127450763462
random,7,4,16,0.2656652758632301,0.018812783151437036,0.31879833103587607,6.151177003836395,0.44750166987715845,0.014070554516963915,6.016979239226388,0.4941153070398131,0.015442185520345274,6.024965122323043,0.49134731040152785,0.015356943107462979,0.043864292553827317,0.004837250224014412,0.08205102086454218,0.1426627854926057,0.1575231352235719,0.15664070251497364
random,7,4,17,0.2656652758632301,0.018812783151437036,0.31879833103587607,5.842796375273615,0.5545825449335602,0.01742380622328076,5.653546310614558,0.6210601653495399,0.019866116530749933,5.671836629049308,0.6145787770800998,0.01961584603866472,0.06116563163896963,0.013171645214944147,0.09569198045679228,0.17679998974644773,0.19799294418629854,0.19592668842320554
random,7,4,18,0.2656652758632301,0.018812783151437036,0.31879833103587607,5.660426139532442,0.6186205514169386,0.01977160583235616,5.493422708059689,0.6784820284169215,0.022198058215148135,5.507733765126343,0.6732951654347493,0.02197894936868145,0.05977862234982032,0.011517885904920047,0.10853337701204144,0.1972151993362134,0.2162989382971504,0.21464537503512215
random,7,4,19,0.2656652758632301,0.018812783151437036,0.31879833103587607,5.159414432487709,0.8033607044403239,0.02798088816996417,4.880616430904841,0.9144783346405442,0.03394595701646697,4.910385988766178,0.9022668405015799,0.033252670358396984,0.08529268391558806,0.03198568744085452,0.0816078213268302,0.256110051795381,0.29153416685187283,0.2876411629009167
random,7,4,20,0.2656652758632301,0.018812783151437036,0.31879833103587607,5.333675660800997,0.7372328101971671,0.024797256763475384,5.041248896153946,0.8495959714268423,0.030369166083272496,5.0670658072729475,0.8393911310764957,0.029830545966558708,0.09126896741704821,0.025253314584323953,0.09689900251268513,0.23502858947574568,0.2708497777456812,0.2675964916735031
random,7,4,21,0.2656652758632301,0.018812783151437036,0.31879833103587607,5.851752282063017,0.551462881290509,0.017315978420038437,5.6179267505724875,0.6337244335105192,0.02036270805088214,5.633868987824188,0.6280492298982815,0.020138932349244514,0.06932326459786337,0.011581543689847144,0.08368602364514928,0.1758054461836497,0.20203029173980955,0.20022104629993936
random,7,4,22,0.2656652758632301,0.018812783151437036,0.31879833103587607,5.745400478403645,0.588644430181422,0.018640695786987842,5.578489784562164,0.6478151097175615,0.020927013011824258,5.589768830049193,0.6437774199440943,0.020764042700933585,0.0613932971733524,0.008801253628319655,0.10083429351759012,0.1876588619154016,0.20652237579778154,0.2052351670367596
random,7,4,23,0.2656652758632301,0.018812783151437036,0.31879833103587607,5.578652151218191,0.6477569404599054,0.020924657934811797,5.391343324035105,0.7158347358047676,0.023825605280771295,5.4106433067398605,0.70872268839716,0.023508995282778063,0.06718954127196003,0.01600717642366365,0.11188809620683343,0.20650383153552318,0.2282069190720672,0.22593961022827386
random,7,4,24,0.2656652758632301,0.018812783151437036,0.31879833103587607,5.690133669740194,0.6081088894540237,0.01936863816978144,5.464442242543449,0.6890219283495891,0.02264847555458082,5.4900559407911285,0.6797039719003072,0.022249921544282923,0.07156688014901899,0.019626012438434155,0.09984608138009862,0.19386409904602284,0.21965904080496998,0.21668849184027394
random,7,4,25,0.2656652758632301,0.018812783151437036,0.31879833103587607,5.729556276642769,0.5942132402303296,0.018846542964532108,5.572116469665855,0.6500994541515641,0.02101966563400505,5.581304857926431,0.646806772456227,0.020886218777976293,0.05129620882239183,0.007344525762089597,0.09974934126676699,0.18943418926484917,0.20725062099085267,0.20620091956174683
random,7,4,26,0.2656652758632301,0.018812783151437036,0.31879833103587607,6.151120189939262,0.4475214812930669,0.01407110863183565,5.952293889409413,0.5165366189676555,0.016150314960454278,5.9790189083446466,0.5072717458281177,0.015853894503609578,0.06201914834853466,0.015188727389657057,0.07987529950609709,0.14266910133893276,0.1646710120458028,0.16171738595165908
random,7,4,27,0.2656652758632301,0.018812783151437036,0.31879833103587607,5.714061024088205,0.5996680424586743,0.019050055035819326,5.476930453580927,0.6844740488923999,0.02245327261272361,5.503612436322063,0.674787696963486,0.022041826124165168,0.0726636598643342,0.02039251901186755,0.0925208323088234,0.19117317111137624,0.21820918442426573,0.21512119159550183
random,7,4,28,0.2656652758632301,0.018812783151437036,0.31879833103587607,5.98171255126137,0.5063381149027272,0.01582432145635148,5.838707338741265,0.5560075004035172,0.017473260640780225,5.850337658812564,0.5519555284475219,0.017332965793243227,0.05087051237643145,0.007720590355380943,0.09782586872317568,0.16141974597084108,0.17725426317207046,0.17596250127509502
random,7,4,29,0.2656652758632301,0.018812783151437036,0.31879833103587607,5.760046640389612,0.5835042768236098,0.018452413783482623,5.571965010989112,0.650153765459292,0.021021872460653006,5.577719613219421,0.6480910482896256,0.020938187714785807,0.061513159118044926,0.004734372674127452,0.10243979567431977,0.18602018960366265,0.2072679353451127,0.206610344554024
random,7,8,0,0.4214228254608393,0.029310997228705667,0.5057073905530072,5.863956221756185,0.5472145660329216,0.01717011816495621,5.625139252865337,0.6311554428967688,0.020261162284319262,5.645856468459849,0.6237894379093478,0.01997228946397688,0.08048490504610678,0.014769312153141865,0.16548997679581628,0.27673045026110504,0.3191799720606525,0.31545492889966337
random,7,8,1,0.4214228254608393,0.029310997228705667,0.5057073905530072,5.869957468574401,0.545126573422645,0.017098843157859825,5.714975134417904,0.5993460034805274,0.019037988496502508,5.723166837813369,0.5964614601450425,0.018930196044948628,0.058000972116457265,0.006024798803378855,0.1811660232749051,0.2756745369666681,0.30309370345851105,0.30163496857538596
random,7,8,2,0.4214228254608393,0.029310997228705667,0.5057073905530072,6.0733229527361035,0.4745768201330469,0.014850723693987324,5.82758281170651,0.5598861774253154,0.01760851661474787,5.878708863162738,0.542082959008137,0.016995435451469296,0.07915087182528883,0.02913777947239484,0.15828557500896198,0.23999700532642698,0.28313857779245427,0.2741353586632577
random,7,8,3,0.4214228254608393,0.029310997228705667,0.5057073905530072,5.958234123071732,0.5144769292332249,0.01608395345978902,5.763781269390596,0.5821947099699614,0.018404708759906484,5.787391371284867,0.5739257606309845,0.018105961834870444,0.07099801361160024,0.015480350993632881,0.16750014414743658,0.2601747853822583,0.294420167572674,0.29023849877984503
random,7,8,4,0.4214228254608393,0.029310997228705667,0.5057073905530072,5.9447784130837835,0.5191428880178477,0.016234666818109734,5.725426949206266,0.5956660382278295,0.01890056340931369,5.745851920139794,0.5884858872903249,0.01863486373562128,0.06975705743556775,0.013950148153367467,0.16202270174744804,0.2625343952236578,0.30123271783324346,0.2976016624388613
random,7,8,5,0.4214228254608393,0.029310997228705667,0.5057073905530072,5.86598655539623,0.5465080803433273,0.017145971308767147,5.680796333686581,0.6114089016246399,0.019494401405807767,5.694578632371057,0.6065391653801409,0.019309054973126183,0.06620213494150085,0.010021266047096602,0.17400359309147165,0.27637317522655724,0.3091940002014769,0.3067313385925899
random,7,8,6,0.4214228254608393,0.029310997228705667,0.5057073905530072,6.0527682961517195,0.48170770805215835,0.015063822374901982,5.850929789747418,0.5517493116674775,0.017325853216422975,5.8691454184062035,0.5454090662315038,0.017108470297735028,0.07392644821612036,0.01151533642600933,0.15570930934029287,0.2436031480483268,0.2790237046427779,0.27581739566788605
random,7,8,7,0.4214228254608393,0.029310997228705667,0.5057073905530072,5.918666028387748,0.5282025427332285,0.016531185192182753,5.711943340266522,0.6004142172266365,0.01907803850774608,5.735970184378718,0.5919578719310891,0.018762941316911988,0.07590338450969018,0.016036043486735214,0.1627442071490138,0.26711592956908425,0.30363390704460874,0.29935747073158225
random,7,8,8,0.4214228254608393,0.029310997228705667,0.5057073905530072,5.933581232461523,0.5230268545315844,0.016361159080037598,5.704631605856014,0.6029918341099488,0.019174973500102502,5.739040217602547,0.59087884413075,0.01872305651379035,0.07856492170926606,0.022663291108125143,0.17229037795413854,0.2644985457943148,0.304937426952514,0.29881179839833866
random,7,8,9,0.4214228254608393,0.029310997228705667,0.5057073905530072,6.0958299781385765,0.4667621277057729,0.014620840120638133,5.91708756956334,0.5287504343115877,0.016549281930771646,5.940740483910244,0.5205433880265159,0.01628016933806637,0.060966750333326436,0.013841063096369071,0.17016975312245486,0.2360450576110559,0.26739300238948227,0.2632426384285108
random,7,8,10,0.4214228254608393,0.029310997228705667,0.5057073905530072,5.784739212573869,0.5748537844142978,0.0181392772954825,5.450697260370878,0.6940382800499528,0.022865285442959273,5.498869523487106,0.6765065245300612,0.022114408679116945,0.1010283530600624,0.03396503109146126,0.17066914676241673,0.29070780726567547,0.35098028754795885,0.3421143492121812
random,7,8,11,0.4214228254608393,0.029310997228705667,0.5057073905530072,6.028503292615139,0.49012085915724607,0.015319326768157407,5.903154229499592,0.5335882098631122,0.01670988680327877,5.911458509993241,0.5307045733188476,0.016613979504423126,0.047944605195936345,0.0053245690833933785,0.16942938282689857,0.24785774074000885,0.26983950123972483,0.26838122492762145
random,7,8,12,0.4214228254608393,0.029310997228705667,0.5057073905530072,6.088311446522342,0.46937353222901235,0.014697234773660615,5.926036413791003,0.5256446454172653,0.01644694666424508,5.93484644311322,0.5225879296387504,0.016346817006378613,0.053628662560749836,0.005646756864384308,0.16055088117450866,0.23736566417818164,0.26582238199212593,0.264276578232111
random,7,8,13,0.4214228254608393,0.029310997228705667,0.5057073905530072,6.167733435239625,0.44172401253761623,0.01391000322663538,5.97988140616335,0.5069727969577585,0.015844419276724146,5.995382471104082,0.5016003162934157,0.01567508991580171,0.06835740152689855,0.008826584532237386,0.14919467815369633,0.22338309772500173,0.2563798902308676,0.2536629870533063
random,7,8,14,0.4214228254608393,0.029310997228705667,0.5057073905530072,5.818752301485093,0.5629671708551852,0.017716626108146602,5.588695549547929,0.6441613630960324,0.02077949567830433,5.619101877750332,0.633305705477829,0.020346128643461588,0.07794161238675382,0.021181823196290788,0.174349422103699,0.28469665894018464,0.32575716202636273,0.32026737573952424
random,7,8,15,0.4214228254608393,0.029310997228705667,0.5057073905530072,5.961703262599519,0.5132741663618307,0.01604532405795101,5.704439539471999,0.6030595709077872,0.019177526439483887,5.740287030034898,0.5904407188989123,0.018706882579183258,0.07430863705915652,0.022426503505759015,0.16103539438457626,0.2595665393091115,0.30497168195179325,0.29859023523061057
random,7,8,16,0.4214228254608393,0.029310997228705667,0.5057073905530072,6.014641310627407,0.4949256206358375,0.015467230311305279,5.810867242342302,0.5657199742541635,0.01781372153969161,5.838789732273668,0.5559787839578331,0.017472262756600965,0.073202234566161,0.017032691829211192,0.16868420471766818,0.25028754412957693,0.28608877196378746,0.28116258003814987
random,7,8,17,0.4214228254608393,0.029310997228705667,0.5057073905530072,6.09846755209277,0.46584578826096007,0.014594134326264852,5.950491210715723,0.5171617229996066,0.016170507741747556,5.963236300308396,0.5127426806998028,0.01602828301910062,0.04947771006505315,0.007829156578511194,0.16408816811121674,0.2355816579815588,0.26153250543202816,0.25929776308185104
random,7,8,18,0.4214228254608393,0.029310997228705667,0.5057073905530072,5.843546412557795,0.5543212117357551,0.01741475018063112,5.605048946857647,0.638317377330399,0.020545283568811218,5.631440704010466,0.6289129134995893,0.020172857898954434,0.08201426334233206,0.01850344026982755,0.16696561585107547,0.2803243335150697,0.32280181523439533,0.31804590837096647
random,7,8,19,0.4214228254608393,0.029310997228705667,0.5057073905530072,5.9991085024501665,0.5003089695262258,0.015634658280887313,5.80648010650984,0.5672523045667435,0.0178679742823838,5.83677973963834,0.5566793674066582,0.01749662244050866,0.06495589971642311,0.018605063188295967,0.17123411426676036,0.25300994344937167,0.2868636827276275,0.28151687026591987
random,7,8,20,0.4214228254608393,0.029310997228705667,0.5057073905530072,6.155233720742988,0.4460868102978013,0.01403104507255208,5.986890558090126,0.5045434484513972,0.015767627855475867,5.9938556707473385,0.5021294686660073,0.01569168760321271,0.06121623008166673,0.004313299210273538,0.14954063603602047,0.2255893967958154,0.25515135073697176,0.25393058331885454
random,7,8,21,0.4214228254608393,0.029310997228705667,0.5057073905530072,5.929418360535088,0.5244711500956617,0.016408437102583315,5.706495809511165,0.6023344512462458,0.019150212223691128,5.745480293473032,0.5886163992359642,0.018639664545297252,0.07250683894930324,0.024548996107895897,0.15587371837755357,0.26522893673521164,0.3046049835799165,0.29766766329432653
random,7,8,22,0.4214228254608393,0.029310997228705667,0.5057073905530072,6.159360376194444,0.4446470349315536,0.013990968302294446,6.023331343224261,0.49191361579891807,0.015374343919011425,6.039401786849288,0.48634264782126985,0.015204036596556366,0.051507261965317686,0.009108471426647974,0.15395692120167512,0.2248612917523678,0.24876435102316538,0.24594707134433452
random,7,8,23,0.4214228254608393,0.029310997228705667,0.5057073905530072,6.049617109904833,0.48280053938752665,0.015096761276027708,5.82236006187135,0.5617081756945976,0.01767237733256728,5.8679641042940505,0.545820039796783,0.017122484870117555,0.06936095412398188,0.02593357748683802,0.16353816240482963,0.24415580093125047,0.28405997578280506,0.2760252280371696
random,7,8,24,0.4214228254608393,0.029310997228705667,0.5057073905530072,5.983289260928953,0.50579162922846,0.015807036631174373,5.767558825566725,0.5808705428972425,0.01835658086267929,5.794714713511631,0.5713642918069646,0.01801428606100232,0.0797184135339773,0.01739460499196041,0.16487823195337997,0.25578256498067864,0.29375052649767314,0.288943145064867
random,7,8,25,0.4214228254608393,0.029310997228705667,0.5057073905530072,5.841742528954392,0.5549497548786352,0.01743653845124554,5.637242339582914,0.6268498491579968,0.020091897918418852,5.662514446417161,0.6178804300293289,0.01974300705666339,0.06529716422723188,0.017853959763067848,0.17530818079912985,0.28064219242770555,0.3170026014862367,0.31246669994390186
random,7,8,26,0.4214228254608393,0.029310997228705667,0.5057073905530072,6.002343328353078,0.4991878639219292,0.01559964135896683,5.760797379792424,0.5832409902005236,0.018442814145315223,5.773867329413004,0.5786601872272219,0.01827648788380761,0.07830278191903065,0.009050877950577059,0.15852430702590306,0.25244299205968845,0.2949492792178588,0.29263273329959294
random,7,8,27,0.4214228254608393,0.029310997228705667,0.5057073905530072,6.012136473741958,0.4957937687956744,0.015494108161769332,5.8352006091950335,0.5572298398418181,0.017515784200316818,5.853007664433793,0.5510257262902876,0.01730091721980434,0.06445817268948766,0.011319864929346828,0.17575004384327744,0.25072657307010143,0.28179524824467594,0.2786577821698369
random,7,8,28,0.4214228254608393,0.029310997228705667,0.5057073905530072,5.973768679587909,0.5090915770975029,0.015911694808488207,5.781498302139806,0.5759881020518591,0.018180071678290714,5.802468040281839,0.568654086068588,0.01791773342507816,0.06941959633000523,0.013383186366886748,0.1799606675625894,0.25745137300649323,0.2912814400782249,0.2875725739930508
random,7,8,29,0.4214228254608393,0.029310997228705667,0.5057073905530072,5.736172606101085,0.5918867164572403,0.018760308909954174,5.472303981509255,0.686157811072522,0.02252539192799484,5.50464182166262,0.6744148171091962,0.022026104548013452,0.08469818245226193,0.02432084765267596,0.1745961756999222,0.29932148688257865,0.34699507614504843,0.34105655731057516
random,7,16,0,0.6408335526458063,0.03628670358090569,0.7690002631749676,6.039621084270632,0.48626661581301367,0.015201725676695033,5.603100902420039,0.6390128442766386,0.020573044223453737,5.6530198014842625,0.6212469514698282,0.019873367959704846,0.11733527224123086,0.03262842300377361,0.25260667926645713,0.3739391555334084,0.4914010454209197,0.47773906917694425
random,7,16,1,0.6408335526458063,0.03628670358090569,0.7690002631749676,6.118530468998981,0.4588711324905602,0.014392584882286539,5.724892363442329,0.5958541632805566,0.018907568246836634,5.784598328330887,0.5749030873788007,0.018141048746177404,0.1044653031595377,0.03466712024540765,0.2333879949267845,0.35287202164863624,0.45821200837664816,0.44210062549439916
random,7,16,2,0.6408335526458063,0.03628670358090569,0.7690002631749676,6.0093508045421435,0.4967592352963586,0.015524054307881969,5.62561961112601,0.6309844314144232,0.020254417271480717,5.689115696444759,0.6084684933610897,0.019382309606659827,0.09825113840620678,0.03962252663025425,0.2524349840513168,0.3820079826774954,0.48522719381699875,0.467912431528354
random,7,16,3,0.6408335526458063,0.03628670358090569,0.7690002631749676,5.9968019977682205,0.5011083440213631,0.015659674138994772,5.547586563726513,0.6589109849933794,0.021380115192029547,5.630779783194441,0.6291480337849482,0.020182101512983323,0.11793007471464685,0.05080562336220691,0.25267645017085977,0.3853524484316004,0.5067027208687859,0.4838150035566386
random,7,16,4,0.6408335526458063,0.03628670358090569,0.7690002631749676,6.030445807062155,0.48944749144666727,0.015298713965107357,5.638951360925728,0.6262424088123905,0.020068111081098287,5.694899421942739,0.6064259096665209,0.019304761997339603,0.1002027711648659,0.03515668318668058,0.2530490769939917,0.37638524973281484,0.4815805771880539,0.4663416841296737
random,7,16,5,0.6408335526458063,0.03628670358090569,0.7690002631749676,6.098316684652345,0.46589820565270657,0.014595660563450364,5.612100529773475,0.6358014196223365,0.020445107662305576,5.727196824279344,0.5950432782634073,0.01887739071895196,0.1176801237250465,0.0645112549783451,0.2502591556939351,0.35827584275967655,0.4889314590165948,0.4575884375850557
random,7,16,6,0.6408335526458063,0.03628670358090569,0.7690002631749676,6.083762620750526,0.4709530209184832,0.014743648372257664,5.7061667186235,0.6024504904903163,0.019154581046625707,5.795790651949919,0.5709880925875603,0.018000856308649386,0.09848809431303096,0.04997231749644122,0.2703012791388744,0.3621629970293596,0.46328458573694153,0.4390899934696067
random,7,16,7,0.6408335526458063,0.03628670358090569,0.7690002631749676,6.043990562830756,0.48475161434499897,0.015155753987815082,5.628577792016866,0.629931527831754,0.020212929054888994,5.6883903182384055,0.6087247617962191,0.019392057363245743,0.10918878931891252,0.0379860920952632,0.26012172558764246,0.3727741190057946,0.48441751068482825,0.46810950202241197
random,7,16,8,0.6408335526458063,0.03628670358090569,0.7690002631749676,5.9268867391871,0.5253495805086257,0.016437255679393404,5.4215070507779055,0.7047299243202066,0.023332633319761382,5.485161031560513,0.6814817115510075,0.022325541349327828,0.13028948680581243,0.045047677306266756,0.24539075323636073,0.40399396566999196,0.5419374972695139,0.5240596155316521
random,7,16,9,0.6408335526458063,0.03628670358090569,0.7690002631749676,6.133687405024628,0.45359605246357726,0.014242168087829386,5.742091279448483,0.5898068071583195,0.018683502180321596,5.808952367906556,0.5663887346062358,0.017837381209026656,0.10513412362136504,0.03761525843337435,0.24761705587166763,0.34881548371961735,0.453561589927135,0.43555308597153225
random,7,16,10,0.6408335526458063,0.03628670358090569,0.7690002631749676,6.186808157983682,0.4350559073724512,0.013727301329364588,5.832645905121561,0.5581205140869048,0.017546828382644715,5.895397101680926,0.5362827619176154,0.016799975022812053,0.09866304065105587,0.03449835656555359,0.23665318534831745,0.3345581072652393,0.429194822216178,0.41240158505084473
random,7,16,11,0.6408335526458063,0.03628670358090569,0.7690002631749676,5.9241043781315295,0.5263150972371242,0.01646898692436636,5.39873945331673,0.7131064065344591,0.023703773345015288,5.482474395693711,0.6824580390040476,0.022367155468789066,0.13842601794186365,0.05452417239132042,0.27788654833903836,0.4047364482883072,0.5483790142967545,0.5248104115999849
random,7,16,12,0.6408335526458063,0.03628670358090569,0.7690002631749676,5.9507508078878635,0.5170717025016556,0.01616759829774877,5.497146049514335,0.6771314272459846,0.022140842805130755,5.545888212417744,0.6595222232515444,0.021405298842583124,0.1165454637495044,0.03400002175280918,0.24586385382931555,0.3976282753041017,0.5207142457562036,0.5071727632501773
random,7,16,13,0.6408335526458063,0.03628670358090569,0.7690002631749676,5.8247822763966255,0.5608630825627989,0.017642731168182657,5.3261421643200935,0.7400450210830571,0.024927082288431955,5.4000302389435575,0.7126306186818656,0.02368257495884058,0.11968554163535772,0.051514429233977685,0.2807309979594883,0.431303858095916,0.5690948159741954,0.5480131333128947
random,7,16,14,0.6408335526458063,0.03628670358090569,0.7690002631749676,5.8343490262705044,0.5575267192775077,0.017526126334635656,5.34510567535305,0.7329736076390696,0.024601572171732273,5.417833266051146,0.7060793149235678,0.023392124967591715,0.11729430497585239,0.051188669748584444,0.254812795195022,0.42873819385147977,0.56365689717475,0.5429751789986245
random,7,16,15,0.6408335526458063,0.03628670358090569,0.7690002631749676,6.01396255726204,0.4951608703038827,0.01547450898375308,5.587942333375871,0.644430843973654,0.020790347270768623,5.650074910994671,0.6222919123337581,0.01991397575487518,0.10618218996893025,0.03989183998660447,0.2524404813621239,0.3807788395776318,0.49556748861380645,0.4785426443563139
random,7,16,16,0.6408335526458063,0.03628670358090569,0.7690002631749676,6.117171642381147,0.4593437812060261,0.0144061471666453,5.7015309287998575,0.6040855346383445,0.019216229161227952,5.7707356619941805,0.5797572971942708,0.01831620386406269,0.11063539763672026,0.040411144671195706,0.24870895481404787,0.3532354886352188,0.4645419351170779,0.44583351412000216
random,7,16,17,0.6408335526458063,0.03628670358090569,0.7690002631749676,5.874433638597091,0.5435696456300517,0.017045873739074374,5.4102719336409,0.7088593126053352,0.023515047658353383,5.491803499802978,0.6790696266882619,0.02222298618407923,0.11944026277077291,0.05277641737549062,0.2715970718615567,0.41800520054343365,0.5451129979475294,0.5222047216374004
random,7,16,18,0.6408335526458063,0.03628670358090569,0.7690002631749676,5.728934547437326,0.5944319407202108,0.01885466662963738,5.272513432057993,0.7601815448297515,0.02587112440936711,5.3320346039938125,0.7378450686225531,0.024825479540331874,0.10800734297910594,0.04473040492977029,0.27529527946619475,0.45711831885344884,0.5845798080348323,0.5674030519530954
random,7,16,19,0.6408335526458063,0.03628670358090569,0.7690002631749676,6.169924953917336,0.44095856844520664,0.013888889346413937,5.803097684966298,0.5684340645538156,0.017909915179536606,5.856730305129311,0.54972960782832,0.017256332553846204,0.0949239887025066,0.03034585158067824,0.2454847539815667,0.3390972551836209,0.43712594523950077,0.42274221309504983
random,7,16,20,0.6408335526458063,0.03628670358090569,0.7690002631749676,6.16456558503248,0.44283017714837825,0.013940580181039502,5.809250264755179,0.5662846892037997,0.017833698413332627,5.855647891020726,0.550106443809688,0.01726928436002942,0.09598471441134046,0.027049655905853474,0.24294972667978976,0.3405365227689204,0.4354730750296767,0.4230320000638956
random,7,16,21,0.6408335526458063,0.03628670358090569,0.7690002631749676,5.944499734607199,0.5192395391316899,0.016237803093677804,5.448888150261392,0.6946993831291528,0.022893976028750793,5.541950914749761,0.6609398497088077,0.021463796404159415,0.13129495355910645,0.05744256716976854,0.2654107796324,0.3992953422431184,0.5342240084538061,0.5082629183688967
random,7,16,22,0.6408335526458063,0.03628670358090569,0.7690002631749676,5.899343123440212,0.5349119390662629,0.016754086954863415,5.347343324457672,0.7321408435734833,0.024563444213390365,5.4281061550037055,0.7023081959264469,0.02322615006454564,0.11413132569950084,0.056648818583641875,0.24926717506614587,0.4113474219173884,0.5630165013891515,0.5400751874973744
random,7,16,23,0.6408335526458063,0.03628670358090569,0.7690002631749676,5.946534192222745,0.5185339650848156,0.01621492102958065,5.535937657368893,0.6631065257230138,0.021553445764263934,5.584618917407529,0.6456202093935188,0.020838295461791598,0.10277753633562503,0.03264301734207177,0.2590324077457918,0.3987527556153827,0.509929092794036,0.4964821109346937
random,7,16,24,0.6408335526458063,0.03628670358090569,0.7690002631749676,6.120706985977324,0.4581139745895985,0.01437088792857123,5.759303944546617,0.5837647604583175,0.0184619154860299,5.821250671961639,0.562095282897999,0.017685972095505674,0.09440501606261426,0.03562708692537417,0.22860027998360027,0.3522897670235317,0.4489152544247181,0.4322514204779691
random,7,16,25,0.6408335526458063,0.03628670358090569,0.7690002631749676,6.015774230806533,0.4945329583636321,0.015455088965871434,5.622222691502831,0.6321939906793554,0.02030216380784653,5.671008319981725,0.6148719935997379,0.01962711151604113,0.10382771579649637,0.031074565018130197,0.2705291263472255,0.38029597513032837,0.4861573452100574,0.4728367248971154
random,7,16,26,0.6408335526458063,0.03628670358090569,0.7690002631749676,6.1020805875899615,0.46459034891671414,0.014557631009579818,5.70942321658502,0.6013024122111191,0.019111393466590958,5.76865616910979,0.58048596959824,0.018342623778137772,0.10619666701084113,0.035571490911247276,0.2511282187849685,0.3572701005855032,0.4624017132380935,0.44639386339042275
random,7,16,27,0.6408335526458063,0.03628670358090569,0.7690002631749676,5.897836315418251,0.5354353661915187,0.01677159473027018,5.492562066447245,0.6787943298862245,0.022211304446427767,5.535481804256238,0.6632708563763857,0.021560257153695753,0.10627578444367387,0.029698273020915822,0.2689459755386058,0.411749937514463,0.5219930183241824,0.5100554631097267
random,7,16,28,0.6408335526458063,0.03628670358090569,0.7690002631749676,6.063728594821428,0.477905919464989,0.014949814620614892,5.609031388587216,0.6368961786057215,0.020488648197580346,5.687366982593017,0.6090863310886084,0.019405817459968187,0.11667767338765307,0.04726126733093749,0.2615728088300122,0.36750977784145145,0.48977332896293096,0.46838754890341533
random,7,16,29,0.6408335526458063,0.03628670358090569,0.7690002631749676,6.080884223338975,0.47195232204459536,0.014773093571352671,5.683550870284511,0.6104350257153774,0.01945721626937917,5.762673531666194,0.582583097242231,0.01841884578726096,0.09849539805290725,0.043421970165683804,0.26316747934288753,0.3629314598583309,0.46942469542634335,0.4480065551005634
random,8,2,0,0.19548510117202833,0.012826690454710013,0.23458212140643397,4.85693623899463,1.0,0.034507739035936374,4.61879430952981,1.0,0.04070093339587779,4.666365473771389,1.0,0.039380753510596875,0.0785442456681763,0.07835176632245489,0.0910738640441674,0.23458212140643397,0.23458212140643397,0.23458212140643397
random,8,2,1,0.19548510117202833,0.012826690454710013,0.23458212140643397,6.600529682718901,0.6399310685125129,0.010304871444493227,6.402583018428793,0.7116899737218657,0.011820353417128593,6.411627754533204,0.7083605632646668,0.011746479493572437,0.0629249571712164,0.008050164146749429,0.061731937931756554,0.15011638760555132,0.1669497438193645,0.16616872365128202
random,8,2,2,0.19548510117202833,0.012826690454710013,0.23458212140643397,6.578834510801051,0.6476916101407896,0.010461006591355758,6.3560399508883245,0.7289075689419529,0.012207910063451058,6.378938153046163,0.7204188929827781,0.012015677833852052,0.0633427164955925,0.019038893850005394,0.05748328832404574,0.1519368719239754,0.17098868383160984,0.1689973922171748
random,8,2,3,0.19548510117202833,0.012826690454710013,0.23458212140643397,6.424957295903799,0.703463417158893,0.011638449676263544,6.176291800797597,0.7968530295397798,0.01382773047948008,6.210016607455136,0.7839179034325008,0.01350823873940637,0.06899770562215908,0.028610895637791685,0.06202592221813004,0.16501994072895235,0.18692747411858535,0.1838931247956801
random,8,2,4,0.19548510117202833,0.012826690454710013,0.23458212140643397,6.361438105356109,0.7269032128399673,0.012162316888079169,6.10333196723918,0.8251548930669382,0.014545009336754849,6.137055771386893,0.8120179165366354,0.014208954637132782,0.06958856359700248,0.029261250302198852,0.05650280197463747,0.17051849772515212,0.19356658530454154,0.19048488548119658
random,8,2,5,0.19548510117202833,0.012826690454710013,0.23458212140643397,5.98946254123121,0.8702475217876359,0.01573954295589878,5.7772079178688545,0.9575958990177378,0.018234217278368586,5.805752802737018,0.9455828867972894,0.017876984309435868,0.06633617258991877,0.03113568586537536,0.08031032021173153,0.2041445098096355,0.22463487744168226,0.22181683955052806
random,8,2,6,0.19548510117202833,0.012826690454710013,0.23458212140643397,6.22024409089121,0.7800129404410052,0.013412815425865988,6.014881350656394,0.8600802582134338,0.015464657040132609,6.034815796159508,0.8521481026390317,0.015252443575489091,0.06320049773790466,0.020041596818505814,0.07538133549722811,0.18297709029312145,0.20175945155150082,0.19989870966953172
random,8,2,7,0.19548510117202833,0.012826690454710013,0.23458212140643397,6.801119953908571,0.5691251947759307,0.00896724198951158,6.622239121835845,0.6321881389624077,0.010150966297574258,6.636804149121681,0.6270056169988354,0.01004900068356391,0.05433380481153306,0.010724038355211213,0.06397758182993446,0.13350659553638777,0.14830003476578707,0.14708430776933684
random,8,2,8,0.19548510117202833,0.012826690454710013,0.23458212140643397,6.624819333541676,0.6312693426828485,0.010132827859550556,6.430747625092501,0.7013395998709969,0.011591831786675158,6.457412641180028,0.6915860181651869,0.01137955032064966,0.0568522406118346,0.020161319495741455,0.06547229731801466,0.14808450158538775,0.16452173116407803,0.16223371527621813
random,8,2,9,0.19548510117202833,0.012826690454710013,0.23458212140643397,6.682764696461202,0.6107129488936862,0.009733911030412847,6.469964979740072,0.6870095509401397,0.011280970673171443,6.496893911511539,0.6772228624755918,0.011072356335306786,0.05496096043441745,0.020693822339054986,0.06278859605740657,0.14326233912186,0.16116015788601953,0.15886437574446202
random,8,2,10,0.19548510117202833,0.012826690454710013,0.23458212140643397,6.605467944092819,0.6381678158032271,0.010269658767610337,6.448592732137472,0.6948073567354184,0.011449332233963421,6.471023205963079,0.6866241611416627,0.011272699041617061,0.0550249971237404,0.017662689478701303,0.07578804412968451,0.14970276004443142,0.1629893837117914,0.1610697523295244
random,8,2,11,0.19548510117202833,0.012826690454710013,0.23458212140643397,6.254668890946579,0.76692860222447,0.013096554389218426,6.005410902661568,0.8638613734917268,0.015566507384547072,6.038138301743708,0.850829537331476,0.01521735783743271,0.06485024775276572,0.03147926285958929,0.06358195592231317,0.17990773847708733,0.20264643359476506,0.19958939782247237
random,8,2,12,0.19548510117202833,0.012826690454710013,0.23458212140643397,5.498637019205703,1.0,0.02211797291749864,5.19429876965033,1.0,0.02731242513537138,5.243965622678052,1.0,0.02638815651584455,0.08165708619159726,0.06083581241925541,0.0786869603785188,0.23458212140643397,0.23458212140643397,0.23458212140643397
random,8,2,13,0.19548510117202833,0.012826690454710013,0.23458212140643397,5.761430483834809,0.9642729101417595,0.018434722581769654,5.518247053296872,1.0,0.021819365308007488,5.564818564405612,1.0,0.02112626347108248,0.07041892481813859,0.05061184539398006,0.08273921529123904,0.22620118487580965,0.23458212140643397,0.23458212140643397
random,8,2,14,0.19548510117202833,0.012826690454710013,0.23458212140643397,6.180375745155086,0.7952817922900655,0.013788642642939044,5.928984990945465,0.8946817715536802,0.016413366755475493,5.958333091237113,0.8827810653661406,0.016082850146390285,0.07328237412605718,0.029761058419662437,0.056016741577099176,0.18655888995131453,0.20987634795472884,0.20708465505102114
random,8,2,15,0.19548510117202833,0.012826690454710013,0.23458212140643397,6.496404542968611,0.6774003372726556,0.011076112764642305,6.302313416414727,0.7489665963501292,0.012671108788254646,6.337906224637436,0.7356553043938073,0.012362323857542896,0.05484625013489128,0.027647909147211377,0.06872811132677575,0.15890600815885342,0.17569417303436963,0.17257158192859526
random,8,2,16,0.19548510117202833,0.012826690454710013,0.23458212140643397,6.790966815320084,0.5726749926499519,0.009030572612603477,6.583979909882821,0.6458489565715969,0.010423763667259694,6.604184002769566,0.6386261466333999,0.010278802424434762,0.055881793852181005,0.014766669408354423,0.05617888801622176,0.1343393146522397,0.15150461834069706,0.14981027626287932
random,8,2,17,0.19548510117202833,0.012826690454710013,0.23458212140643397,4.620589783865993,1.0,0.04065031145244921,4.380533688971612,1.0,0.04800958618346567,4.411288204664124,1.0,0.04699697778904632,0.09162972309923828,0.06646019586217183,0.08066453958469459,0.23458212140643397,0.23458212140643397,0.23458212140643397
random,8,2,18,0.19548510117202833,0.012826690454710013,0.23458212140643397,5.954121429461193,0.8844838289735083,0.01612986943305685,5.696172350290281,0.992176964946351,0.019287736402658635,5.72516446834959,0.9797224896981678,0.018904002450318383,0.07906334480101464,0.03306516517220352,0.06368994078502507,0.2074840929502911,0.2327469772477121,0.22982538002298936
random,8,2,19,0.19548510117202833,0.012826690454710013,0.23458212140643397,5.908234182736511,0.9031465764531045,0.0166511521649838,5.660501995095946,1.0,0.019770566287039035,5.695940411243997,0.9922769774849891,0.0192908375007304,0.07239104863770035,0.03880755308664906,0.07389713249507446,0.21186203984532737,0.23458212140643397,0.23277043840119307
random,8,2,20,0.19548510117202833,0.012826690454710013,0.23458212140643397,6.420523570312727,0.705091075464354,0.011674272260929366,6.216548898529295,0.7814228608677928,0.01344721386698134,6.254163752192888,0.7671199441341027,0.013101140760754824,0.056148145048364684,0.030381798917364936,0.07254951513588091,0.16540176026717218,0.18330783241785154,0.1799526238681629
random,8,2,21,0.19548510117202833,0.012826690454710013,0.23458212140643397,6.5396856854111265,0.661755821642051,0.010748761991830407,6.372157666189196,0.7229288401454557,0.01207228293615709,6.390036858321806,0.716317044408158,0.01192359543921311,0.05466248565992517,0.014859332208347129,0.07450149762187952,0.1552360844938501,0.16958618094721378,0.1680351718768525
random,8,2,22,0.19548510117202833,0.012826690454710013,0.23458212140643397,5.64543606732838,1.0,0.019978110234354866,5.351488471709317,1.0,0.02449296988775875,5.386162972139956,1.0,0.023911310766268276,0.08711389486757445,0.04350386351477317,0.07039817290331733,0.23458212140643397,0.23458212140643397,0.23458212140643397
random,8,2,23,0.19548510117202833,0.012826690454710013,0.23458212140643397,6.251603623735636,0.7680899937020093,0.01312440997539301,6.032701598482437,0.8529876587900981,0.015274811657003326,6.064827763135375,0.8402734378840337,0.014938428912710206,0.06399488949746068,0.029790390120209113,0.06850200668898453,0.18018018015367185,0.20009565453248868,0.19711312562031405
random,8,2,24,0.19548510117202833,0.012826690454710013,0.23458212140643397,5.891300080323929,0.910085782371928,0.016847752051180068,5.598550167862542,1.0,0.020638040826364886,5.671278356656971,1.0,0.019623438152092897,0.0769724346673945,0.06500681798196238,0.07276327175061104,0.21348985349064106,0.23458212140643397,0.23458212140643397
random,8,2,25,0.19548510117202833,0.012826690454710013,0.23458212140643397,6.273634464402021,0.7597584733826795,0.012925514654324684,6.053413028636208,0.8447803762677314,0.015057091939485153,6.079897254244262,0.8343410725794147,0.014783203521765126,0.07186645159097836,0.02529967028322138,0.06837907165509807,0.17822575444262267,0.19817037278740993,0.1957214987821986
random,8,2,26,0.19548510117202833,0.012826690454710013,0.23458212140643397,6.543997572767276,0.6602028462666287,0.010716684347164966,6.339915392232682,0.734906555758421,0.012345119464011017,6.361660753868568,0.7268205850501481,0.012160440044572493,0.05954795791017147,0.018243090281812833,0.06469619808399132,0.15487178423579157,0.17239593888530616,0.17049911472292922
random,8,2,27,0.19548510117202833,0.012826690454710013,0.23458212140643397,6.079573497747377,0.8344683157493765,0.014786521406087518,5.881829251890535,0.9139791136858479,0.016958715941468253,5.906330512069009,0.9039252451059153,0.016673138261559205,0.06416828754895651,0.026068974713939836,0.08049357196484869,0.1957513477549427,0.2144031594095985,0.21204470158977642
random,8,2,28,0.19548510117202833,0.012826690454710013,0.23458212140643397,6.432806654605278,0.7005848803565127,0.011575299602877332,6.210341794907674,0.7837936172502187,0.013505194288159099,6.239524174620897,0.7726736888475949,0.013234759834958592,0.06602340897080262,0.02542909122553585,0.06556660369342479,0.16434468745930347,0.18386396947937883,0.18125543308480369
random,8,2,29,0.19548510117202833,0.012826690454710013,0.23458212140643397,6.4718216768055115,0.686333414226748,0.011266461804439763,6.315739593305965,0.743934812025342,0.0125537344459872,6.3389996316958,0.7352477938985527,0.01235295810051076,0.053467934702362045,0.019228664301768488,0.07561638457947942,0.16100154830143135,0.1745138063930014,0.17247598725212301
random,8,4,0,0.2987810959027384,0.02162619363110087,0.35853731508328607,6.892378253181696,0.5373316557219533,0.008417582941263995,6.717154657023955,0.598578287649453,0.009504624475708615,6.750063872804756,0.5870070127770646,0.009290269266397701,0.06686131229534026,0.02126224673280235,0.11609054605027053,0.19265344915180577,0.21461265212098576,0.21046391829614894
random,8,4,1,0.2987810959027384,0.02162619363110087,0.35853731508328607,6.999122309526699,0.5003041843572417,0.007817254326333825,6.83473973564224,0.5573905077781294,0.008760690283768139,6.859675585979149,0.548704349110225,0.008610569730194933,0.06258290406983888,0.01558904192166829,0.11444940043771422,0.1793777189843788,0.19984529611167998,0.19673098410450215
random,8,4,2,0.2987810959027384,0.02162619363110087,0.35853731508328607,6.511767053029556,0.6718354432528157,0.010958794731417303,6.306726677371234,0.7473111948661952,0.012632406593317819,6.335492972466558,0.7365550125999637,0.012383020102908322,0.09217799699855012,0.023857084906354128,0.13208652071134153,0.24087807600165395,0.267938949339008,0.2640824566287269
random,8,4,3,0.2987810959027384,0.02162619363110087,0.35853731508328607,6.629854301276618,0.6294773041153214,0.010097526193692075,6.350781993545331,0.7308617788743247,0.012252483434677223,6.399164242137264,0.7129498160310788,0.011848397502792953,0.08954889197034518,0.03549930508515668,0.12128132769934369,0.2256911025233725,0.2620412198945947,0.2556191128289057
random,8,4,4,0.2987810959027384,0.02162619363110087,0.35853731508328607,6.823373717930082,0.561354500598648,0.008829982427224336,6.657292555883079,0.6197314803846499,0.00990729855905859,6.679621769974589,0.6118242662203229,0.009755139574000572,0.0726985448247964,0.015647779988941915,0.11365835252488118,0.20126653545455817,0.22219686104970252,0.2193618297134362
random,8,4,5,0.2987810959027384,0.02162619363110087,0.35853731508328607,6.889724389639972,0.5382538575756893,0.0084330814874236,6.729547848963806,0.5942162046725286,0.009423326529616005,6.758207773929527,0.5841492499606123,0.009237974159836656,0.07010773612783411,0.018444340190456498,0.1209535785480935,0.19298409292840912,0.21304868260226878,0.2094393036887933
random,8,4,6,0.2987810959027384,0.02162619363110087,0.35853731508328607,6.697384275369055,0.6055487610763632,0.009635770344392476,6.471036873791433,0.686619183962168,0.011272592246638648,6.506995211566772,0.6735625607595894,0.010995101925890868,0.08190580519076032,0.025770818848118812,0.11863961008475842,0.21711182694832956,0.2461785987024726,0.24149731207536593
random,8,4,7,0.2987810959027384,0.02162619363110087,0.35853731508328607,6.882749889099879,0.5406780160684556,0.008473948704058142,6.716696675498702,0.5987395926472808,0.009507642184428622,6.74276725001103,0.589569337880753,0.009337375065142962,0.061324722825745935,0.01707398488648683,0.1185333892043849,0.19385324420574185,0.21467048598181648,0.2113826074591959
random,8,4,8,0.2987810959027384,0.02162619363110087,0.35853731508328607,6.133931085828832,0.813231094099156,0.014239762693901724,5.857036658719666,0.9242136062352282,0.017252668592973835,5.8937261700171115,0.9090898851978689,0.01681944405264179,0.10073464769194783,0.0369123904152519,0.13246711558324248,0.2915736930205545,0.3313650649430201,0.3259426466082167
random,8,4,9,0.2987810959027384,0.02162619363110087,0.35853731508328607,6.688968131443302,0.6085206248163312,0.009692146106669658,6.484789838990492,0.681616578462053,0.011165643125536188,6.506163184081281,0.6738638353852858,0.011001444822502619,0.07500725259088203,0.016519201579035775,0.12358940362811606,0.21817735099445104,0.24438497795804048,0.24160533027076583
random,8,4,10,0.2987810959027384,0.02162619363110087,0.35853731508328607,6.857624916245386,0.5494181727708037,0.008622817633918888,6.723826315999802,0.59622934479739,0.009460772368711328,6.736992836016946,0.5915984030909355,0.009374822977183516,0.056200655724766145,0.009359088971850506,0.12009057270158575,0.19698691652320896,0.213770468457523,0.2121101030517836
random,8,4,11,0.2987810959027384,0.02162619363110087,0.35853731508328607,6.5226537174443555,0.6678998837953748,0.010876410230841798,6.346272955036286,0.7325391494944812,0.012290837586595278,6.368985449412295,0.7241041620106367,0.0120988568350176,0.07584305249799515,0.01875816880280938,0.12340966708871051,0.23946703108043244,0.2626426198531452,0.25961836208792644
random,8,4,12,0.2987810959027384,0.02162619363110087,0.35853731508328607,6.704609552200151,0.6029996117868387,0.009587633309610596,6.543281617019917,0.6604606372069499,0.010722003957809537,6.559770929199847,0.6545302689276258,0.010600154264726096,0.06797722436914383,0.0126840440828207,0.12682417361089904,0.21619786180631698,0.2367997835823761,0.23467352526205212
random,8,4,13,0.2987810959027384,0.02162619363110087,0.35853731508328607,6.47948025567346,0.6835466102673489,0.011206812006374732,6.266838943099491,0.7623244988333961,0.012986541273774823,6.300424570764254,0.7496755256411811,0.01268770927727158,0.07697899958830257,0.028217879905566977,0.12833534537379285,0.2450769663795366,0.2733217790339375,0.2687866501470403
random,8,4,14,0.2987810959027384,0.02162619363110087,0.35853731508328607,6.575176747171334,0.6490023235230604,0.010487562749036424,6.418291705769066,0.7059108821230777,0.011692346460934089,6.429459187609093,0.7018120002136652,0.011602188806936024,0.07331952128543603,0.0097101639164896,0.12487675512674315,0.23269155055877228,0.2530953923644823,0.2516257902498381
random,8,4,15,0.2987810959027384,0.02162619363110087,0.35853731508328607,6.749349553723859,0.5872577780935707,0.009294870280178086,6.634695023763537,0.6277554890193958,0.01006370240615595,6.64727765269552,0.6232848376610601,0.00997631232590897,0.05808955973114247,0.009434179347699884,0.12866179848485867,0.21055382701944506,0.22507376756180944,0.2234708722271183
random,8,4,16,0.2987810959027384,0.02162619363110087,0.35853731508328607,7.002582790476132,0.49910487255295444,0.007798526153220326,6.871301304588125,0.5446591127360798,0.008541461704475839,6.88428673899132,0.5401437749314845,0.008464926524956784,0.055433145005332626,0.008360656852363254,0.1115806762871443,0.17894772095012196,0.19528061591603887,0.1936616988228852
random,8,4,17,0.2987810959027384,0.02162619363110087,0.35853731508328607,5.767562783777691,0.9616745561518036,0.018356530499215134,5.519576722810507,1.0,0.02179926460873375,5.544448785787662,1.0,0.021426666305696007,0.10411456847919581,0.0330715448150021,0.13094842177337057,0.3447962133465785,0.35853731508328607,0.35853731508328607
random,8,4,18,0.2987810959027384,0.02162619363110087,0.35853731508328607,5.649498836586245,1.0,0.019921929079852543,5.400137252815723,1.0,0.023680818336696084,5.426424953181344,1.0,0.02325323174513065,0.10352853673458165,0.037755003768430655,0.13157514684428503,0.35853731508328607,0.35853731508328607,0.35853731508328607
random,8,4,19,0.2987810959027384,0.02162619363110087,0.35853731508328607,6.80132321547911,0.5690541588076156,0.008965978682128796,6.632602316387905,0.628499721930813,0.010078310944798583,6.651234871338121,0.6218802686186792,0.009948985445269384,0.06956868769760953,0.01320160586168272,0.11731494887400609,0.20402715023586038,0.2253406028316656,0.22296728181381395
random,8,4,20,0.2987810959027384,0.02162619363110087,0.35853731508328607,6.35747451679718,0.7283747156281953,0.012195776974475851,6.153912951391588,0.8054870308591388,0.014043896201285487,6.186388396575291,0.7929709586469763,0.01373129595714851,0.08576262026111067,0.028653221067255923,0.1407467652095145,0.2611495149158852,0.2887971573786436,0.28430967845230637
random,8,4,21,0.2987810959027384,0.02162619363110087,0.35853731508328607,6.927992805894162,0.5249657850052998,0.008212329303534854,6.74849938196271,0.5875562574414542,0.009300349307165758,6.771070018117409,0.5796401484803346,0.009155979714536005,0.06903482118032002,0.014686642775906502,0.11779474645850006,0.1882198230663898,0.210660843003443,0.20782262255061645
random,8,4,22,0.2987810959027384,0.02162619363110087,0.35853731508328607,7.1108882552351735,0.46152884253353194,0.0072345136326615895,6.977968975512843,0.5076356646655525,0.007932718250631833,6.997793952828038,0.5007645579863199,0.007824455352113038,0.05562550092004828,0.011445890223426899,0.11117330132840403,0.16547531203546925,0.18200632824970656,0.17954278010928365
random,8,4,23,0.2987810959027384,0.02162619363110087,0.35853731508328607,6.747905214813282,0.5877648727728365,0.009304180401026074,6.548993632737281,0.6584046951101461,0.010679636602235695,6.57960256396781,0.6474164734037889,0.010455438906790609,0.07618669606237269,0.021752767192374695,0.11936221988439627,0.21073563938424203,0.23606265162302134,0.23212296411488417
random,8,4,24,0.2987810959027384,0.02162619363110087,0.35853731508328607,6.838000190001122,0.5562539679347386,0.00874091370067408,6.7009904123313575,0.6042762285921242,0.009611715006898766,6.712904828890711,0.6000754119327346,0.009532664062597517,0.06569253437324307,0.008417979923525018,0.12527864273467898,0.19943780416774548,0.21665557656807422,0.21514942704185955
random,8,4,25,0.2987810959027384,0.02162619363110087,0.35853731508328607,6.509191047117305,0.6727676425353749,0.01097837970066572,6.28201947147757,0.7565969657009975,0.012850608882936819,6.318331664137084,0.7429648527801329,0.012531199569790695,0.09438512582385003,0.02904342388424829,0.12792317077319704,0.2412123042295453,0.27126824468259675,0.2663806235170378
random,8,4,26,0.2987810959027384,0.02162619363110087,0.35853731508328607,6.746443240493514,0.5882782305311122,0.009313613695575255,6.542705940126538,0.660667938380567,0.010726283200062948,6.560775456446036,0.6541694509696394,0.010592776102842491,0.0752502242321142,0.013828697473402431,0.12218299146445895,0.21091969729657137,0.2368741087885784,0.23454415856016186
random,8,4,27,0.2987810959027384,0.02162619363110087,0.35853731508328607,6.534080552571657,0.6637760643210209,0.010790604118211,6.33567670524271,0.7364864991226624,0.012381443177968052,6.371343969666222,0.7232302543442058,0.01207909376248101,0.07020104310264147,0.028060047841859406,0.13490545677001764,0.23798848791820942,0.2640578919905283,0.25930503357957363
random,8,4,28,0.2987810959027384,0.02162619363110087,0.35853731508328607,6.549225716788029,0.658321196951386,0.010677918724304774,6.312496418691113,0.7451490890398369,0.012581986951514043,6.335777677378853,0.7364488478755296,0.01238057664901867,0.07667122052053091,0.019846680900463456,0.1285809455959809,0.23603271441736512,0.2671637537210996,0.26404439261347173
random,8,4,29,0.2987810959027384,0.02162619363110087,0.35853731508328607,6.823351948665269,0.5613620958503501,0.008830115666523402,6.637315948186465,0.6268236836335083,0.010045436411935633,6.656508190805028,0.6200096220171426,0.00991268642802875,0.07032004235477465,0.01358338400273881,0.12357064052835678,0.20126925863571082,0.22473968056057317,0.22229658520382936
random,8,8,0,0.467287773441582,0.03257406546075968,0.5607453281298984,6.989562590531099,0.5036173618583225,0.00786922573695526,6.83983202673801,0.5556155287618206,0.008729822121894961,6.86172266618825,0.5479918607720534,0.008598360616756525,0.07856132656048853,0.013605708717115708,0.18998493338709654,0.28240108282715887,0.3115588119896141,0.3072838757811387
random,8,8,1,0.467287773441582,0.03257406546075968,0.5607453281298984,6.850406058558653,0.5519317070189717,0.008666072018951186,6.659607733943958,0.6189106549369291,0.009891412481163415,6.699559712923795,0.6047810330800301,0.009621251530833569,0.09109691603484589,0.02578130057136597,0.20340589932521486,0.30949312615764824,0.34705125828569866,0.3391281388412004
random,8,8,2,0.467287773441582,0.03257406546075968,0.5607453281298984,6.981586769522433,0.5063817110138142,0.00791285058201997,6.849324565671729,0.5523083680430865,0.008672570834537773,6.866870742952539,0.546200439123478,0.008567733120291878,0.08501980450205583,0.011179642250504284,0.2071681612490085,0.28395117870142067,0.30970433706720923,0.3062793444609893
random,8,8,3,0.467287773441582,0.03257406546075968,0.5607453281298984,6.928486035383285,0.5247946430887785,0.008209522147104352,6.782217694925723,0.5757362878208704,0.00908550426740244,6.81239162096442,0.5651876620907954,0.008897454584057173,0.08126609092853629,0.018734881639631683,0.18948302197062392,0.29427614433963006,0.3228414336304036,0.3169263410340732
random,8,8,4,0.467287773441582,0.03257406546075968,0.5607453281298984,6.97258074762929,0.5095033528310795,0.007962401039782992,6.859525589568313,0.5487565588715472,0.008611465014133466,6.882350748280497,0.540816772479216,0.008476293459294314,0.07382839170007822,0.014113528605800714,0.20369292931061622,0.2857016247665471,0.3077126766678596,0.3032604785420106
random,8,8,5,0.467287773441582,0.03257406546075968,0.5607453281298984,6.925880941398123,0.5256985955950775,0.0082243595845412,6.7911260766630015,0.5726192881814922,0.009029575768710607,6.817702407108798,0.5633336132533538,0.008864761872204363,0.0812518162027119,0.01660187059630509,0.20762764414385337,0.2947830314843885,0.3210935906448397,0.31588669181035317
random,8,8,6,0.467287773441582,0.03257406546075968,0.5607453281298984,6.9879729128054775,0.5041683187714322,0.007877901463325196,6.932904009603529,0.5232618024134352,0.008184420529139952,6.9396460958830195,0.5209229871227585,0.008146261851764026,0.060047216171105894,0.0043438384998413385,0.2093422723333373,0.282710029342186,0.2934166110921638,0.29210513134455807
random,8,8,7,0.467287773441582,0.03257406546075968,0.5607453281298984,6.845395143215493,0.5536771181212299,0.00869622423642235,6.8042034570541485,0.5680476925073839,0.008948096577546302,6.809373421106514,0.566241675502638,0.008916088048063044,0.06004982980471363,0.003711302077885891,0.2085868736503116,0.3104718572789056,0.31853008972848457,0.31751737413055026
random,8,8,8,0.467287773441582,0.03257406546075968,0.5607453281298984,6.963610530807264,0.5126129416308223,0.0080120629363657,6.877153970002431,0.5426236262633938,0.008506881246550552,6.8929761135292695,0.5371239185847186,0.008414095373684429,0.07317298711438704,0.009869110057530786,0.2047070805152178,0.2874453121584079,0.3042736633601021,0.30118972797320487
random,8,8,9,0.467287773441582,0.03257406546075968,0.5607453281298984,7.117820785788069,0.45911799097406625,0.007199833275563481,7.035961098080684,0.4875355177338199,0.007620170016437247,7.042672074365853,0.4852087802008451,0.007584805630999876,0.06669096177491335,0.0040187875278963475,0.18729720755277673,0.2574482684990925,0.27338326386663075,0.2720785566652307
random,8,8,10,0.467287773441582,0.03257406546075968,0.5607453281298984,6.968605760320373,0.5108812593700761,0.007984369705868046,6.872857148179631,0.5441179468024473,0.008532255313007981,6.886195242666253,0.5394803958042786,0.008453735897767831,0.06907206109096031,0.008613973840036423,0.19766428024235594,0.28647427942088904,0.30511159662110493,0.3025111115649177
random,8,8,11,0.467287773441582,0.03257406546075968,0.5607453281298984,6.694086540153263,0.6067129078466136,0.00965782113355771,6.483651100785968,0.6820303708836735,0.011174459793870644,6.517101663507345,0.6699061450124626,0.01091834754883529,0.09860209543323603,0.024774990726727522,0.20456300770297484,0.34021142859109416,0.3824453441157218,0.3756467411012486
random,8,8,12,0.467287773441582,0.03257406546075968,0.5607453281298984,6.952343522344082,0.5165194084059832,0.008074879675938545,6.780520461773458,0.5763304073664912,0.009096199038362902,6.807193301164256,0.5670031662001846,0.008929571726266159,0.08427498971972627,0.016780643159256547,0.1976875097575439,0.2896358451520741,0.32317458338996113,0.3179443764816139
random,8,8,13,0.467287773441582,0.03257406546075968,0.5607453281298984,7.003543219095747,0.498772012600064,0.007793336258642475,6.883395761547136,0.5404534923173292,0.00847015589621871,6.895986096845133,0.5360781333867036,0.008396558829615194,0.07965018013083568,0.008129020756076034,0.19823769493653562,0.2796840758674327,0.3030567708884303,0.30060330880919056
random,8,8,14,0.467287773441582,0.03257406546075968,0.5607453281298984,7.026406593102606,0.49084765405318276,0.00767080342952364,6.886414095162052,0.5394043285692391,0.008452453588737995,6.9111555949698635,0.5308097427830295,0.008308734109896656,0.08072821737376827,0.014954705218948481,0.19292439830095687,0.2752405288338428,0.30246845721824556,0.2976490833914169
random,8,8,15,0.467287773441582,0.03257406546075968,0.5607453281298984,7.03931186128474,0.4863738255721758,0.00760249215940177,6.882528721119009,0.5407549020606687,0.008475247876603803,6.914748149334459,0.5295625181899345,0.008288069697994761,0.07945496458643661,0.018845113909399257,0.19487064625186956,0.2727318504142637,0.3032257849938607,0.2969497080277101
random,8,8,16,0.467287773441582,0.03257406546075968,0.5607453281298984,6.71559729934148,0.5991268339461625,0.009514890049286759,6.487705965363228,0.680557265870182,0.0111430967520109,6.5335336260776415,0.6639732822452034,0.010794695617741695,0.1082140261704215,0.03270032100577902,0.20623025163008563,0.3359575730925681,0.3816193073615617,0.3723199160220722
random,8,8,17,0.467287773441582,0.03257406546075968,0.5607453281298984,7.043632746235024,0.4848756831188951,0.007579756688750237,6.880857449788571,0.5413359241819997,0.008485071606405933,6.924970150533137,0.5260146529793002,0.008229553361702087,0.08141922918217806,0.02519520233739172,0.19672781356630265,0.2718917740327135,0.30355159043393726,0.2949602591860123
random,8,8,18,0.467287773441582,0.03257406546075968,0.5607453281298984,6.846264707536964,0.5533741902370486,0.008690984287820457,6.595722353600821,0.6416487000363312,0.010339266472786154,6.645075786625624,0.6240666616175313,0.009991549970975786,0.10681905966502137,0.031761771138843,0.21013606776674051,0.31030199188309066,0.3598015108459953,0.3499424649436529
random,8,8,19,0.467287773441582,0.03257406546075968,0.5607453281298984,6.8623446904161085,0.5477753814308267,0.00859465419533887,6.717638338511748,0.5984079393074567,0.009501438466034325,6.728646402434716,0.5945333037540087,0.009429216394885255,0.08071825557202002,0.007883139867703622,0.20723826441874205,0.3071624860019092,0.33555445628249614,0.3333817724976942
random,8,8,20,0.467287773441582,0.03257406546075968,0.5607453281298984,6.961526991419281,0.5133352783651708,0.008023642312722616,6.831453228977005,0.5585363829220444,0.008780670172619385,6.850855304967564,0.551775251478945,0.008663373877260204,0.07216569900688292,0.012272221999194628,0.20446179743353093,0.28785035910753043,0.3131966673141084,0.30940539444451826
random,8,8,21,0.467287773441582,0.03257406546075968,0.5607453281298984,7.1152119743791715,0.46002535182703347,0.00721286444255603,6.939642686380055,0.5209241697595225,0.008146281103744497,6.972481616334334,0.5095377152316601,0.007962948175679694,0.08320356254106584,0.018031370488101342,0.18928679849078495,0.25795706685832187,0.2921057945025983,0.285720893322136
random,8,8,22,0.467287773441582,0.03257406546075968,0.5607453281298984,6.773477122446256,0.5787968710280552,0.009140715904872925,6.529085545345866,0.6655778317969061,0.010828028909054228,6.5687002124864105,0.6513247676391325,0.010534749264690155,0.10045125452672912,0.028180748400447615,0.20017849450754654,0.32455764136518533,0.37321965968694243,0.3652273205489352
random,8,8,23,0.467287773441582,0.03257406546075968,0.5607453281298984,6.885467053963426,0.5397335004560692,0.008458003929915026,6.758768844776323,0.5839524455712444,0.009234382167009956,6.773040050235497,0.5789499766088866,0.0091434855533661,0.0776236045994111,0.009841003026508581,0.19487172726738233,0.3026530388159372,0.32744860570410406,0.3246434946043471
random,8,8,24,0.467287773441582,0.03257406546075968,0.5607453281298984,6.776446746903472,0.5777567724561027,0.0091219201268577,6.575574577734949,0.6488597333033034,0.010484671148475531,6.598504353473153,0.6406545707824931,0.01031934811038282,0.10312437353895872,0.016703723068622132,0.20530242683667255,0.3239744109501684,0.36384506406143924,0.3592440575113483
random,8,8,25,0.467287773441582,0.03257406546075968,0.5607453281298984,6.973668680774176,0.5091262396936377,0.007956398874134116,6.873763549928126,0.5438026958735527,0.008526896438114743,6.885789532453964,0.5396214119036234,0.008456113565388439,0.06926202605007112,0.0076640611795608425,0.20026321542179698,0.28549016033655017,0.30493482113553866,0.3025901856838164
random,8,8,26,0.467287773441582,0.03257406546075968,0.5607453281298984,6.914922572254312,0.5295019682489973,0.008287067724680658,6.75860658224531,0.5840093606455329,0.009235420833150064,6.784697516923012,0.5748683759012223,0.009069900775176703,0.08555274968380136,0.016947121823738493,0.20750343548812106,0.29691575493121103,0.32748052056611154,0.3223547560762327
random,8,8,27,0.467287773441582,0.03257406546075968,0.5607453281298984,6.976307671172545,0.5082115000744222,0.00794185826262335,6.815905204119627,0.5639609529386208,0.008875811819366208,6.833068930490407,0.5579730194535538,0.008770842038095562,0.08126736578802302,0.011083040121884824,0.20467554160894075,0.2849772243686198,0.3162384696080171,0.31288076388111324
random,8,8,28,0.467287773441582,0.03257406546075968,0.5607453281298984,6.709328000655947,0.6013359748942049,0.009556327417218185,6.4242897349708725,0.7037084051704419,0.011643836242305106,6.484460931430858,0.6817360884844524,0.011168188974095019,0.1127449644667539,0.042577570819865615,0.20545153724176246,0.3371963385583633,0.3946012005650669,0.3822803266352077
random,8,8,29,0.467287773441582,0.03257406546075968,0.5607453281298984,6.9827512963252465,0.5059780863171426,0.00790646599739309,6.791483799921978,0.572494170813593,0.009027337118992866,6.8344272097129135,0.557499462197245,0.008762588286722148,0.08904365834811159,0.025737166536240835,0.1929354144297286,0.28372484803844417,0.3210234316653223,0.312615218862036
random,8,16,0,0.6925526440290496,0.03751676739349465,0.8310631728348595,6.792424979723663,0.5721650011163415,0.009021449820350986,5.933610432338382,0.892800642888646,0.01636082793659968,6.117890419290659,0.8194718904177715,0.01439897154976369,0.17967869910392756,0.12698047928187628,0.2948151108677672,0.47550526121280773,0.7419737349880405,0.6810329092995735
random,8,16,1,0.6925526440290496,0.03751676739349465,0.8310631728348595,7.038748436827818,0.48656916707419223,0.0076054617866761435,6.294943692313902,0.7517340918837799,0.012736002264067675,6.444717677831682,0.6962241608196892,0.011480126282954382,0.1597782181134932,0.09156866781638939,0.26845153914738074,0.4043697157922931,0.624738519529066,0.5786062600950984
random,8,16,2,0.6925526440290496,0.03751676739349465,0.8310631728348595,6.888864099144715,0.5385528282605273,0.008438111700428328,6.044112832518163,0.8484609908720293,0.015154469578617902,6.241304025823196,0.7719976039201585,0.013218442194663529,0.17680609929084187,0.12734158279699764,0.2969492734704279,0.44757142219338103,0.7051246831007175,0.6415787781347961
random,8,16,3,0.6925526440290496,0.03751676739349465,0.8310631728348595,6.967007597056033,0.5114352754902401,0.007993219390871529,6.064275005946801,0.8404914200686922,0.014944153550141979,6.273977154406922,0.7596291626566393,0.012922444761850421,0.20284097734207693,0.12918746776308315,0.2820558323104114,0.42503502274858945,0.698501466302764,0.6312998220953142
random,8,16,4,0.6925526440290496,0.03751676739349465,0.8310631728348595,6.917751297329051,0.5285200469900784,0.008270835001099916,6.105502008469622,0.824306653265598,0.014523147790905171,6.253975883960077,0.7671911118062935,0.013102846906790262,0.18529861822432644,0.09975091501937143,0.28001642181116937,0.43923354715840357,0.6850509026517924,0.6375842795484418
random,8,16,5,0.6925526440290496,0.03751676739349465,0.8310631728348595,6.9641272104878285,0.5124338193023371,0.008009194049449692,6.18578265387209,0.793203631300271,0.013737062511061505,6.362313832338724,0.7265782384151288,0.012154936508412997,0.17006687633236675,0.1111411232835777,0.2905098035088462,0.4258648757372854,0.6592023265325354,0.60383241613004
random,8,16,6,0.6925526440290496,0.03751676739349465,0.8310631728348595,7.11011430075208,0.4617979286332204,0.007238395732655202,6.421036609521828,0.7049026709062157,0.011670121491417449,6.539547098900738,0.6618057516402629,0.010749794576627083,0.15978657158646342,0.07181780576294775,0.25491856861741147,0.38378325177849015,0.5858186502230864,0.550002387758516
random,8,16,7,0.6925526440290496,0.03751676739349465,0.8310631728348595,7.108359597770507,0.4624079524342961,0.007247204913663723,6.37772297215484,0.7208684936757696,0.012025802893349577,6.539898885586073,0.6616790118149528,0.010747173666818944,0.16948523181790187,0.09453557617882229,0.264266039646899,0.38429022009411695,0.5990872575508709,0.5498970589571692
random,8,16,8,0.6925526440290496,0.03751676739349465,0.8310631728348595,7.140827380614263,0.4511091028974027,0.007085928479951554,6.39642415981647,0.7139601026328979,0.011870922314868408,6.546403666046632,0.6593366948449171,0.010698826205765927,0.17482229725895726,0.08844060902634343,0.2425851494191741,0.37490016234860263,0.593345948171598,0.5479504455842663
random,8,16,9,0.6925526440290496,0.03751676739349465,0.8310631728348595,7.013237158288435,0.49541228571014295,0.007741145825508567,6.304647555272489,0.7480908930438134,0.012650624753985784,6.444165678679791,0.6964260586006867,0.011484519610907611,0.15407524300250094,0.08679144254648384,0.27206191426865584,0.41171890602364136,0.6217107911418551,0.5787740499055626
random,8,16,10,0.6925526440290496,0.03751676739349465,0.8310631728348595,6.778377852715396,0.5770805550739352,0.009109718235069394,5.874506251013929,0.9169956448568337,0.017045015823225006,6.026728537230429,0.8553617691668223,0.015338183689878066,0.18955199873091805,0.11534925068269992,0.2764329579507283,0.47959039708104645,0.7620813100904683,0.710859665805418
random,8,16,11,0.6925526440290496,0.03751676739349465,0.8310631728348595,7.044047878338798,0.48473174076310366,0.007577575945362949,6.297290519854508,0.7508523792176272,0.012715301490262051,6.432049030952449,0.7008625500159253,0.011581379906481648,0.1667136049224725,0.08755350554374876,0.26147974645793254,0.40284269845234955,0.6240057606032043,0.5824610545373653
random,8,16,12,0.6925526440290496,0.03751676739349465,0.8310631728348595,7.006493551030753,0.49774949908108485,0.007777415059929233,6.12126582741721,0.8181568478874047,0.014365322308516467,6.339784507649754,0.7349553234724908,0.01234623949219615,0.19871981836213815,0.13137350895491307,0.2749918911595888,0.4136612779832884,0.6799400258818741,0.6107943030169187
random,8,16,13,0.6925526440290496,0.03751676739349465,0.8310631728348595,6.948534866622558,0.5178401415266812,0.008096225190255832,6.080634305350422,0.8340514299834885,0.014775652935273468,6.287421742057122,0.7545628192526558,0.012802578878101814,0.19142545692543433,0.1300492756618612,0.27502062013153156,0.4303578710384164,0.6931494277095296,0.6270893706713287
random,8,16,14,0.6925526440290496,0.03751676739349465,0.8310631728348595,7.053571506191714,0.4814291402834209,0.007527719017406777,6.285815449342268,0.7551674218716737,0.012816841172754851,6.452432352811238,0.6934044125292468,0.011418901239297341,0.16620150400428826,0.09892510977986971,0.27643547295936166,0.40009802881909845,0.6275918336421941,0.5762628711342477
random,8,16,15,0.6925526440290496,0.03751676739349465,0.8310631728348595,7.004795690084932,0.4983379374008414,0.007786573435201952,6.263424506523528,0.7636151077608856,0.013017313012510452,6.43632172690668,0.6992970710471668,0.011547131149611659,0.15801932565604546,0.10285457193368891,0.2772043205886977,0.4141503074003229,0.6346123942803947,0.5811600426185826
random,8,16,16,0.6925526440290496,0.03751676739349465,0.8310631728348595,6.724376302968703,0.5960357789161073,0.009457166402314542,5.846842796075763,0.9284397236970465,0.017375005008416378,6.010045224592173,0.862010072538607,0.015516583830593976,0.18024589460233462,0.12400611861353789,0.2888038389496541,0.495343385549117,0.7715920625615879,0.7163848258995421
random,8,16,17,0.6925526440290496,0.03751676739349465,0.8310631728348595,7.062639022310027,0.47828391552195654,0.007480554747609594,6.158377275090553,0.8037613763106634,0.014000505469512686,6.394648598502486,0.7146150249104964,0.011885541153559834,0.20465883346446795,0.13540385903626628,0.2637335559229933,0.39748414834955714,0.6679764795988534,0.5938902299575793
random,8,16,18,0.6925526440290496,0.03751676739349465,0.8310631728348595,6.958158050343739,0.5145033047911688,0.008042400791266162,6.109487457340525,0.8227498447253628,0.014483082921806386,6.2831969404627,0.756153424335664,0.012840125017727355,0.17845843945917628,0.11241424262363131,0.2779276286024337,0.4275847489137695,0.683757096406848,0.6284112639783408
random,8,16,19,0.6925526440290496,0.03751676739349465,0.8310631728348595,7.070735683750211,0.4754746767223311,0.007438690128190708,6.326646953266903,0.7398564617896676,0.012459181000811342,6.487549270393323,0.680614174371498,0.01114430709930306,0.1615209647247311,0.09420071336516768,0.2646838734494011,0.39514949343948963,0.6148674585772942,0.5656333752295555
random,8,16,20,0.6925526440290496,0.03751676739349465,0.8310631728348595,7.041944043231323,0.48546120837471657,0.0075886341380725,6.218633951329742,0.7806271668893797,0.01342779333883968,6.4141844294457036,0.7074203901166441,0.011725681380512266,0.18320702931805788,0.11667763524660262,0.2810794396699788,0.4034489321201368,0.6487504901161754,0.5879110339384124
random,8,16,21,0.6925526440290496,0.03751676739349465,0.8310631728348595,7.123752298388303,0.45705439982574986,0.007170292568751194,6.396435448622896,0.713955939372723,0.0118708294275873,6.53755311992503,0.6625242571672953,0.01076466236461057,0.16624111982059786,0.08331874055395193,0.25844171261083004,0.37984107967732017,0.5933424882393877,0.5505995112415109
random,8,16,22,0.6925526440290496,0.03751676739349465,0.8310631728348595,7.086983129552287,0.46983479754876256,0.007355386515432605,6.271057109917607,0.7607312921071052,0.01294862654360853,6.467674166720552,0.6878440578504773,0.011298897623753294,0.17951574055783875,0.1144509537000346,0.26479692629867874,0.3904623975590985,0.6322157612932932,0.5716418651328223
random,8,16,23,0.6925526440290496,0.03751676739349465,0.8310631728348595,6.944853136935626,0.5191169724482414,0.008116912985684815,6.116344178905472,0.820074620590138,0.01441441223962592,6.31442482874343,0.7444269827255698,0.012565180197029624,0.17279532261584601,0.12492673050793356,0.28075948743506257,0.43141899819526186,0.6815338161489838,0.6186658502077932
random,8,16,24,0.6925526440290496,0.03751676739349465,0.8310631728348595,7.047580013506548,0.48350695795942694,0.007559046537424672,6.264834491682576,0.7630820476056476,0.013004597052781683,6.44705869265071,0.6953681249941938,0.011461512957155324,0.17405152486728753,0.10613450220538936,0.2766917973891738,0.4018248265694924,0.6341693876164708,0.5778948402459019
random,8,16,25,0.6925526440290496,0.03751676739349465,0.8310631728348595,7.082926863762431,0.4712431858135763,0.007376095940245763,6.220045468562761,0.7800886987818796,0.013414662155737596,6.437147629621797,0.698994598229294,0.011540522630527064,0.1878246172541549,0.12660856755740335,0.2647586448735954,0.391632857179038,0.6483029891022859,0.5809086685988649
random,8,16,26,0.6925526440290496,0.03751676739349465,0.8310631728348595,6.999429498377841,0.5001977208006037,0.007815589998345604,6.198074504041885,0.7884879334067869,0.01362051908012665,6.386691166730646,0.7175526860886673,0.011951279020516587,0.17592797434802931,0.11387825913395314,0.28705512739546235,0.41569590489331487,0.6552832836790458,0.5963316119770238
random,8,16,27,0.6925526440290496,0.03751676739349465,0.8310631728348595,6.979067604917287,0.5072548671268925,0.007926679690998771,6.159814989607152,0.8032059859056505,0.013986560246791688,6.327329242347815,0.7396016274243802,0.012453290113887369,0.17506753848585585,0.10592586908032964,0.26728006924412623,0.42156083931040034,0.6675149150867014,0.6146556751211311
random,8,16,28,0.6925526440290496,0.03751676739349465,0.8310631728348595,7.041579861826156,0.48558747850486705,0.007590549988761168,6.172715436706063,0.7982300904652329,0.01386205120818959,6.350200311935361,0.7310780870519014,0.012257424521366678,0.18449761342359888,0.11159946113051421,0.26030178108542257,0.403553870575134,0.6633796316342934,0.6075720746153928
random,8,16,29,0.6925526440290496,0.03751676739349465,0.8310631728348595,7.023955280431454,0.49169734611414045,0.007683848127745138,6.223897812640128,0.7786198888188194,0.013378889551003605,6.398895688334077,0.7130488120368697,0.01185060325542486,0.17722506995596243,0.10612264888139553,0.27334554616003925,0.4086315565360977,0.6470823152340937,0.5925886081174883
random,9,2,0,0.219435090697215,0.012683821100113653,0.263322108836658,6.427474332187738,1.0,0.011618162048232537,6.0620508765786685,1.0,0.014967209957406318,6.128432388400152,1.0,0.014294139780459196,0.09290708815452,0.08333373076794487,0.07818732494773242,0.263322108836658,0.263322108836658,0.263322108836658
random,9,2,1,0.219435090697215,0.012683821100113653,0.263322108836658,7.087224301272652,0.83146383005506,0.007354157036639294,6.752208262058467,0.9681881257153081,0.009276470677938447,6.8037008252769855,0.9464435910724209,0.008951214617828593,0.09015064079789431,0.04996457291800941,0.07116020811202492,0.21894280915150302,0.2549453390139663,0.24921952229612948
random,9,2,2,0.219435090697215,0.012683821100113653,0.263322108836658,7.6247540587987,0.6312925828050161,0.005066643164879907,7.336611897832028,0.7361378046653736,0.006186709902012154,7.377989251848422,0.720769965344629,0.006011791741741388,0.07559198005789859,0.03127734321492574,0.06370139045807549,0.1662332941971574,0.193841359118874,0.18979466726067262
random,9,2,3,0.219435090697215,0.012683821100113653,0.263322108836658,6.905945185746966,0.9040829005889953,0.008338796024511024,6.6046496601015034,1.0,0.010275485280333582,6.651951146000541,1.0,0.00994404716153013,0.08401569910457746,0.05076855021533309,0.08127407506313278,0.2380650159462569,0.263322108836658,0.263322108836658
random,9,2,4,0.219435090697215,0.012683821100113653,0.263322108836658,7.149224702969675,0.8073010096733438,0.007044804064215628,6.829678261358856,0.9355797210669757,0.008791479800560626,6.856811154029429,0.9243069804461748,0.008627682766418166,0.08091780254160214,0.02972437959141267,0.069597552391057,0.21258020433314814,0.24635882513616833,0.24339046330353037
random,9,2,5,0.219435090697215,0.012683821100113653,0.263322108836658,7.52352172537742,0.6675863786720656,0.00543493416397252,7.230618873082034,0.7760600590828585,0.006658353244560076,7.266173025407554,0.7625761379646082,0.006496268485882946,0.07463720743265391,0.029464870351660122,0.06305548037763947,0.17579025306255605,0.2043537713415997,0.20080315679735491
random,9,2,6,0.219435090697215,0.012683821100113653,0.263322108836658,7.506001125979981,0.6739225206736691,0.005501340342743374,7.243066550992344,0.771328338906322,0.006601151612499891,7.3025002376501655,0.748896491824226,0.00633473402708307,0.06818501794726217,0.04322553172768072,0.07479675006726488,0.1774586993363068,0.20310780480628918,0.19720100352753023
random,9,2,7,0.219435090697215,0.012683821100113653,0.263322108836658,6.906744349631785,0.9037559405795655,0.008334178126037931,6.607247251332628,1.0,0.010257000780898305,6.661829234521654,1.0,0.00987619313910442,0.08024588910615466,0.05517737675083603,0.08529116340403704,0.2379789201470686,0.263322108836658,0.263322108836658
random,9,2,8,0.219435090697215,0.012683821100113653,0.263322108836658,7.639121263414097,0.6261820272189007,0.005016436962593532,7.411291604117144,0.7084842078601115,0.005874608381149763,7.442694314885806,0.6969643122834508,0.005748119160912058,0.06841503332161467,0.024259552820749784,0.0741873527959229,0.16488757192289452,0.1865595556911937,0.18352611249436934
random,9,2,9,0.219435090697215,0.012683821100113653,0.263322108836658,6.967666268751776,0.8790136922247017,0.007989570868113301,6.6449117981708,1.0,0.009992685756377882,6.703838164737997,0.9888748220553972,0.009592761044492918,0.08219853866135446,0.05788196407045778,0.07237876415591786,0.23146373913290552,0.263322108836658,0.26039260351910215
random,9,2,10,0.219435090697215,0.012683821100113653,0.263322108836658,7.027863761654959,0.8549103031815188,0.007663059581921222,6.676031587931439,1.0,0.009779445709089125,6.72743624316376,0.9787504925193338,0.009437129114115926,0.09721985809129201,0.05076545888471759,0.06985514736978929,0.22511678389994422,0.263322108836658,0.25772664371510867
random,9,2,11,0.219435090697215,0.012683821100113653,0.263322108836658,7.498047568576544,0.6768045304269127,0.005531752909424951,7.200576373520056,0.7875295789001099,0.00679845966908269,7.274480183043062,0.7594393654784982,0.006458969920612375,0.07349195485548836,0.05355418041157503,0.0725064563967448,0.17821759622221872,0.20737394948722218,0.19997717525137162
random,9,2,12,0.219435090697215,0.012683821100113653,0.263322108836658,7.227871037892963,0.7771061963012219,0.006671047190076197,6.905437589033973,0.9042906050623288,0.008341730456281194,6.971922774402482,0.8772982743643902,0.007966033298458882,0.07967961071487331,0.057273460466925365,0.06990261797051257,0.2046292424000717,0.23811970912618988,0.23101203168439224
random,9,2,13,0.219435090697215,0.012683821100113653,0.263322108836658,7.798875170384767,0.5699097791403142,0.004490602784060638,7.562791902540011,0.6534453176065684,0.005288990492983977,7.595230379893378,0.64182454271436,0.005171396434613259,0.06507015486535161,0.022529375985162227,0.06546504379856304,0.15006984488986153,0.17206659904160138,0.16900659209066896
random,9,2,14,0.219435090697215,0.012683821100113653,0.263322108836658,6.825903672685543,0.9371539188264265,0.008814511465404129,6.52965005916469,1.0,0.010823792825866266,6.560677842796787,1.0,0.010593492840949353,0.08938748958580175,0.038446915864273394,0.0751430744651015,0.24677334620991287,0.263322108836658,0.263322108836658
random,9,2,15,0.219435090697215,0.012683821100113653,0.263322108836658,7.2773399938323315,0.7583606893803171,0.0064461791812296075,6.940885242210797,0.8898462208623096,0.008139267943616673,6.9831583650092455,0.872778400130446,0.007904235435423915,0.08894265842453676,0.038583382816412076,0.06610788646990651,0.19969313598644686,0.23431618341779392,0.22982184886943358
random,9,2,16,0.219435090697215,0.012683821100113653,0.263322108836658,7.022301798012707,0.8571233515644808,0.007692659685915067,6.67148138324562,1.0,0.009810338396390861,6.742903970806991,0.9721474934103824,0.0093364902261257,0.08833322234892008,0.06605626463250697,0.0722341025580842,0.2256995284671033,0.263322108836658,0.255987928065093
random,9,2,17,0.219435090697215,0.012683821100113653,0.263322108836658,7.399694093092626,0.7127545127423802,0.005922023401833031,7.102734604058665,0.825388465114508,0.007275516549563152,7.151489467154482,0.8064244997503396,0.007033753701543636,0.08012935352628875,0.03939072726917962,0.07070797600416166,0.1876840213781682,0.2173430312434046,0.21234939989180643
random,9,2,18,0.219435090697215,0.012683821100113653,0.263322108836658,7.798034338681905,0.5702036981220975,0.0044932207605634066,7.59176096379999,0.6430649267986654,0.005183847656863852,7.623871093978644,0.6316069688403491,0.005069745024122607,0.054738733186893804,0.022023529345814107,0.07131291785435957,0.15014724025597184,0.1693332126435157,0.16631607899097006
random,9,2,19,0.219435090697215,0.012683821100113653,0.263322108836658,6.227928208342489,1.0,0.01334156567630404,5.884473222521333,1.0,0.016927664829512204,5.925582424179961,1.0,0.016452123030458232,0.1127372535699916,0.06407489684077161,0.07752412253513634,0.263322108836658,0.263322108836658,0.263322108836658
random,9,2,20,0.219435090697215,0.012683821100113653,0.263322108836658,6.968042109321989,0.8788621555423939,0.007987489753473617,6.652228436824682,1.0,0.009942136065989178,6.709855295148621,0.9862874412734935,0.00955283528760793,0.08299074451139515,0.05768824340977689,0.0770263009802326,0.2314238361741541,0.263322108836658,0.2597112889552478
random,9,2,21,0.219435090697215,0.012683821100113653,0.263322108836658,6.595185807462984,1.0,0.010343112417380255,6.26292463410924,1.0,0.013021824099689352,6.319781659213992,1.0,0.012518611289406997,0.09289260497647467,0.06686252066044225,0.08176554351150553,0.263322108836658,0.263322108836658,0.263322108836658
random,9,2,22,0.219435090697215,0.012683821100113653,0.263322108836658,7.143894455766347,0.8093655993957339,0.007070880261603247,6.813356053137005,0.9423975335549092,0.008891508681643564,6.865291429310277,0.9207991190821527,0.008577117325800535,0.08228508378541052,0.04925534777832995,0.07066586545899413,0.2131238564527304,0.24815410589814388,0.24246676585164945
random,9,2,23,0.219435090697215,0.012683821100113653,0.263322108836658,6.853799678809852,0.9255544301688748,0.008645710962540864,6.493064830115486,1.0,0.011101782697425872,6.614567346631913,1.0,0.010205089557212969,0.08125157912908341,0.10144331083358353,0.07636278972723184,0.24371894439517947,0.263322108836658,0.263322108836658
random,9,2,24,0.219435090697215,0.012683821100113653,0.263322108836658,7.490858718228961,0.6794125504166638,0.005559386044247467,7.221507235909738,0.7795312247305469,0.006700538518202394,7.261073167952463,0.7645043879026693,0.006519273118144023,0.06955058004926047,0.03183509371451506,0.07070591834510187,0.17890434554580814,0.20526780600007039,0.2013109076374093
random,9,2,25,0.219435090697215,0.012683821100113653,0.263322108836658,7.247476806934814,0.7696547167055242,0.006581002991773912,6.927510052923191,0.8952820526205069,0.008215077763628032,6.963203426335368,0.8808141053097768,0.008014324125880176,0.08601814028808856,0.035397944088767286,0.06532575094359067,0.20266710307897925,0.2357475580996437,0.2319378277032446
random,9,2,26,0.219435090697215,0.012683821100113653,0.263322108836658,7.206525258405685,0.7852528160657616,0.006770484258900068,6.893969026834034,0.9089902259050325,0.008408306490553767,6.932101567001051,0.893414058269416,0.008188974058698652,0.07894176100106695,0.03770525922295162,0.07334396923154415,0.20677442749636069,0.23935722319722333,0.23525567388781948
random,9,2,27,0.219435090697215,0.012683821100113653,0.263322108836658,7.689320862672426,0.6083960141037223,0.00484488835919763,7.439086397509226,0.6982847234988926,0.005762512148999413,7.483673444299642,0.6820222510159477,0.005587143366256722,0.07051170167449093,0.032126005126660015,0.07094536264831132,0.1602041214416093,0.18387380596015104,0.1795915374110439
random,9,2,28,0.219435090697215,0.012683821100113653,0.263322108836658,7.431169034385515,0.7011851143918555,0.005794223161286871,7.128994066051996,0.8151495879857771,0.007144287896823298,7.173560201186656,0.79790472469256,0.006926968356927422,0.0760456578681847,0.03810030949396462,0.06509877336419084,0.18463754300653668,0.21464690852574775,0.21010595475677793
random,9,2,29,0.219435090697215,0.012683821100113653,0.263322108836658,7.509133765103522,0.6727883758528851,0.005489407802209086,7.2465453530058515,0.7700080654002707,0.006585253287355215,7.278903238744323,0.7577713132510487,0.006439198149892336,0.07253143822326207,0.026974741743805437,0.07239212908710373,0.1771600539303718,0.20276014760243455,0.19953794022118992
random,9,4,0,0.33289244502671866,0.020833542330593747,0.3994709340320624,7.369842158300529,0.7237866806134122,0.006045837179948293,7.033697128536275,0.8525922796416374,0.007632137463316595,7.084999877082899,0.8323368406139117,0.007365504814399595,0.10428317430627278,0.045480106137909274,0.13169599789600173,0.28913174134460584,0.34058583429697026,0.33249437514933516
random,9,4,1,0.33289244502671866,0.020833542330593747,0.3994709340320624,7.585166650129239,0.6454241522310826,0.005207596377212591,7.2442572073004134,0.77087635774391,0.006595705929129036,7.309741057787531,0.7461813133307642,0.006303019940343938,0.10205832193866587,0.04822199592138751,0.1329705994744163,0.2578281889386026,0.307942698651194,0.2980777461935114
random,9,4,2,0.33289244502671866,0.020833542330593747,0.3994709340320624,7.650739889150442,0.6220559194475062,0.004976199741560018,7.392038964465668,0.7155779715115422,0.005953529947754481,7.441300989462442,0.6974741408167836,0.005753673258657113,0.08926849925217178,0.03568901128066559,0.13208046058549133,0.24849325916186865,0.2858526006524843,0.2786206464952908
random,9,4,3,0.33289244502671866,0.020833542330593747,0.3994709340320624,7.573922374273019,0.6494519675402151,0.005248342641733254,7.2919484978466445,0.7528599797554825,0.006381235539979886,7.345924650150592,0.7326687777414163,0.00614690263966485,0.09127442872274977,0.0413941425886662,0.13955734077391854,0.25943718408225036,0.30074567930828217,0.2926798809804931
random,9,4,4,0.33289244502671866,0.020833542330593747,0.3994709340320624,8.098793388145229,0.4657325783425935,0.0036477096447628124,7.959443865450647,0.5140574985121381,0.004017618060754351,7.974632095856561,0.5087922928049486,0.003975543728263411,0.06362725895008745,0.009155557495844808,0.12141817950613222,0.1860466280796765,0.20535102907682934,0.2032477324351074
random,9,4,5,0.33289244502671866,0.020833542330593747,0.3994709340320624,7.040587804894214,0.8498580670724377,0.007595771360688282,6.744134655182634,0.9716232469572144,0.00932852917209125,6.803675902779244,0.9464540475542679,0.008951369251030128,0.11420705350286409,0.05915209395693432,0.15139872813862842,0.33949359584810984,0.38813524598926363,0.3780808823949294
random,9,4,6,0.33289244502671866,0.020833542330593747,0.3994709340320624,7.863862353399627,0.5472472309424424,0.004292808841985711,7.644339664329065,0.6243280866323511,0.004998324685609472,7.6816473620557595,0.6111079848291143,0.004870726321264852,0.07776682920434655,0.024338530188014445,0.135424603810814,0.21860936249103724,0.24940092390947566,0.24411987749413772
random,9,4,7,0.33289244502671866,0.020833542330593747,0.3994709340320624,7.252830903767218,0.7676249073640559,0.0065566249875443385,6.893473870441809,0.9091934256397157,0.008411192853331886,6.955286633523594,0.8840125709818863,0.008058423637921912,0.10767096930835081,0.055797350035957025,0.13923009658256724,0.30664383873099477,0.3631963469561077,0.353137327426219
random,9,4,8,0.33289244502671866,0.020833542330593747,0.3994709340320624,6.694271946112199,0.992996599504313,0.009656580051774444,6.346422034938834,1.0,0.012289567586941606,6.3903473171049265,1.0,0.011921029833486415,0.13588050191372308,0.057573135918488935,0.15489843590502395,0.3966732790946497,0.3994709340320624,0.3994709340320624
random,9,4,9,0.33289244502671866,0.020833542330593747,0.3994709340320624,7.137807868620688,0.8117260321855843,0.007100774619748064,6.718686588348571,0.9824972140722459,0.009494537309841598,6.835815138622845,0.9330234647339751,0.008754162388626495,0.11375268687674486,0.1009754887548015,0.13994310377929461,0.3242609562553153,0.3924790797893392,0.3727157549311121
random,9,4,10,0.33289244502671866,0.020833542330593747,0.3994709340320624,7.093720229435079,0.8289168561069702,0.007321118393267684,6.801322770746776,0.9474416209410312,0.008965981446026318,6.83390644976468,0.9338180948579706,0.008765751830345076,0.11106605739761288,0.035500918377315255,0.1387119652310866,0.33112819074397204,0.378475389258165,0.37303318656895457
random,9,4,11,0.33289244502671866,0.020833542330593747,0.3994709340320624,7.491873258154747,0.6790443088068591,0.00555547791658582,7.153203625519212,0.8057613670579803,0.007025401411274572,7.19928385556762,0.7880246228415111,0.006804553173472702,0.12002385557855111,0.03910926920950457,0.13136723719026736,0.2712584642882322,0.3218782459056029,0.3147929321267621
random,9,4,12,0.33289244502671866,0.020833542330593747,0.3994709340320624,7.325375246780185,0.7403315304317961,0.0062350841793084805,7.0416859319443885,0.8494227261619735,0.007589991935315929,7.140010051485458,0.8108716498368361,0.007089944003977442,0.09887799457112387,0.07554835959370208,0.15467869823816316,0.2957409279549758,0.3393196898079843,0.32391965534044037
random,9,4,13,0.33289244502671866,0.020833542330593747,0.3994709340320624,7.73721519233612,0.5915202481896888,0.00468668909389368,7.418976894116295,0.7056591657197823,0.0058433973294089,7.487349853171765,0.6806866008035612,0.005572923816511772,0.09847343907234082,0.04531118186456555,0.12516336890219693,0.2362951460432124,0.28189032603836733,0.27191451220610824
random,9,4,14,0.33289244502671866,0.020833542330593747,0.3994709340320624,6.9608470358158385,0.8817654887389247,0.008027424821335897,6.516882846136332,1.0,0.010920003689066081,6.625438440388431,1.0,0.010128480470059681,0.12553590066319267,0.10232409874695832,0.1389340829153488,0.35223968338377626,0.3994709340320624,0.3994709340320624
random,9,4,15,0.33289244502671866,0.020833542330593747,0.3994709340320624,7.2397837540755825,0.7725750712674434,0.006616189380811681,6.911794652158281,0.9016911742607197,0.008305054482341215,6.96491117767132,0.880124936477735,0.008004842998515133,0.11186786419910587,0.049558590245848126,0.13596957082732714,0.3086212853290928,0.3601994155903968,0.3515843304396704
random,9,4,16,0.33289244502671866,0.020833542330593747,0.3994709340320624,7.167709656801003,0.8001592838472854,0.006955116246304693,6.808337055255132,0.9444995462811644,0.008922495257229105,6.871724776837564,0.9181428148007255,0.008538954909142181,0.1153174323201926,0.05812748903613037,0.13919179755605673,0.3196403764929012,0.3773001159457959,0.3667713678032727
random,9,4,17,0.33289244502671866,0.020833542330593747,0.3994709340320624,7.385884570046827,0.7178506911908707,0.005978981365962584,7.134652777935423,0.8129508203684512,0.007116320596388577,7.161533095194862,0.8025425024333399,0.006984956782905995,0.11136174630197701,0.025440569224938238,0.14307691267648928,0.28676048610557875,0.3247502235347166,0.320592403047475
random,9,4,18,0.33289244502671866,0.020833542330593747,0.3994709340320624,7.1909161787425,0.7912327170043173,0.006844134472328392,6.834275560185142,0.9336643966465923,0.008763509418480041,6.90966919408386,0.9025598415208927,0.008317298965048587,0.10432710878280002,0.06844498765549276,0.14258834734406026,0.3160744724984411,0.3729717886008962,0.36054642291218125
random,9,4,19,0.33289244502671866,0.020833542330593747,0.3994709340320624,7.532160590675213,0.6644684606953654,0.005402486994209909,7.273184280740249,0.7599283590222364,0.0064647743034861645,7.303645994446041,0.7484666024696792,0.006329705117285194,0.09952371746282457,0.025860478037600713,0.13684039879474197,0.26543583662882436,0.30356929137606525,0.2989906527803671
random,9,4,20,0.33289244502671866,0.020833542330593747,0.3994709340320624,7.451899996812885,0.6935988744376301,0.0057115578017277145,7.082760095549701,0.8332163131362849,0.007376948628722059,7.143701703315502,0.8094403032579583,0.007071825035455747,0.11276833360237576,0.051210503742304195,0.1206833140215159,0.27707259021518726,0.3328456988593031,0.32334787398565246
random,9,4,21,0.33289244502671866,0.020833542330593747,0.3994709340320624,7.875221732885786,0.5432955648481601,0.00425914117799751,7.645748373528505,0.6238278213159975,0.004993446489436438,7.683214093575177,0.6105540778254915,0.00486543970272919,0.08766220525056467,0.024401018666911953,0.1263355176810191,0.21703078674537146,0.24920108245628803,0.24389860774603364
random,9,4,22,0.33289244502671866,0.020833542330593747,0.3994709340320624,7.843145398635915,0.5544609342120936,0.004354897871619903,7.576038573743054,0.6486934381879947,0.005240649818345014,7.612763988310686,0.6355648232423275,0.0051089269104925865,0.09155485798295682,0.02525022762267737,0.12799930091396422,0.22149102727399494,0.2591341736534282,0.25388967357853526
random,9,4,23,0.33289244502671866,0.020833542330593747,0.3994709340320624,7.513432552652641,0.6712329336350148,0.0054730753999708455,7.149300335205923,0.807271731613704,0.0070444347551764696,7.2001821912904695,0.7876805395777563,0.00680031744085551,0.11849983437833997,0.04211122294496742,0.1287371340209979,0.26813804695226073,0.32248159264540677,0.3146554808640052
random,9,4,24,0.33289244502671866,0.020833542330593747,0.3994709340320624,8.029787499471118,0.489675694253263,0.003826424105800118,7.86984795388439,0.5451646702233288,0.004275035294216491,7.895377704663685,0.5362895009165083,0.004200050224947481,0.06920537662082157,0.01534282058808688,0.12849549628446813,0.19561120695614959,0.21777744001539445,0.21423206784270615
random,9,4,25,0.33289244502671866,0.020833542330593747,0.3994709340320624,7.676578585250337,0.6129006986980193,0.004887869269254065,7.437221474220171,0.698967555961088,0.005769965970986067,7.488809488925549,0.6801565282882454,0.00556728830447749,0.08826684136797472,0.03649738998860855,0.14261303932202615,0.24483601457780144,0.27921722243788366,0.27170276364331025
random,9,4,26,0.33289244502671866,0.020833542330593747,0.3994709340320624,7.525542591040069,0.6668566473435708,0.005427326469580527,7.148506720305538,0.8075789721215856,0.007048310907913724,7.2562332067699,0.766336175920383,0.006541180738470907,0.09745416019716736,0.0751231784050841,0.12883193901448364,0.2663898477798259,0.3226043262980627,0.30612902797747427
random,9,4,27,0.33289244502671866,0.020833542330593747,0.3994709340320624,7.546404959413382,0.6593362293381744,0.00534940830717095,7.249207345674878,0.7689984087396593,0.0065731136925322505,7.312626995909699,0.7451001851385317,0.006290424108542768,0.09266650085461094,0.047006112383962434,0.13287057871251198,0.2633856593748986,0.3071925126084014,0.29764586690475187
random,9,4,28,0.33289244502671866,0.020833542330593747,0.3994709340320624,7.070885698627601,0.8378862300341295,0.007437916675631299,6.757175459940188,0.9660782057932502,0.009244586716474261,6.820830215741371,0.9392721339173175,0.008845563605887431,0.11026119220885983,0.06223216545574073,0.15130654285698913,0.3347111949243372,0.38592016321624867,0.3752119166462392
random,9,4,29,0.33289244502671866,0.020833542330593747,0.3994709340320624,7.339553550778361,0.7350413811104608,0.006174108062068545,6.986730825005804,0.871343742808778,0.007884686860406328,7.032906475759383,0.8529062835602118,0.0076363213166913465,0.10256152745445268,0.042100827730740094,0.13131609970144087,0.29362766706441296,0.3480764988028157,0.3407112697356129
random,9,8,0,0.5127301610284357,0.03011732906417816,0.6152761932341229,7.891756071205143,0.5375478499695542,0.00421060696099133,7.341004835181844,0.734500674419037,0.006167900318140782,7.449949429850949,0.6943115355484432,0.005719285221840915,0.14412028327032797,0.07115572052233567,0.19415257383144605,0.3307403948104547,0.451920778884441,0.4271933585107845
random,9,8,1,0.5127301610284357,0.03011732906417816,0.6152761932341229,7.872164137291463,0.5443589897430862,0.0042681774196415105,7.508056294999734,0.6731784022486368,0.005493509072297089,7.5620838896688625,0.6536995507800539,0.005291586739765972,0.10799849375403149,0.036309446758351814,0.21122631844058912,0.334931126961899,0.41419064470297035,0.40220577112280775
random,9,8,2,0.5127301610284357,0.03011732906417816,0.6152761932341229,7.951061757513265,0.5169638752082465,0.004041028502111933,7.579589042472429,0.6474213169014806,0.0052277684498316206,7.659996667949315,0.6187727843752631,0.004944373114714967,0.11816912872848812,0.04790492105247894,0.20410426676351154,0.31807556517769003,0.3983429232817657,0.3807161632472906
random,9,8,3,0.5127301610284357,0.03011732906417816,0.6152761932341229,8.00921582185748,0.4968060177048132,0.003881376712716525,7.718718598289168,0.5980275124738327,0.004747163325590938,7.761169129133803,0.5831106232851568,0.004609515617093782,0.09123655688724398,0.026450289529557316,0.20086664749625277,0.3056729153492217,0.36795209132417167,0.35877408452926796
random,9,8,4,0.5127301610284357,0.03011732906417816,0.6152761932341229,7.824331346152403,0.5610203977824896,0.004412061615062678,7.307179553801793,0.7471414014122651,0.006314220888314715,7.3919962538438515,0.7155937352984022,0.005953706203111872,0.1582307878141455,0.05874080022532417,0.20988682188911384,0.3451824946743035,0.4596983172685462,0.44028778935658747
random,9,8,5,0.5127301610284357,0.03011732906417816,0.6152761932341229,7.93322699427814,0.5231497492431266,0.004091294219790205,7.396554349543191,0.7139120897612258,0.005934925561775316,7.493099813666965,0.678599192281784,0.005550756748167888,0.15844542975096926,0.061782784773012425,0.18881318649250345,0.3218815862056969,0.4392531128921044,0.41752592775888664
random,9,8,6,0.5127301610284357,0.03011732906417816,0.6152761932341229,7.956952354244855,0.5149213429521746,0.00402456241740368,7.631885322765589,0.6287547530717246,0.005041660464924104,7.689444785198449,0.6083522366921397,0.004844472217877571,0.11029663865772764,0.0361441081869162,0.2019858543217156,0.3168188437066162,0.3868578309478316,0.3743046483374038
random,9,8,7,0.5127301610284357,0.03011732906417816,0.6152761932341229,7.9035575029569864,0.5334481516215672,0.004176304144284895,7.4966874265276315,0.6772977448188308,0.005536970587005266,7.567554398024017,0.6517358717175215,0.005271559738151544,0.11876393906588958,0.045997323007158114,0.2116547437111217,0.32821794801749704,0.41672517811818655,0.40099756614447923
random,9,8,8,0.5127301610284357,0.03011732906417816,0.6152761932341229,7.813320820083517,0.5648632162910255,0.00444586291498939,7.440733671625668,0.6976817610699878,0.005755936247888433,7.505882256878946,0.6739655670877603,0.005501793637655674,0.11737980068965036,0.044126470188745825,0.21098739008527456,0.34754688941752515,0.42926697804002095,0.414674968488634
random,9,8,9,0.5127301610284357,0.03011732906417816,0.6152761932341229,7.923165992102731,0.526640750133657,0.0041199256226667254,7.527618916938127,0.6661071224316758,0.005419521082454746,7.591514772662502,0.643152967315689,0.005184732338804498,0.1162771645313067,0.0417174858993285,0.19745036025402846,0.3240295159441993,0.4098398545758973,0.3957167093972274
random,9,8,10,0.5127301610284357,0.03011732906417816,0.6152761932341229,7.986899425139974,0.5045403752404483,0.0039418827363107214,7.693414047970865,0.6069503593093953,0.004831162020826595,7.731668633318767,0.5934702967931046,0.004704742134185123,0.0962752983946046,0.02428171507122326,0.20356348554565978,0.3104316814108589,0.37344210655796783,0.36514814500838644
random,9,8,11,0.5127301610284357,0.03011732906417816,0.6152761932341229,8.039724788004674,0.4862306608602858,0.003800158246567424,7.6830968580228545,0.6105955222042005,0.004865835091686097,7.735719731156261,0.5920459134629117,0.004691549716001043,0.1111336650320697,0.032363346213136385,0.1967910981092304,0.2991661500478285,0.37568488850760184,0.3642717558552792
random,9,8,12,0.5127301610284357,0.03011732906417816,0.6152761932341229,7.931572075778214,0.5237239021903358,0.004095990044730253,7.579582899843951,0.6474235172385681,0.005227790708387175,7.639595989642921,0.6260133212378883,0.0050147865497444655,0.11665482079142736,0.03847847997003608,0.2029825181173827,0.32223484884538994,0.39834427709679265,0.385171093205098
random,9,8,13,0.5127301610284357,0.03011732906417816,0.6152761932341229,7.86938400320037,0.5453260669814475,0.00427641030726136,7.459310074780369,0.6908936249291734,0.005682296882560729,7.5314602621939795,0.6647210700630601,0.005405110163951404,0.11923916412497235,0.047299381509149335,0.20900340753586788,0.3355261465636813,0.4250903994761457,0.4089870495509123
random,9,8,14,0.5127301610284357,0.03011732906417816,0.6152761932341229,7.864653458233498,0.5469719427206424,0.004290455516590576,7.446285484668467,0.6956508258032853,0.005733828683131194,7.521953664611867,0.6681527574788092,0.005440844588488565,0.12606432995268693,0.049901701026598855,0.2094192326227609,0.33653881472302954,0.4280173919204193,0.41109848512044384
random,9,8,15,0.5127301610284357,0.03011732906417816,0.6152761932341229,7.913961961187197,0.5298354439490502,0.004146293731755369,7.51632513338025,0.6701868839137558,0.005462112963828359,7.6190569425910635,0.6333217158485583,0.005086690591916891,0.1184071781312912,0.06148696781625436,0.20506313936253778,0.3259951349934831,0.4123500346898947,0.3896677744198038
random,9,8,16,0.5127301610284357,0.03011732906417816,0.6152761932341229,7.987843849295333,0.5042130503335551,0.003939303125989595,7.639833864872766,0.625928790034285,0.005013959767138938,7.697143356845919,0.6056337943155704,0.004818689787633396,0.1094727820081858,0.03535786608831069,0.2014223595134519,0.310230286188195,0.38511908316793547,0.37263205546042194
random,9,8,17,0.5127301610284357,0.03011732906417816,0.6152761932341229,7.6734844851330495,0.6139955303255,0.0048983633692163435,7.1212298343929135,0.8181708655073455,0.007182840352851867,7.237834341887914,0.7733158041948653,0.00662513541419962,0.1645877592811744,0.0834778345375261,0.2088469105481644,0.3777768325614401,0.503401055544427,0.4758028041728011
random,9,8,18,0.5127301610284357,0.03011732906417816,0.6152761932341229,7.927022428874579,0.5253024966284772,0.004108927445032119,7.52260371782491,0.6679179438061105,0.005438393591079551,7.588969714306159,0.6440632811209279,0.005193886797564495,0.12607440554138233,0.04218953618871411,0.19932614447506394,0.32320612042195007,0.41095400985778646,0.3962768038099632
random,9,8,19,0.5127301610284357,0.03011732906417816,0.6152761932341229,7.904812395476509,0.5330123383580314,0.004172673069077317,7.266028044282197,0.7626309282895585,0.006496921349873388,7.446634898207951,0.6955230684627519,0.005732440146592514,0.1727804593758141,0.10617924640699503,0.19023410886865175,0.3279498024917478,0.46922865440060485,0.4279387858702782
random,9,8,20,0.5127301610284357,0.03011732906417816,0.6152761932341229,7.662580692816659,0.617856954528688,0.0049355251270270725,7.185160309120638,0.7934427116493976,0.006871494817730852,7.294970460201126,0.7517240328262678,0.006367882980692092,0.14691678365056837,0.07782415693000082,0.21889729565291793,0.38015267494563976,0.4881864111730012,0.46251790127994885
random,9,8,21,0.5127301610284357,0.03011732906417816,0.6152761932341229,8.005949836886801,0.4979379378050539,0.0038901733586371072,7.627878129336856,0.6301805222145378,0.005055683520145215,7.6932931590418345,0.6069930460818298,0.004831566859310144,0.11735823489093641,0.03983335194432486,0.19639981162480447,0.306369358839543,0.3877350727584524,0.37346837071281275
random,9,8,22,0.5127301610284357,0.03011732906417816,0.6152761932341229,7.929434694692975,0.5244654826457076,0.004102062831928086,7.454137548655,0.6927816451462544,0.00570270631134024,7.541210943576128,0.6612063690158536,0.005368702050211947,0.14506623221356663,0.05564628046111168,0.1995336903572281,0.3226911256449479,0.4262520533680604,0.4068245376702311
random,9,8,23,0.5127301610284357,0.03011732906417816,0.6152761932341229,8.002001765504094,0.49930624071951063,0.003900833765792577,7.549299320509033,0.6582947167283992,0.005338686984941589,7.641785426354501,0.6252353793829974,0.005007181872126568,0.12585377304587547,0.05569511009276156,0.18399139795639227,0.30721124304794106,0.4050330673347847,0.38469244410206327
random,9,8,24,0.5127301610284357,0.03011732906417816,0.6152761932341229,7.824532921581661,0.5609500739022225,0.004411445198522726,7.3635132951340125,0.7261332127819694,0.006072417521133319,7.442292936924272,0.6971111673189815,0.005749718590631508,0.13771804816264943,0.05391308761006375,0.20369697058441477,0.34513922606495934,0.44677247894135347,0.42891590528901863
random,9,8,25,0.5127301610284357,0.03011732906417816,0.6152761932341229,7.944631371232437,0.5191938849063198,0.004059080391594663,7.5005574812066085,0.675894663557299,0.005522137470509643,7.584022154294039,0.6458338336040168,0.005211729223653601,0.1427363970048531,0.05242676107477813,0.19644599272389734,0.31944763705559576,0.4158618956207932,0.3973661826016794
random,9,8,26,0.5127301610284357,0.03011732906417816,0.6152761932341229,8.042256603502695,0.4853528357152704,0.0037934951182566736,7.75823086666596,0.5841411496197709,0.004618913145930528,7.8113831194352095,0.5655398233924124,0.004451838217521258,0.091767942650068,0.030863098984520644,0.20419554237088033,0.2986260451342782,0.3594081428494568,0.34796318965918166
random,9,8,27,0.5127301610284357,0.03011732906417816,0.6152761932341229,7.910820954111285,0.5309259286285432,0.004155330794453757,7.49087188382438,0.6794077713977064,0.005559335311215609,7.560534464862618,0.6542560084070376,0.0052972728479430435,0.12704327820202527,0.04516406976780665,0.20133183831733853,0.32666608425586163,0.41802342723925995,0.4025481462532344
random,9,8,28,0.5127301610284357,0.03011732906417816,0.6152761932341229,7.7925893827075585,0.572107505165509,0.004510210917708616,7.28535389941948,0.7553411825041648,0.006410471109271797,7.387358311922474,0.7173062350984737,0.005972876835243335,0.13770867694285246,0.06939927281212842,0.20408045606726466,0.35200412789890567,0.4647434473641234,0.44134144971448963
random,9,8,29,0.5127301610284357,0.03011732906417816,0.6152761932341229,7.882557699609906,0.5407448280401289,0.004237538820719911,7.511504610271283,0.6719303984469022,0.0054803942215391616,7.566868284693455,0.6519820728530225,0.005274067369700968,0.11802474638824753,0.036908531198252464,0.2071593073712977,0.3327074193075709,0.4134227776746973,0.4011490478419002
random,9,16,0,0.7400338079989403,0.0320509681523647,0.8880405695987282,8.020707563345324,0.492823056307933,0.003850582537724157,6.8155836925506685,0.9414654148431556,0.008877790057389024,7.145481700785467,0.8087505580529992,0.007063105196492481,0.24471807065847714,0.20790542612515012,0.2894491250097532,0.4376468676350829,0.8360594832548188,0.7182033062366747
random,9,16,1,0.7400338079989403,0.0320509681523647,0.8880405695987282,7.9330733783102385,0.5232030431414074,0.004091729877753355,6.797640194593303,0.9489883085389675,0.008988896951122271,7.072085367961687,0.8374138678440856,0.007431734266074934,0.23124067335644766,0.18011014460490823,0.29912487627562306,0.46462552844708344,0.8427401180574784,0.7436574881901359
random,9,16,2,0.7400338079989403,0.0320509681523647,0.8880405695987282,7.959345446613884,0.5140916210254397,0.004017892146941909,6.825855404242961,0.9371740587881678,0.008814806378636627,7.110637567975255,0.8223008371258453,0.007235770833889578,0.23071402239506447,0.18156277977631208,0.301182274332478,0.456534215961365,0.8322485849793966,0.7302365037827467
random,9,16,3,0.7400338079989403,0.0320509681523647,0.8880405695987282,7.929973817755551,0.524278425176276,0.004100530211760281,6.719285082332662,0.9822406627078956,0.009490599370912858,7.030848397382047,0.8537239043385512,0.007647222694055154,0.2427120112149506,0.20418629777466318,0.29887172539751283,0.46558051132186434,0.8722695575941519,0.7581414622888571
random,9,16,4,0.7400338079989403,0.0320509681523647,0.8880405695987282,8.127461560635284,0.4557635149398367,0.003575940480861834,7.067524329206872,0.8392104219345868,0.007455266658465839,7.3553624160309665,0.7291592803776701,0.006106822313756888,0.23128604027189414,0.1655725830104587,0.28656130593256524,0.4047364914094911,0.7452529011079796,0.6475230226747849
random,9,16,5,0.7400338079989403,0.0320509681523647,0.8880405695987282,8.0084866247556,0.4970587429508811,0.0038833390151867975,6.87073122347277,0.9185527769100948,0.008544837531009737,7.165886590706794,0.8008623876631226,0.006963910656042793,0.2429976680880141,0.1834407485148508,0.2900088993745584,0.4414083292141283,0.8157121312137342,0.7111982909105569
random,9,16,6,0.7400338079989403,0.0320509681523647,0.8880405695987282,7.97492359564802,0.5086912515002636,0.003974740541819566,6.822448414480187,0.9385962313243499,0.00883564754262713,7.11887545384335,0.819088026056937,0.007194571831483199,0.23543826744657265,0.18964053246257068,0.2982088058324726,0.45173846873218404,0.8335115318884954,0.7273833972111002
random,9,16,7,0.7400338079989403,0.0320509681523647,0.8880405695987282,8.042009609065003,0.485438475078554,0.003794144633488999,6.968814520317891,0.8785507659285493,0.007983214439950318,7.2454738913066885,0.7704146078917777,0.006590145844164388,0.2266123472385982,0.17302303981505435,0.28794997935251,0.4310890599138971,0.7801887225965879,0.6841594272193952
random,9,16,8,0.7400338079989403,0.0320509681523647,0.8880405695987282,7.987058085459649,0.5044853855440714,0.003941449251777737,6.909991238076676,0.9024281947695475,0.008315442552461128,7.168827444012135,0.7997283195887307,0.006949729571501679,0.2222975457432551,0.16299753608409978,0.29831779728634933,0.4480034891327912,0.801392848105101,0.7101911924518102
random,9,16,9,0.7400338079989403,0.0320509681523647,0.8880405695987282,8.011462893794292,0.49602722169133295,0.003875335973897053,6.912626595536238,0.9013512825927691,0.008300266676809609,7.167466508784784,0.8002530433433545,0.006956288542033599,0.2258858064597432,0.16496434909115315,0.2966395150663641,0.44049229648724597,0.800436506402227,0.7106571684337483
random,9,16,10,0.7400338079989403,0.0320509681523647,0.8880405695987282,7.992300621708454,0.5026684137936722,0.003927152611139425,6.913503749256424,0.9009929936409543,0.008295221676485068,7.153851410439424,0.8055108305631712,0.007022247641832577,0.21831610373833266,0.1578867988494589,0.29348492668597603,0.4463899445046219,0.8001183312773764,0.7153262967912632
random,9,16,11,0.7400338079989403,0.0320509681523647,0.8880405695987282,8.08694441266971,0.46984824177322904,0.003677791955448396,6.999324769566,0.8662956444635925,0.007816157372004619,7.269087702601096,0.761474974742285,0.006483157321552841,0.22606619765171493,0.16552953278760174,0.281756001993999,0.4172443002492593,0.7693056775503461,0.676220670305316
random,9,16,12,0.7400338079989403,0.0320509681523647,0.8880405695987282,8.073266823498159,0.4745962995171315,0.0037128253712137094,6.9800825177067365,0.8740145800234771,0.007921105360106368,7.2358075541091305,0.7740862469870299,0.0066344493576130075,0.23039510809900665,0.1597352478185205,0.279937236377204,0.4214607681526421,0.7761604054816419,0.6874199916929038
random,9,16,13,0.7400338079989403,0.0320509681523647,0.8880405695987282,7.985757936731923,0.5049360025827899,0.003945002864877244,6.756215447408634,0.9664857835314681,0.009250740388815905,7.0725716031204175,0.8372224518284488,0.0074292299519190565,0.24622432176972608,0.20319935091915484,0.2928319761404554,0.4484036553445257,0.8582785857163581,0.7434875030025795
random,9,16,14,0.7400338079989403,0.0320509681523647,0.8880405695987282,8.019615618842385,0.49320153292480295,0.003853498063120121,6.937757979916275,0.8911156289276356,0.008156930188430434,7.206801564876667,0.7851471356876215,0.006769187692800597,0.2236800269827574,0.16624884221183,0.29228133486213853,0.4379829702255079,0.7913468306912265,0.6972425095948453
random,9,16,15,0.7400338079989403,0.0320509681523647,0.8880405695987282,7.89004411745317,0.5381427479443219,0.0042156063841020785,6.751625865957214,0.9684356849098388,0.009280216217240535,7.011461979539743,0.8614445066373163,0.007750676859496948,0.22467663436923008,0.18085022391735833,0.2994402262861478,0.4778925924099005,0.8600101772470677,0.7649976703518978
random,9,16,16,0.7400338079989403,0.0320509681523647,0.8880405695987282,7.986118793172373,0.5048109333869952,0.003944016238023823,6.855833280877159,0.9247119458823048,0.008633532678573738,7.149710443700241,0.8071129823997103,0.007042432549673087,0.2251233602390512,0.1860558343996496,0.292372654736263,0.4482925888246529,0.8211817231360703,0.716749072620767
random,9,16,17,0.7400338079989403,0.0320509681523647,0.8880405695987282,8.045283154828692,0.4843034147396971,0.003785545293191649,6.915567682959853,0.9001502406490182,0.008283362935472542,7.20153985365975,0.7871606449840521,0.006793920945403976,0.23687299385556965,0.17782949387175354,0.2873600906345051,0.43008108028404973,0.7993699324303863,0.6990305875373399
random,9,16,18,0.7400338079989403,0.0320509681523647,0.8880405695987282,7.971938342279738,0.5097260339474773,0.003982973669404881,6.809087312044838,0.9441851630982628,0.008917856423553853,7.118913687287165,0.8190731282814924,0.007194381167756485,0.22556636707782002,0.20008743113880828,0.2918313626781771,0.4526573975260184,0.8384747300444495,0.7273701673821087
random,9,16,19,0.7400338079989403,0.0320509681523647,0.8880405695987282,8.055562306584452,0.48073866820755734,0.0037586692742966866,6.917605021031341,0.8993187559924307,0.008271673631873228,7.183991380987127,0.7938918518673722,0.006877064628604731,0.23562561338894442,0.1723994360197087,0.28057075112508556,0.4269154407431732,0.7986315403223379,0.7050081723320903
random,9,16,20,0.7400338079989403,0.0320509681523647,0.8880405695987282,8.069093290151471,0.47604459001731003,0.0037235816537871,6.872649709522748,0.9177612563436035,0.008533482215979606,7.212786092749625,0.7828596758051245,0.006741166187513317,0.24967231086713756,0.20017780684496522,0.29047401053040545,0.4227469088733651,0.815009228839018,0.6952111524178585
random,9,16,21,0.7400338079989403,0.0320509681523647,0.8880405695987282,8.084913474537359,0.47055344064395166,0.0036829729726707886,6.94326179052327,0.888882169595271,0.008125871183003095,7.258292242599934,0.765556673952515,0.0065318517268221675,0.23689237826796425,0.18617865644552373,0.2892831646291044,0.4178705454560962,0.7893634281935378,0.6798453847968994
random,9,16,22,0.7400338079989403,0.0320509681523647,0.8880405695987282,8.07760675413802,0.47309002173741177,0.003701673192714881,6.989245320664377,0.8703346656200527,0.007870956485781008,7.298059184899146,0.7505636754290832,0.00635426430370011,0.2219452605102662,0.1781299438716687,0.29158746052944623,0.42012313237516585,0.7728924921987502,0.6665309938481581
random,9,16,23,0.7400338079989403,0.0320509681523647,0.8880405695987282,7.948176363629226,0.5179644660844388,0.004049118657235451,6.695202672541124,0.9925951316417735,0.009650352307491793,7.085249176844034,0.8322389775729427,0.007364232154622321,0.24000786333484098,0.24392760824077123,0.3068284707883871,0.4599734594935262,0.8814647460840852,0.7390619756861393
random,9,16,24,0.7400338079989403,0.0320509681523647,0.8880405695987282,8.030457069907962,0.4894435871533539,0.0038246486328558024,6.8765672624912195,0.9161461181702745,0.008510341483112988,7.168315697814028,0.7999256113506723,0.00695219518511521,0.23246363778143164,0.18554337934189044,0.2843440946447401,0.4346457619221092,0.8135749206155943,0.710366395540462
random,9,16,25,0.7400338079989403,0.0320509681523647,0.8880405695987282,7.979932416223882,0.5069551165267723,0.0039609647669740095,6.693537592594088,0.9933134303495355,0.009661496647755948,7.092273939472427,0.8294836126304533,0.007328461434550531,0.24445798711031302,0.24556652883073082,0.2987545339809907,0.4501967104414245,0.8821026244776682,0.7366150998331586
random,9,16,26,0.7400338079989403,0.0320509681523647,0.8880405695987282,7.921330814971944,0.5272776513211551,0.004125169699865263,6.736041601978657,0.9750737414490924,0.00938100625987134,7.039152653099539,0.8504271812380674,0.00760333117647285,0.23549989134984983,0.20219853046704112,0.3011307943873228,0.4682439458159182,0.8659050407572151,0.7552138384288942
random,9,16,27,0.7400338079989403,0.0320509681523647,0.8880405695987282,8.020493625785234,0.4928972090853062,0.003851153583781907,6.821725391144065,0.9388981961120141,0.008840076739549953,7.1680786445860605,0.8000170088963708,0.006953337613464812,0.23688527614054525,0.20903453321516718,0.29597609698974725,0.4377127183097388,0.8337796888705314,0.710447560269004
random,9,16,28,0.7400338079989403,0.0320509681523647,0.8880405695987282,8.039953870755726,0.48615123568940305,0.0037995548747057307,6.9580292318207135,0.8829038583851628,0.008043118930870372,7.239276661988527,0.7727677268894262,0.00661851531032696,0.22020387918747925,0.16851990160533561,0.2977527508473302,0.4317220202527431,0.7840544453012749,0.6862490923544005
random,9,16,29,0.7400338079989403,0.0320509681523647,0.8880405695987282,8.002377431481744,0.4991760446623426,0.0038998181528495397,6.830874772853312,0.9350810212881049,0.008784191534165667,7.1162199025025314,0.8201230727963265,0.007207826988538193,0.23092810032619399,0.1852355807725855,0.2904673768044844,0.44328857903198693,0.8303898827656492,0.728302560707109
random,10,2,0,0.24157278261201465,0.013034187851153232,0.28988733913441755,7.700153845035122,0.9904610716667155,0.004808645056590541,7.299383266945348,1.0,0.006348435138626211,7.368162124697023,1.0,0.006052881722087032,0.10271028629513967,0.0778517132681783,0.07961989029730454,0.2871221245816878,0.28988733913441755,0.28988733913441755
random,10,2,1,0.24157278261201465,0.013034187851153232,0.28988733913441755,8.061405056855982,0.8416236308720065,0.003743477875164764,7.713153949175705,0.9848707128247421,0.004765509066327796,7.784107780877723,0.9546842206506201,0.004536804535778444,0.09555451696271838,0.0655245033580627,0.08654412151424856,0.2439760349061332,0.2855015503321816,0.27675086843802343
random,10,2,2,0.24157278261201465,0.013034187851153232,0.28988733913441755,7.734827136849287,0.9755921472164679,0.0046944532723064,7.31838414504873,1.0,0.006265371865342943,7.3811252078500855,1.0,0.005998738228128088,0.1099146575683437,0.07215836155833885,0.07759892703029034,0.28281181163701485,0.28988733913441755,0.28988733913441755
random,10,2,3,0.24157278261201465,0.013034187851153232,0.28988733913441755,8.586870731598301,0.6448142830871094,0.0026007244518482147,8.286432480079645,0.7549351514438813,0.00320284016752186,8.335626487926856,0.73650522479636,0.003095468539657566,0.08725711086223101,0.037323129246961934,0.07911828367734874,0.1869234967599892,0.2188461422711053,0.21350353987481285
random,10,2,4,0.24157278261201465,0.013034187851153232,0.28988733913441755,8.317594647674676,0.7432405975966481,0.003134400726233682,8.010008356117757,0.8620247928236349,0.003879245091572776,8.058655299970527,0.8427091089329211,0.00375061969640046,0.08301258615995605,0.04334964667832812,0.07922218630808794,0.2154560391739667,0.24989007345954106,0.2442907012529005
random,10,2,5,0.24157278261201465,0.013034187851153232,0.28988733913441755,8.52641494754724,0.666541709992589,0.002712022856093143,8.153478008870476,0.80565524267053,0.003512032695478557,8.2193441741263,0.7803562104238534,0.003355296152918271,0.0894370838003031,0.04986337225794621,0.06454843839178362,0.19322200273185625,0.2335492545574534,0.22621538541678848
random,10,2,6,0.24157278261201465,0.013034187851153232,0.28988733913441755,8.524883482908015,0.6670946256068264,0.0027149032793496557,8.191768011483912,0.7909058767336383,0.003420047288483614,8.251156583618117,0.76825943099633,0.0032821193488859557,0.0929915351312811,0.04567598395635835,0.07479995778830154,0.1933822859680334,0.22927360011208806,0.22270868221644777
random,10,2,7,0.24157278261201465,0.013034187851153232,0.28988733913441755,7.754211516712718,0.9673368816533173,0.004631799385182672,7.369738910561558,1.0,0.006046269871084155,7.434649709744302,1.0,0.005780260750569709,0.10350595655989336,0.07238050437464792,0.08205724244137108,0.28041871466906515,0.28988733913441755,0.28988733913441755
random,10,2,8,0.24157278261201465,0.013034187851153232,0.28988733913441755,8.486112951265532,0.6811358832811382,0.00278885191989522,8.16703781579925,0.8004183619497914,0.0034791779458843257,8.224006529540521,0.7785784543029397,0.0033444703496279485,0.08369653088010927,0.04488509368278906,0.07882129778267738,0.19745266879334036,0.23203114913995418,0.2257000364252669
random,10,2,9,0.24157278261201465,0.013034187851153232,0.28988733913441755,7.750758762113935,0.9688043327753435,0.004642897793766713,7.330979522322637,1.0,0.006210910430351175,7.396942474997715,1.0,0.005933329114992562,0.10903870713954517,0.07518246497334227,0.07218993551517047,0.2808441101701391,0.28988733913441755,0.28988733913441755
random,10,2,10,0.24157278261201465,0.013034187851153232,0.28988733913441755,8.370812214094443,0.7234272543100079,0.003020886688587956,8.06747336801187,0.8392305054542313,0.0037277650050193925,8.119038841823622,0.8190243623091749,0.003596878539281057,0.08175634745972458,0.04367354194585896,0.0814740640198863,0.20971240180924577,0.2432822981465594,0.23742479307606984
random,10,2,11,0.24157278261201465,0.013034187851153232,0.28988733913441755,7.9989679142842816,0.8664384820946462,0.003909045481462791,7.632566901663295,1.0,0.0050392791731736514,7.690845336885569,0.9944754973415001,0.004839771542236812,0.09942858758121466,0.060069368081272966,0.07772723819030936,0.2511695460980807,0.28988733913441755,0.288285855758704
random,10,2,12,0.24157278261201465,0.013034187851153232,0.28988733913441755,8.314291935399456,0.744476737043104,0.003141584421868543,7.992800847251726,0.8689088235118003,0.003925791185846332,8.051836522510197,0.8454037456850568,0.003768388645384079,0.08338161752849288,0.050785257661301965,0.08130937522800669,0.21581438034889888,0.251885666798253,0.24507184233091095
random,10,2,13,0.24157278261201465,0.013034187851153232,0.28988733913441755,8.531640159458187,0.6646561783527505,0.0027022181071190755,8.259091228521173,0.7652542828145795,0.0032641176459611582,8.290880353808742,0.7532616510190491,0.0031929809175622803,0.07617763387956404,0.026336547237804583,0.08045395683916531,0.1926754109819297,0.2218375278063355,0.21836101568591038
random,10,2,14,0.24157278261201465,0.013034187851153232,0.28988733913441755,8.599346609140449,0.6403536702540844,0.002578331339874518,8.336659666719573,0.7361199952666752,0.0030932525290289447,8.371575700989984,0.7231444105617189,0.0030192884317447495,0.07468072029867513,0.027016778731614285,0.08234241320471922,0.18563042157491474,0.21339186671149651,0.20963040898766347
random,10,2,15,0.24157278261201465,0.013034187851153232,0.28988733913441755,7.000542055442918,1.0,0.007809565206043228,6.604717903536624,1.0,0.010274999233173024,6.6866462563599605,1.0,0.009707757216830416,0.10368282963242101,0.11836580333337227,0.08411437011174773,0.28988733913441755,0.28988733913441755,0.28988733913441755
random,10,2,16,0.24157278261201465,0.013034187851153232,0.28988733913441755,7.697523837635042,0.9915943204109529,0.004817419126059607,7.291214363372848,1.0,0.0063844835425006545,7.33921031362661,1.0,0.006175577142724743,0.10586426593330264,0.06119160140974953,0.0734985015616116,0.28745063904473217,0.28988733913441755,0.28988733913441755
random,10,2,17,0.24157278261201465,0.013034187851153232,0.28988733913441755,8.024054455574916,0.8564256837139271,0.003841659967675264,7.657422710403923,1.0,0.004953202400079371,7.7078183912222,0.987162865762387,0.004783166107578939,0.10262916920976475,0.0522847413983588,0.07527945802701774,0.2482669626182046,0.28988733913441755,0.2861660164481646
random,10,2,18,0.24157278261201465,0.013034187851153232,0.28988733913441755,8.043270165587783,0.8487948641420504,0.003790830942945007,7.6702915633507445,1.0,0.004909216259452541,7.747856164566672,0.9700389593566051,0.004652248369803302,0.09182681086554625,0.07240710720567758,0.07989574122144677,0.24605488463709843,0.28988733913441755,0.28120201278460566
random,10,2,19,0.24157278261201465,0.013034187851153232,0.28988733913441755,8.105237825962663,0.8244098970738322,0.0036314518687237756,7.723168657204125,0.9805768807223779,0.004732543042996987,7.802057857489902,0.9471330539308618,0.0044807071165953154,0.0930838429545276,0.07161618718721138,0.0772498650159352,0.23898599141881224,0.2842568227693373,0.27456188081027233
random,10,2,20,0.24157278261201465,0.013034187851153232,0.28988733913441755,7.938427027453467,0.8908439721150083,0.0040765741509908035,7.540500105629806,1.0,0.0053713479437342325,7.620558327558254,1.0,0.005081399724430855,0.09568641677005259,0.07947666414056928,0.07871504975811466,0.25824438866035504,0.28988733913441755,0.28988733913441755
random,10,2,21,0.24157278261201465,0.013034187851153232,0.28988733913441755,7.994291608240565,0.8683113462035922,0.003921736695101151,7.618793699784196,1.0,0.005087618824733058,7.706127481986193,0.9878899370708065,0.004788775499085008,0.09072434762080338,0.07941991907289866,0.08421884328713371,0.2517124656911834,0.28988733913441755,0.28637678521512333
random,10,2,22,0.24157278261201465,0.013034187851153232,0.28988733913441755,7.935630984054134,0.891979550819565,0.004084482496407317,7.572613543050813,1.0,0.005253106165119893,7.635247360526429,1.0,0.0050299251241977695,0.09358694258620619,0.06497766863960075,0.08579060876423181,0.25857357854939667,0.28988733913441755,0.28988733913441755
random,10,2,23,0.24157278261201465,0.013034187851153232,0.28988733913441755,8.060618102581333,0.8419342159643272,0.00374552040629479,7.685481789025178,0.9967929996196876,0.004857797984729744,7.747142235913168,0.9703427703019875,0.004654551140145842,0.10214767313677675,0.060039609924376756,0.08727135907329533,0.24406606959212085,0.28895767032756575,0.2812900837311625
random,10,2,24,0.24157278261201465,0.013034187851153232,0.28988733913441755,7.594028581836707,1.0,0.005175706121231799,7.179575937788567,1.0,0.006898144484077891,7.257212547889056,1.0,0.00653674191164002,0.1132883923108353,0.08806405569402245,0.0820416873714718,0.28988733913441755,0.28988733913441755,0.28988733913441755
random,10,2,25,0.24157278261201465,0.013034187851153232,0.28988733913441755,7.576098676960751,1.0,0.005240431495451416,7.204716331199524,1.0,0.006778978773819363,7.252866713281872,1.0,0.006556462245843524,0.1015554905395061,0.06397625974454578,0.08455814304611628,0.28988733913441755,0.28988733913441755,0.28988733913441755
random,10,2,26,0.24157278261201465,0.013034187851153232,0.28988733913441755,8.847412603805724,0.5529743262223712,0.002171017990082365,8.620593997055796,0.6327741175370974,0.0025406370461908295,8.641279574746969,0.6254150976072501,0.0025044689231058055,0.06936578779575707,0.01482798984024237,0.07899420854848885,0.16030025603825057,0.18343320520595835,0.18129991849985777
random,10,2,27,0.24157278261201465,0.013034187851153232,0.28988733913441755,8.076888090388882,0.8355240907794138,0.003703517602627993,7.733236068270439,0.9762715531890197,0.004699633381117582,7.792384117382269,0.9511983410620815,0.004510852672028343,0.09265194171090957,0.056994493079552455,0.08665971673210696,0.24220785545874782,0.28300876282658993,0.275740356079559
random,10,2,28,0.24157278261201465,0.013034187851153232,0.28988733913441755,7.375099851003522,1.0,0.006023844103387482,6.936143614181005,1.0,0.008166062845421138,7.005534892238708,1.0,0.007782584804644073,0.11419935658163997,0.09204861205185202,0.07373862540408133,0.28988733913441755,0.28988733913441755,0.28988733913441755
random,10,2,29,0.24157278261201465,0.013034187851153232,0.28988733913441755,8.011663629938583,0.8613640231506644,0.003874796798352728,7.602847009854288,1.0,0.005144166271878755,7.680536556549377,0.998932612987771,0.004874477989416312,0.10457214610652013,0.07462656838899656,0.07867277635375608,0.24969852469726295,0.28988733913441755,0.28957791715361586
random,10,4,0,0.3635469531818718,0.021213495575895247,0.43625634381824613,8.174056235043592,0.7977137014320743,0.0034622935525486743,7.650281208935121,1.0,0.00497778209069211,7.745968180113828,0.9708425075338716,0.004658340525135373,0.13757194962707728,0.08935872143039515,0.13147699842633892,0.34800766280047674,0.43625634381824613,0.4235362027600649
random,10,4,1,0.3635469531818718,0.021213495575895247,0.43625634381824613,8.515155566706168,0.6706097805411134,0.002733271397489845,8.09912421118896,0.8268007992702406,0.0036468732877887058,8.157736004441775,0.8040091544420902,0.003501682501666738,0.11635010655901101,0.04881289058261675,0.135301656154317,0.29255777098762253,0.3606970937556388,0.3507540941133059
random,10,4,2,0.3635469531818718,0.021213495575895247,0.43625634381824613,8.52786624956309,0.6660178544841442,0.002709296025358057,8.097953104050266,0.827259160378608,0.0036498348376184354,8.180953853175552,0.7950594824918944,0.0034457796121104643,0.11502527657783673,0.06422023846119532,0.13181798435696027,0.29055451411492544,0.3608970566969236,0.3468497429499407
random,10,4,3,0.3635469531818718,0.021213495575895247,0.43625634381824613,8.206089380842755,0.7854195406660122,0.003386265058046912,7.689391028348566,0.9951035622857893,0.0048446527331010465,7.788029118665306,0.9530317035669237,0.0045244899531393466,0.12812230174240827,0.08982990171781592,0.1372865409256785,0.34264425717436076,0.4341202418033108,0.41576612654098066
random,10,4,4,0.3635469531818718,0.021213495575895247,0.43625634381824613,8.853297184881226,0.5509249129299069,0.002162180701901662,8.466297361265003,0.6883457565716717,0.002827421408555575,8.531205174283002,0.6648130872078983,0.0027030329723550647,0.10433430155818954,0.043162353935856906,0.12601709937363675,0.24034448823318677,0.300295203044762,0.29002892674783853
random,10,4,5,0.3635469531818718,0.021213495575895247,0.43625634381824613,8.477770418892804,0.684168486440897,0.002805025460307921,8.004038701166461,0.8644099145543247,0.003895330079608652,8.09136590268448,0.8298395367254379,0.0036665377215339425,0.1272752007118051,0.06960193343723141,0.13077446722267302,0.29847284245036904,0.3771043088837122,0.3620227622476667
random,10,4,6,0.3635469531818718,0.021213495575895247,0.43625634381824613,8.637916786271463,0.6266101138219863,0.00251031341696876,8.184443413549706,0.7937181532369674,0.00343745510460118,8.24777782176634,0.7695405402936685,0.003289815012326059,0.12322199712165174,0.04947715028134765,0.1268769020438035,0.2733626372555148,0.3462645795533298,0.33571694252843354
random,10,4,7,0.3635469531818718,0.021213495575895247,0.43625634381824613,8.533272526037697,0.664067438826712,0.0026991623566791755,8.077139337937092,0.8354252854060875,0.0037028726855306356,8.174715787100672,0.7974597379844545,0.0034607110691649793,0.12375478110841368,0.07277400051897431,0.13775327696503015,0.2897036329112882,0.3644595805445745,0.34789686963535466
random,10,4,8,0.3635469531818718,0.021213495575895247,0.43625634381824613,8.830910131090782,0.5587257645621311,0.0021959940624435076,8.50086095036257,0.6757846774454483,0.0027604880088673775,8.550692551633619,0.6577935313868044,0.0026667669138059485,0.0944547338695843,0.03425384069332532,0.13219096989034443,0.2437476592449295,0.2948153525907441,0.2869666009901
random,10,4,9,0.3635469531818718,0.021213495575895247,0.43625634381824613,8.662769809913884,0.6177899387998875,0.0024674390956342528,8.234481371892576,0.774590539303292,0.0033202754046022065,8.29852627731992,0.7503882605459823,0.00317610367798916,0.1174194866373325,0.04892361913586672,0.1307516867384939,0.26951477994853695,0.3379200366326577,0.3273616389899237
random,10,4,10,0.3635469531818718,0.021213495575895247,0.43625634381824613,8.469060694165181,0.6873389305850348,0.0028220109589757003,7.985507456933558,0.8718348986065482,0.003945687853235508,8.055365855405695,0.844008511890978,0.003759181125564153,0.13752971705379707,0.05950196518450669,0.1273711386659193,0.29985596882097054,0.38034350527924404,0.3682040675490368
random,10,4,11,0.3635469531818718,0.021213495575895247,0.43625634381824613,8.533702747222765,0.6639122965979988,0.002698357568648551,8.099866307447382,0.8265104103512863,0.0036449978844494205,8.178007393315829,0.7961928166284428,0.003452824223635676,0.11665427063986424,0.06132069317241073,0.13298380188593456,0.28963595112981794,0.36057040974757043,0.3473441671566757
random,10,4,12,0.3635469531818718,0.021213495575895247,0.43625634381824613,8.62165806365469,0.6323950923232048,0.0025387638781034167,8.160539279562371,0.8029262562534646,0.003494885050707829,8.261045224666118,0.7645149585920901,0.0032596996949650985,0.11989498706013357,0.07152956117557689,0.12918727116094675,0.27588637082552353,0.35028167290880863,0.33352450062974304
random,10,4,13,0.3635469531818718,0.021213495575895247,0.43625634381824613,8.494744812921246,0.6780023584284869,0.0027722156173226186,8.020602535206558,0.8578000319218338,0.003850862870176169,8.09714738244807,0.827574581344681,0.003651873780030562,0.1265675508481467,0.061998136178274856,0.12573397413824955,0.29578282998815975,0.37422070565339405,0.36103466109434623
random,10,4,14,0.3635469531818718,0.021213495575895247,0.43625634381824613,8.103363875524915,0.8251424176256343,0.003636171911582331,7.5360089932639305,1.0,0.005388095013253953,7.624357075224556,1.0,0.005068037535009297,0.14654153356037147,0.08928826605889922,0.1272189353877084,0.3599736142427076,0.43625634381824613,0.43625634381824613
random,10,4,15,0.3635469531818718,0.021213495575895247,0.43625634381824613,8.764211048117772,0.5820440344948189,0.002299903351917992,8.33122441263933,0.7381474106334284,0.003104928124315762,8.406806397797233,0.7101346728132688,0.0029464502091078454,0.11729251170948421,0.052683304052657406,0.12381826535791608,0.2539204024299308,0.32202149056184504,0.3098007559800831
random,10,4,16,0.3635469531818718,0.021213495575895247,0.43625634381824613,8.168703752709874,0.7997760039201122,0.003475162720493841,7.591829388639129,1.0,0.005183601800656832,7.686506740690071,0.9963498855225312,0.004854348024924848,0.15083032163998894,0.09035305401680696,0.13046252120280516,0.34890735534375544,0.43625634381824613,0.43466395822178755
random,10,4,17,0.3635469531818718,0.021213495575895247,0.43625634381824613,8.551299476342354,0.6575752350591021,0.0026656452725118494,8.064951286722243,0.840224729511524,0.003734287484698101,8.167596251509789,0.8002030130843133,0.003477831492770366,0.12475955705560893,0.07735812429470357,0.12946472253558636,0.28687136783230766,0.3665533684823723,0.3490936408005067
random,10,4,18,0.3635469531818718,0.021213495575895247,0.43625634381824613,8.332145404542139,0.7378037243541583,0.0031029466237143233,7.840503916555866,0.9310730104832924,0.004362878714259458,7.939816635883435,0.8902798800988124,0.004072649472299827,0.12479420957029069,0.08465109046605004,0.13673375348083955,0.32187155524223016,0.4061865073812887,0.38839024546685447
random,10,4,19,0.3635469531818718,0.021213495575895247,0.43625634381824613,8.731086004398477,0.5936751991915046,0.0023533212583401273,8.366204759811946,0.725134977257838,0.003030549747041896,8.42998701325123,0.7016184625446458,0.002899486199154346,0.10462793541344356,0.0452116181275775,0.13707701818929496,0.2589945718148548,0.3163447339532315,0.30608550522510625
random,10,4,20,0.3635469531818718,0.021213495575895247,0.43625634381824613,8.226054365377173,0.7777981481555453,0.003339726403414826,7.645651254028611,1.0,0.00499378265011888,7.771157463540398,0.9601533053651686,0.004577712382045542,0.1511881770677337,0.10766571103565307,0.128928436769746,0.3393193763429407,0.43625634381824613,0.4188729705036125
random,10,4,21,0.3635469531818718,0.021213495575895247,0.43625634381824613,8.3762788030678,0.7214029447384777,0.003009461752645887,7.910509447127251,0.9022163800603636,0.004156228111129791,7.997984002288395,0.8668323712947924,0.0039117123434552845,0.12773101238136086,0.07298407466976307,0.1343914872527288,0.31471661109132454,0.3935976192980674,0.37816112100436655
random,10,4,22,0.3635469531818718,0.021213495575895247,0.43625634381824613,8.358951357228367,0.7278263062371555,0.003045824734573522,7.870651792876764,0.9185855560201235,0.0042726539989406224,7.949394013576272,0.8863971263279145,0.004045702599853066,0.1297359388863304,0.06912542145452658,0.13284391711748467,0.3175188432937606,0.40073877615358977,0.386696369502816
random,10,4,23,0.3635469531818718,0.021213495575895247,0.43625634381824613,8.465018785593593,0.6888117622904394,0.0028299282963658626,7.968481413313997,0.8786850477064714,0.003992528957277046,8.049738723432732,0.8462335840920823,0.003773872182989575,0.13808351165779176,0.06683858700912125,0.13238543238445938,0.30049850099583,0.38333192628018636,0.36917476941222216
random,10,4,24,0.3635469531818718,0.021213495575895247,0.43625634381824613,8.59485388849315,0.6419591173299858,0.0025863730793870875,8.200337831880338,0.7876209321501257,0.0033997919248477853,8.271684779285032,0.7604943337820006,0.003235748561384879,0.10596135569571985,0.05424559209388821,0.1347023489618318,0.2800587374071681,0.34360462817453274,0.3317704775502285
random,10,4,25,0.3635469531818718,0.021213495575895247,0.43625634381824613,8.559730740738855,0.6545447053813954,0.002650112388057882,8.100745082174129,0.8261665991533823,0.0036427783185807245,8.187831091249887,0.7924169216985387,0.003429392882008547,0.12556024815995676,0.06595967441238147,0.130982369304323,0.28554928003527863,0.3604204199314091,0.34569690903991396
random,10,4,26,0.3635469531818718,0.021213495575895247,0.43625634381824613,8.541210140566834,0.6612066582558227,0.0026843525192259076,8.107433096257111,0.8235521561464323,0.0036259302886462405,8.175893286313485,0.7970064242603441,0.0034578876574697637,0.12142075451417697,0.05484698467566061,0.136210758574481,0.28845559923896574,0.3592798525840759,0.3476991086474716
random,10,4,27,0.3635469531818718,0.021213495575895247,0.43625634381824613,8.097915981191129,0.8272736918719973,0.0036499287549356415,7.535807387435857,1.0,0.005388848011794031,7.680050181228502,0.99914319744665,0.004876121597671545,0.1498108802402287,0.1267452977700844,0.1421177401921176,0.36090339615309985,0.43625634381824613,0.4358825582689475
random,10,4,28,0.3635469531818718,0.021213495575895247,0.43625634381824613,8.644608651512836,0.6242325562852523,0.002498696423150081,8.21846986273553,0.7806897737755325,0.0033573301674909846,8.27052186339397,0.760933382004021,0.0032383578587815527,0.11935678167965766,0.04126112512516458,0.12970732560323928,0.2723254126973217,0.3405808663636075,0.33196201512232704
random,10,4,29,0.3635469531818718,0.021213495575895247,0.43625634381824613,8.559610054523143,0.6545880586514627,0.0026503340880042613,8.05303707012854,0.8449290146688939,0.0037652540618333904,8.124795946063983,0.8167825615723687,0.0035825537222215634,0.13313176127397777,0.05933105214063975,0.12396622518124051,0.2855681931743708,0.3686056427254049,0.3563265740060631
random,10,8,0,0.5518005805242575,0.029639864720740757,0.662160696629109,8.85313289632153,0.5509821193154651,0.002162426936739693,8.24142267039751,0.7719525448254136,0.003304338794775126,8.409007404388863,0.7093245857405467,0.002941958468499993,0.1581366909569812,0.10309035769874642,0.21683036442708642,0.3648387039561113,0.5111566348462094,0.4696868618301146
random,10,8,1,0.5518005805242575,0.029639864720740757,0.662160696629109,8.700793903838528,0.6043455594866635,0.002403256075278314,7.995690440353573,0.8677509003878692,0.00391793603564046,8.149822786174447,0.8070694980907512,0.0035209420888611606,0.17441124401470828,0.10987473375838183,0.21570637619693023,0.40017387667439774,0.5745905407013681,0.5344097010838772
random,10,8,2,0.5518005805242575,0.029639864720740757,0.662160696629109,8.763841232734546,0.582173687158377,0.0023004929766389836,8.178793809802215,0.7958902587836332,0.0034509425938542134,8.304772382754209,0.7480440723271551,0.0031623825552491956,0.169518392162172,0.08598299935767215,0.22630394616928354,0.3854925342479279,0.5270072481964924,0.4953253840414246
random,10,8,3,0.5518005805242575,0.029639864720740757,0.662160696629109,8.698266772761748,0.605237299073486,0.002407469485116283,7.737423814564132,0.9744839267574272,0.00468601141995537,7.901307452291266,0.9059815673980786,0.004182822658066716,0.23108602075370568,0.12919487903141208,0.20070845601833798,0.4007643515804199,0.6452649557955676,0.5999053858014438
random,10,8,4,0.5518005805242575,0.029639864720740757,0.662160696629109,8.98214697511448,0.5061875434029866,0.0019774446449076187,8.500586161940634,0.6758842685950553,0.0027610138458370034,8.602891996853703,0.6390874359800012,0.002572002932919891,0.14219326584466746,0.06116764561866271,0.21356623882855613,0.33517749636469896,0.4475439981335577,0.4231785818154287
random,10,8,5,0.5518005805242575,0.029639864720740757,0.662160696629109,8.8881936371478,0.5387858377148357,0.002110508511414364,8.339430014435248,0.735087413933398,0.003087318383294105,8.443591451373665,0.696636106356042,0.0028722729089019792,0.14803443597623095,0.06858045849725389,0.21503005391568092,0.35676280563515367,0.48674599409342906,0.46128504948170684
random,10,8,6,0.5518005805242575,0.029639864720740757,0.662160696629109,8.820233868545046,0.5624501105308429,0.00221230518295374,8.243719141490788,0.7710805977668823,0.0032990831572364556,8.369731171434166,0.7238278076342847,0.003023151152752559,0.1518086902359922,0.08473869272735464,0.21713459143440816,0.3724323570082223,0.5105792657745086,0.47929032534263866
random,10,8,7,0.5518005805242575,0.029639864720740757,0.662160696629109,8.576494130420574,0.6485301782693714,0.0026194976254925884,7.831618722494466,0.9347710213892186,0.0043898314938634496,7.975602864192484,0.8758165350164477,0.003972869543000846,0.18833265519552772,0.11308829447645466,0.21462348307606527,0.42943119462784723,0.6189686307117888,0.5799312869457836
random,10,8,8,0.5518005805242575,0.029639864720740757,0.662160696629109,8.826214297687526,0.5603635292871129,0.0022031534568558945,8.342037599019239,0.7341159852916043,0.0030817432807057144,8.418039280955368,0.7060036224771368,0.0029235981052767165,0.13800658667073482,0.05289341474107964,0.2138595313812989,0.3710507049183008,0.48610275222725347,0.46748785048213537
random,10,8,9,0.5518005805242575,0.029639864720740757,0.662160696629109,8.848391130313342,0.5526334842491963,0.002169545968411745,8.356144474277002,0.7288687401734087,0.003051756407820203,8.45596260114935,0.692115299335773,0.0028477483889634636,0.14325600790465948,0.06540565582763778,0.22459126498729676,0.3659321729110196,0.4826282327444054,0.4582915487558398
random,10,8,10,0.5518005805242575,0.029639864720740757,0.662160696629109,8.950970545178132,0.5169955046240158,0.002020641999224378,8.5392471233355,0.6619138304712582,0.0026880074959731775,8.621851705315263,0.6323261219484045,0.002538423142571518,0.12021882982804692,0.050737725217945104,0.2195568587650017,0.34233410349595605,0.4382933230932903,0.4187015054061385
random,10,8,11,0.5518005805242575,0.029639864720740757,0.662160696629109,8.745495396059638,0.5886110952520699,0.0023299336775540677,8.09301584891078,0.8291928585718538,0.003662346862135009,8.210805867660422,0.7836162636889841,0.003375212690304232,0.16735081266882507,0.08509413026026336,0.21718813648184046,0.38975513287573343,0.549058920871821,0.5188798910541973
random,10,8,12,0.5518005805242575,0.029639864720740757,0.662160696629109,8.921092334031792,0.5273604194954754,0.002062925828322046,8.424508400142008,0.703628154206704,0.0029105178882513016,8.560163210925774,0.6543893583240665,0.0026493180948741544,0.1393650991534663,0.08118222487070065,0.2197224682859656,0.34919734274774317,0.4659149087573653,0.43331091337453953
random,10,8,13,0.5518005805242575,0.029639864720740757,0.662160696629109,8.904603563174277,0.5330848624158727,0.0020866385567849606,8.352090437772175,0.7303752964373632,0.0030603440376795552,8.458529822191743,0.6911783209276113,0.0028426854348449692,0.16203329837952238,0.06848454863750442,0.21426353514932972,0.35298784385972704,0.48362581508965646,0.457671118480365
random,10,8,14,0.5518005805242575,0.029639864720740757,0.662160696629109,8.72760810279235,0.5948985791796427,0.0023590012480857723,8.058517162789212,0.8427636568408436,0.0037509788331709037,8.213166616226864,0.7827143237931117,0.0033696941901207346,0.17941810711571754,0.10767710829234889,0.21933314925570124,0.3939184576132594,0.5580449701074284,0.5182826619044288
random,10,8,15,0.5518005805242575,0.029639864720740757,0.662160696629109,8.803565678909246,0.568270536923139,0.0022380132934957525,8.236187671723574,0.7739417288707949,0.003316350780029356,8.37024577069667,0.7236371259656664,0.0030220730081087885,0.15770332723363473,0.08827089744407968,0.22437095031567772,0.3762864146028235,0.5124737943394226,0.479164063436112
random,10,8,16,0.5518005805242575,0.029639864720740757,0.662160696629109,8.827018214681166,0.5600831091419487,0.002201926129477,8.150337119615397,0.8068704287893582,0.003519687065838761,8.302032508269425,0.749072011653323,0.0031683940571967037,0.17823355499443105,0.09910585681147455,0.20790279685936602,0.37086502171963004,0.5342778852165894,0.49600604506173246
random,10,8,17,0.5518005805242575,0.029639864720740757,0.662160696629109,8.843761361185308,0.554246320179173,0.0021765194665318527,8.35959452867582,0.7275875175251885,0.0030444671705408847,8.447503788452092,0.6952054053701637,0.0028644943580308346,0.1453003587072572,0.05946483507189277,0.2255901374902552,0.3670001294739614,0.48177985746312285,0.46033769552022974
random,10,8,18,0.5518005805242575,0.029639864720740757,0.662160696629109,8.95450205088579,0.5157709415518941,0.00201570181308331,8.560547474443336,0.6542513356526827,0.0026486125398567156,8.635267308223407,0.6275520009651281,0.002514927788731782,0.11938726494326651,0.045940598474944326,0.22153425072322508,0.34152324595905365,0.4332195201863054,0.4155402701300605
random,10,8,19,0.5518005805242575,0.029639864720740757,0.662160696629109,8.884240661767985,0.5401597917425759,0.00211629922115384,8.194880136186256,0.7897122755914667,0.0034126776492962997,8.356834994869436,0.7286122415138062,0.0030502960878272386,0.18258993621399133,0.1028952498838406,0.21130165358510425,0.35767258399129853,0.5229164305422046,0.48245838941327857
random,10,8,20,0.5518005805242575,0.029639864720740757,0.662160696629109,8.846268004227133,0.5533730418095261,0.0021727411070372165,8.213369366792136,0.7826368819500307,0.003369220660111196,8.389955985867084,0.716346903812025,0.002981065963285448,0.16130909492975243,0.10924692499345405,0.21860331812783307,0.36642187886036487,0.5182313829596661,0.47433676485627585
random,10,8,21,0.5518005805242575,0.029639864720740757,0.662160696629109,8.87920606349226,0.5419100817700507,0.0021236974090782152,8.386648739862661,0.7175683600454849,0.0029879076224154947,8.489468657831983,0.6799171888889601,0.0027823725927604136,0.1417969040045493,0.06596164464109903,0.2200406707335302,0.3588315572551942,0.47514556516672557,0.45021443944481937
random,10,8,22,0.5518005805242575,0.029639864720740757,0.662160696629109,8.709055210635201,0.6014321325994784,0.00238953363329358,8.033550301897167,0.8526505868610141,0.0038164571221657494,8.203886422894064,0.7862624086116079,0.003391439746858309,0.17819967660100966,0.11668486550711563,0.2165980498258459,0.3982447198972013,0.5645917065771078,0.5206320642195434
random,10,8,23,0.5518005805242575,0.029639864720740757,0.662160696629109,8.899808400746645,0.5347503204542219,0.0020935855672886447,8.384997859128692,0.718178344784419,0.0029913286520206555,8.471986052335032,0.6862735649088552,0.002816294554268393,0.14865638148220392,0.05767860032556109,0.21593461065811265,0.3540906447146069,0.47554947308639134,0.4544233818181896
random,10,8,24,0.5518005805242575,0.029639864720740757,0.662160696629109,8.819721704096725,0.562628847331719,0.0022130907025383548,8.385912044147968,0.7178405399077559,0.002989433752871322,8.461140729176678,0.6902258056275924,0.002837545557633824,0.12987088872161762,0.051225964111894576,0.2284976664428111,0.3725507094928037,0.4753257919739354,0.4570404002857546
random,10,8,25,0.5518005805242575,0.029639864720740757,0.662160696629109,8.955048330822192,0.5155815251290539,0.002014938707243755,8.432237915490061,0.7007933203365001,0.002894965929016627,8.531663041356943,0.6646479246258179,0.002702175248864871,0.1542717879486343,0.06344667304926041,0.2112060371892762,0.3413978218485528,0.46403779318704325,0.44010373278332315
random,10,8,26,0.5518005805242575,0.029639864720740757,0.662160696629109,8.795787215616203,0.570989294041016,0.0022501123980838192,8.289816827757857,0.7536616683563248,0.0031953355873032764,8.3882470035629,0.7169779878387014,0.002984599355645441,0.15245862224968193,0.06774355931802825,0.2197408464732732,0.37808666870996227,0.49904513534148054,0.4747546438950114
random,10,8,27,0.5518005805242575,0.029639864720740757,0.662160696629109,8.920718724248912,0.5274900874316285,0.002063460126322762,8.476357479383521,0.6846825091579749,0.002807773977917423,8.575791384115998,0.6487820290373228,0.002620773910944475,0.1277413978652341,0.06127048728712947,0.22148955279390378,0.3492832037586768,0.45336984723381096,0.42959796030780056
random,10,8,28,0.5518005805242575,0.029639864720740757,0.662160696629109,8.705816126361068,0.6025741157677075,0.0023949045507548226,7.840140282384618,0.931224195584838,0.004363978525166518,8.048028056666443,0.8469105730759802,0.0037783496827651763,0.22771623686578718,0.1487129599855207,0.214459218353947,0.3990008962674146,0.616620062066338,0.560790895050549
random,10,8,29,0.5518005805242575,0.029639864720740757,0.662160696629109,8.759598528896715,0.583661439578762,0.002307268265824816,8.218541129417307,0.7806625822002697,0.0033571643251859096,8.32370226332525,0.7409566767331094,0.0031211593624819282,0.15633229171831048,0.07371456173795009,0.2248460410856064,0.3864776654270217,0.5169240792620097,0.49063238923758523
random,10,16,0,0.7777298567976051,0.029338613089225744,0.9332758281571261,8.959355256391119,0.5140882199028208,0.002008932413448637,6.89027850191808,1.0,0.008429843119927337,7.535457158739332,1.0,0.005390156367519971,0.3560010890424416,0.4686621285388996,0.3022910295897516,0.47978610917562786,0.9332758281571261,0.9332758281571261
random,10,16,1,0.7777298567976051,0.029338613089225744,0.9332758281571261,8.949335426935031,0.5175625205341465,0.002022933447897105,6.964453000206328,1.0,0.008007385615646862,7.546187132227387,1.0,0.005350216055515418,0.35019175000665126,0.4226898584847767,0.30816130024312893,0.4830285899745952,0.9332758281571261,0.9332758281571261
random,10,16,2,0.7777298567976051,0.029338613089225744,0.9332758281571261,8.971228116594467,0.509972226247819,0.001992467466969362,6.9681975112016845,1.0,0.007986629416370935,7.6006038621108996,1.0,0.00515217080505166,0.34161676150453457,0.4396592736882999,0.30870457830076214,0.47594475178856654,0.9332758281571261,0.9332758281571261
random,10,16,3,0.7777298567976051,0.029338613089225744,0.9332758281571261,8.917376851730966,0.528650020552987,0.0020682454852760687,6.800575991142879,1.0,0.008970623692031722,7.505722496215245,1.0,0.005502402927108767,0.3639375249296951,0.49812727084568953,0.31550554028906125,0.4933762857368707,0.9332758281571261,0.9332758281571261
random,10,16,4,0.7777298567976051,0.029338613089225744,0.9332758281571261,8.99965251198151,0.5001204301713111,0.0019535954870106924,7.155394244841495,1.0,0.007014741984774197,7.753575297112445,0.9676071838409189,0.004633842430549038,0.32279776902155577,0.39356940449204386,0.31029761352296237,0.4667503086464285,0.9332758281571261,0.9030443958299181
random,10,16,5,0.7777298567976051,0.029338613089225744,0.9332758281571261,8.989214520851764,0.503737996856385,0.0019677811307690753,6.922690870094855,1.0,0.00824256531814841,7.617286132461683,1.0,0.005092937992315524,0.3616614739261018,0.4804250373612452,0.3105421684148499,0.47012649619035446,0.9332758281571261,0.9332758281571261
random,10,16,6,0.7777298567976051,0.029338613089225744,0.9332758281571261,9.00520863100651,0.49819482211934635,0.0019460862530723717,7.095739493961668,1.0,0.007310878575852317,7.7549697558956625,0.9670147956631023,0.004629365683716217,0.3307477989368407,0.42822417091553394,0.31433552979922014,0.46495318519702505,0.9332758281571261,0.9024915342626759
random,10,16,7,0.7777298567976051,0.029338613089225744,0.9332758281571261,8.920281652790969,0.5276417830373582,0.002064085356276729,6.986054366711582,1.0,0.007888384739934404,7.576454835923871,1.0,0.005239137946758953,0.3483516031307997,0.4212681998290879,0.3189871714665813,0.4924353220344931,0.9332758281571261,0.9332758281571261
random,10,16,8,0.7777298567976051,0.029338613089225744,0.9332758281571261,9.007632549423185,0.4973547475544942,0.001942819316074198,7.053951343600006,1.0,0.007525737356120205,7.689046787028899,0.99525226269606,0.004845808853131356,0.3463374520358976,0.4265460132189171,0.30555140875869546,0.46416916391179897,0.9332758281571261,0.9288448796929191
random,10,16,9,0.7777298567976051,0.029338613089225744,0.9332758281571261,9.053841090746431,0.481335642122129,0.0018815781264731337,7.0734619263231036,1.0,0.00742464660264848,7.713524665690971,0.9847115701201941,0.004764284673158507,0.3466666826719653,0.4325169798396681,0.2892577157195679,0.44921892002307195,0.9332758281571261,0.9190075060998281
random,10,16,10,0.7777298567976051,0.029338613089225744,0.9332758281571261,9.001606154411768,0.4994433491838842,0.0019509517931406849,7.025921851437305,1.0,0.007673381231950592,7.639740081080318,1.0,0.005014285715057914,0.35143846455834415,0.4271826906701183,0.30316467655663926,0.46611840532715826,0.9332758281571261,0.9332758281571261
random,10,16,11,0.7777298567976051,0.029338613089225744,0.9332758281571261,9.011592212688456,0.49598240173560826,0.0019374943079352434,6.88787277402413,1.0,0.008443911808163358,7.620309360603548,1.0,0.005082276701023369,0.3590091762259995,0.5000234527342527,0.29659364855432857,0.4628883867311602,0.9332758281571261,0.9332758281571261
random,10,16,12,0.7777298567976051,0.029338613089225744,0.9332758281571261,8.984470295721923,0.5053822884784963,0.0019742627246396955,6.8898120317806875,1.0,0.008432569202537092,7.552781294225157,1.0,0.005325817492357386,0.3581124523958935,0.4757096262791624,0.29725525107387735,0.47166107381571226,0.9332758281571261,0.9332758281571261
random,10,16,13,0.7777298567976051,0.029338613089225744,0.9332758281571261,8.945992950420468,0.5187216707036699,0.0020276256705375256,6.878676127798396,1.0,0.008497910544753176,7.594742105243742,1.0,0.0051731469702827205,0.3486860347738745,0.49139885094282926,0.3168409058391206,0.4841103968090156,0.9332758281571261,0.9332758281571261
random,10,16,14,0.7777298567976051,0.029338613089225744,0.9332758281571261,8.982314958813891,0.5061293203268321,0.0019772144097441446,6.961897006913007,1.0,0.008021584711359043,7.59382400411879,1.0,0.005176440101174247,0.3576645644615799,0.44370695026902673,0.3037595948122599,0.4723582605826276,0.9332758281571261,0.9332758281571261
random,10,16,15,0.7777298567976051,0.029338613089225744,0.9332758281571261,8.983197632659575,0.5058233872842348,0.0019760050747019415,6.962348558342727,1.0,0.008019074415593819,7.656589233394177,1.0,0.004956064802018998,0.3469308212020391,0.46718505558554424,0.308599572890242,0.47207274066893695,0.9332758281571261,0.9332758281571261
random,10,16,16,0.7777298567976051,0.029338613089225744,0.9332758281571261,9.038255955731605,0.4867399104809853,0.0019020146111524906,7.0503753269745415,1.0,0.00754441458338043,7.725207154793839,0.9797042207421198,0.004725860781796579,0.34288410353366444,0.4499479851882267,0.2976077099201167,0.454262593051267,0.9332758281571261,0.9143342679621337
random,10,16,17,0.7777298567976051,0.029338613089225744,0.9332758281571261,9.060452400420582,0.47904246177572046,0.001872975313219307,7.152189912302973,1.0,0.007030339561541302,7.773565337634951,0.9591350772188141,0.004570078501373205,0.3349995902430506,0.40196646851746615,0.29931438975298963,0.44707875023616395,0.9332758281571261,0.8951375835059378
random,10,16,18,0.7777298567976051,0.029338613089225744,0.9332758281571261,8.993977908322831,0.5020871039755622,0.0019612947655412777,7.0224426118572865,1.0,0.007691908882666906,7.634906769358237,1.0,0.005031112728134262,0.3484055010639785,0.4329408415979493,0.3027697767759657,0.4685857577698059,0.9332758281571261,0.9332758281571261
random,10,16,19,0.7777298567976051,0.029338613089225744,0.9332758281571261,9.020280128562145,0.4929712090786114,0.0019258617694547968,7.05548767497409,1.0,0.00751772743576435,7.7497297082217775,0.9692419389334386,0.004646210688232232,0.33566941376133463,0.44218490048067305,0.311348240831509,0.4600781134104608,0.9332758281571261,0.9045700732427235
random,10,16,20,0.7777298567976051,0.029338613089225744,0.9332758281571261,8.952831144818058,0.5163503229452105,0.002018037718771966,6.9925741800437375,1.0,0.007852816060045863,7.6322882639825,1.0,0.005040252538039816,0.3387981242160025,0.44255832083196633,0.31626964290061427,0.4818972752658909,0.9332758281571261,0.9332758281571261
random,10,16,21,0.7777298567976051,0.029338613089225744,0.9332758281571261,8.980562892043018,0.50673659005261,0.001979617076945886,7.0415616790209405,1.0,0.007590645655799426,7.651032880701807,1.0,0.004975189246339216,0.33390802838084066,0.4160586325572217,0.3118207187873473,0.47292501073886767,0.9332758281571261,0.9332758281571261
random,10,16,22,0.7777298567976051,0.029338613089225744,0.9332758281571261,9.009795076480401,0.4966052589626837,0.0019399093094898208,7.142721887363138,1.0,0.007076629543883506,7.739605942012445,0.9735531977477448,0.004678929018925233,0.3241241301083501,0.3995025433341158,0.30199739754958543,0.46346968432558266,0.9332758281571261,0.9085936668830449
random,10,16,23,0.7777298567976051,0.029338613089225744,0.9332758281571261,8.934449891689088,0.5227254988708149,0.0020439138561318057,6.851856853540504,1.0,0.008657361672052832,7.509951838135149,1.0,0.005486295943242982,0.3650119470462083,0.47190415381046236,0.31357587997130004,0.4878470728575066,0.9332758281571261,0.9332758281571261
random,10,16,24,0.7777298567976051,0.029338613089225744,0.9332758281571261,8.904519469959075,0.533114066798324,0.0020867601883525306,6.901198186945954,1.0,0.008366278928722253,7.479712325999106,1.0,0.005602504717998565,0.3503165225281226,0.43442984543185537,0.30648021757522553,0.49754247219341924,0.9332758281571261,0.9332758281571261
random,10,16,25,0.7777298567976051,0.029338613089225744,0.9332758281571261,8.922539946255322,0.5268580158226425,0.0020608569095178584,6.908956137625787,1.0,0.00832141083169288,7.470015759417784,1.0,0.005640286807458803,0.3561819822640945,0.4311534404263048,0.30842773312809457,0.4917038510380969,0.9332758281571261,0.9332758281571261
random,10,16,26,0.7777298567976051,0.029338613089225744,0.9332758281571261,9.075662487176704,0.4737648583754766,0.0018533325821544352,7.187539710653562,1.0,0.006860171170400848,7.81917793592356,0.9399625521237928,0.004427849997637007,0.3384254846529345,0.40218933687044234,0.2972339308141838,0.4421532905521165,0.9332758281571261,0.8772443292700185
random,10,16,27,0.7777298567976051,0.029338613089225744,0.9332758281571261,8.914647595521416,0.5295974250641269,0.0020721618462287246,6.888912782918334,1.0,0.008437826960980962,7.4538146937929985,1.0,0.005703982639624254,0.355789250109115,0.4378954442148274,0.3106598556572281,0.4942604754666045,0.9332758281571261,0.9332758281571261
random,10,16,28,0.7777298567976051,0.029338613089225744,0.9332758281571261,9.011391088326155,0.49605210835709534,0.0019377644304903103,7.061796412245766,1.0,0.007484925062606432,7.6920308722286,0.9939636811115745,0.004835796091284655,0.34000497228071247,0.42327027811728696,0.3062512953852604,0.4629534422360566,0.9332758281571261,0.9276422776475103
random,10,16,29,0.7777298567976051,0.029338613089225744,0.9332758281571261,8.97745362939289,0.5078142910138073,0.001983888102179124,6.958517327101918,1.0,0.008040398228111614,7.645254007047475,1.0,0.0049951578806191055,0.34650535709522745,0.4589575446856391,0.3154674293483034,0.4739308029959348,0.9332758281571261,0.9332758281571261
structured,2,2,0,0.040217875717745044,0.005492972538396427,0.048261450861294054,2.0,0.0,0.25,2.0,0.0,0.25,2.0,0.0,0.25,0.0,-0.0,0.0,0.0,0.0,0.0
structured,2,2,1,0.040217875717745044,0.005492972538396427,0.048261450861294054,1.0,0.5,0.5,0.9898416739939448,0.5035206364538659,0.5035330313349062,1.0,0.5,0.5,0.0,0.00352063645386575,0.020779999999999955,0.024130725430647027,0.024300636453865758,0.024130725430647027
structured,2,2,2,0.040217875717745044,0.005492972538396427,0.048261450861294054,1.0,0.5,0.5,0.9838997810200287,0.5055800255600166,0.505611162245267,1.0,0.5,0.5,0.0,0.005580025560016526,0.018819999999999976,0.024130725430647027,0.024400025560016532,0.024130725430647027
structured,2,2,3,0.040217875717745044,0.005492972538396427,0.048261450861294054,1.0,0.5,0.5,0.9898416739939448,0.5035206364538659,0.5035330313349062,1.0,0.5,0.5,0.0,0.00352063645386575,0.020779999999999955,0.024130725430647027,0.024300636453865758,0.024130725430647027
structured,2,2,4,0.040217875717745044,0.005492972538396427,0.048261450861294054,1.0,0.5,0.5,1.0076679769510613,0.4973424691354135,0.49734953160570977,1.0076679769510615,0.49734246913541347,0.4973495316057097,0.0026575308645865065,-0.0,0.026659999999999955,0.024130725430647027,0.024002469135413415,0.02400246913541341
structured,2,2,5,0.040217875717745044,0.005492972538396427,0.048261450861294054,1.0,0.5,0.5,0.9868707000463213,0.5045503310069411,0.5045710365192139,1.0,0.5,0.5,0.0,0.004550331006941138,0.01980000000000002,0.024130725430647027,0.024350331006941138,0.024130725430647027
structured,2,2,6,0.040217875717745044,0.005492972538396427,0.048261450861294054,2.0,0.0,0.25,2.0,0.0,0.25,2.0,0.0,0.25,0.0,-0.0,0.0,0.0,0.0,0.0
structured,2,2,7,0.040217875717745044,0.005492972538396427,0.048261450861294054,1.0,0.5,0.5,1.045095979101979,0.48436831776666356,0.4846126672561076,1.045095979101979,0.48436831776666356,0.4846126672561076,0.01563168223333645,-0.0,0.039007999999999994,0.024130725430647027,0.023376317766663497,0.023376317766663497
structured,2,2,8,0.040217875717745044,0.005492972538396427,0.048261450861294054,1.0,0.5,0.5,0.9957837373845798,0.501461247347715,0.5014633825915262,1.0,0.5,0.5,0.0,0.001461247347714966,0.022739999999999996,0.024130725430647027,0.024201247347714974,0.024130725430647027
structured,2,2,9,0.040217875717745044,0.005492972538396427,0.048261450861294054,1.0,0.5,0.5,1.0136099507884435,0.49528308002926263,0.495305329363273,1.0136099507884435,0.49528308002926263,0.495305329363273,0.00471691997073734,-0.0,0.02861999999999999,0.024130725430647027,0.02390308002926263,0.02390308002926263
structured,2,2,10,0.040217875717745044,0.005492972538396427,0.048261450861294054,1.0,0.5,0.5,1.0247207320330574,0.49143202240076067,0.49150543264090174,1.0247207320330574,0.49143202240076067,0.49150543264090174,0.008567977599239277,-0.0,0.032285199999999986,0.024130725430647027,0.02371722240076067,0.02371722240076067
structured,2,2,11,0.040217875717745044,0.005492972538396427,0.048261450861294054,1.0,0.5,0.5,0.9868707000463213,0.5045503310069411,0.5045710365192139,1.0,0.5,0.5,0.0,0.004550331006941138,0.01980000000000002,0.024130725430647027,0.024350331006941138,0.024130725430647027
structured,2,2,12,0.040217875717745044,0.005492972538396427,0.048261450861294054,-0.0,0.8660254037844386,1.0,0.006519230046659458,0.8634184434129923,0.9954914084257147,0.014709193357543355,0.8601489193156617,0.9898561633999008,0.005097906955375278,0.0062600834238723336,0.0383926,0.041795642469375026,0.04166982677951113,0.041512034802947996
structured,2,2,13,0.040217875717745044,0.005492972538396427,0.048261450861294054,1.0,0.5,0.5,1.0017258718852704,0.4994018582415643,0.49940221601512746,1.0017258718852704,0.4994018582415643,0.49940221601512746,0.0005981417584357291,-0.0,0.024699999999999972,0.024130725430647027,0.024101858241564196,0.024101858241564196
structured,2,2,14,0.040217875717745044,0.005492972538396427,0.048261450861294054,1.0,0.5,0.5,1.0046969344302397,0.49837216368848886,0.49837481353954594,1.0046969344302399,0.4983721636884888,0.4983748135395459,0.0016278363115111712,-0.0,0.025679999999999988,0.024130725430647027,0.024052163688488802,0.0240521636884888
structured,2,2,15,0.040217875717745044,0.005492972538396427,0.048261450861294054,-0.0,0.8660254037844386,1.0,0.024321282490168163,0.8563194943377557,0.9832830763828696,0.02842958767569038,0.8546853241786191,0.9804870033663111,0.009831375890229182,0.004159506535598539,0.04423339999999999,0.041795642469375026,0.041327221197549766,0.041248353774715606
structured,2,2,16,0.040217875717745044,0.005492972538396427,0.048261450861294054,2.0,0.0,0.25,2.0,0.0,0.25,2.0,0.0,0.25,0.0,-0.0,0.0,0.0,0.0,0.0
structured,2,2,17,0.040217875717745044,0.005492972538396427,0.048261450861294054,2.0,0.0,0.25,2.0,0.0,0.25,2.0,0.0,0.25,0.0,-0.0,0.0,0.0,0.0,0.0
structured,2,2,18,0.040217875717745044,0.005492972538396427,0.048261450861294054,1.0,0.5,0.5,1.0421857040714024,0.4853774184286775,0.48559123832048745,1.0421857040714024,0.4853774184286775,0.48559123832048745,0.01462258157132254,-0.0,0.03804759999999998,0.024130725430647027,0.02342501842867738,0.02342501842867738
structured,2,2,19,0.040217875717745044,0.005492972538396427,0.048261450861294054,1.0,0.5,0.5,0.9987548020010852,0.5004315527946396,0.5004317390324542,1.0,0.5,0.5,0.0,0.0004315527946395741,0.023719999999999984,0.024130725430647027,0.02415155279463958,0.024130725430647027
structured,2,2,20,0.040217875717745044,0.005492972538396427,0.048261450861294054,1.0,0.5,0.5,0.9957837373845798,0.501461247347715,0.5014633825915262,1.0,0.5,0.5,0.0,0.001461247347714966,0.022739999999999996,0.024130725430647027,0.024201247347714974,0.024130725430647027
structured,2,2,21,0.040217875717745044,0.005492972538396427,0.048261450861294054,1.0,0.5,0.5,0.9987548020010852,0.5004315527946396,0.5004317390324542,1.0,0.5,0.5,0.0,0.00043155279463958144,0.02371999999999998,0.024130725430647027,0.02415155279463958,0.024130725430647027
structured,2,2,22,0.040217875717745044,0.005492972538396427,0.048261450861294054,1.0,0.5,0.5,0.9928126905649367,0.5024909419007905,0.5024971466923436,1.0,0.5,0.5,0.0,0.002490941900790358,0.02176,0.024130725430647027,0.024250941900790364,0.024130725430647027
structured,2,2,23,0.040217875717745044,0.005492972538396427,0.048261450861294054,1.0,0.5,0.5,0.9809289291366006,0.5066097201130919,0.5066534085130653,1.0,0.5,0.5,0.0,0.00660972011309192,0.01784000000000004,0.024130725430647027,0.02444972011309192,0.024130725430647027
structured,2,2,24,0.040217875717745044,0.005492972538396427,0.048261450861294054,-0.0,0.8660254037844386,1.0,0.009359533574249125,0.8622838652717948,0.9935334643080668,0.01753950862628723,0.8590204551680525,0.987916142397128,0.0060695584563270795,0.008288581693430849,0.039343200000000016,0.041795642469375026,0.041615070392301425,0.04145757348593942
structured,2,2,25,0.040217875717745044,0.005492972538396427,0.048261450861294054,2.0,0.0,0.25,2.0,0.0,0.25,2.0,0.0,0.25,0.0,-0.0,0.0,0.0,0.0,0.0
structured,2,2,26,0.040217875717745044,0.005492972538396427,0.048261450861294054,-0.0,0.8660254037844386,1.0,0.006270867098578487,0.8635176889281041,0.995662799091734,0.016499559361307113,0.8594350042448913,0.9886285265214163,0.005712597677927643,0.010337673854050876,0.03835339999999999,0.041795642469375026,0.0416746165120619,0.04147758022584087
structured,2,2,27,0.040217875717745044,0.005492972538396427,0.048261450861294054,1.0,0.5,0.5,0.9838997810200287,0.5055800255600166,0.505611162245267,1.0,0.5,0.5,0.0,0.005580025560016534,0.018819999999999972,0.024130725430647027,0.024400025560016532,0.024130725430647027
structured,2,2,28,0.040217875717745044,0.005492972538396427,0.048261450861294054,1.0,0.5,0.5,0.986870700046321,0.5045503310069412,0.504571036519214,1.0,0.5,0.5,0.0,0.004550331006941138,0.019799999999999963,0.024130725430647027,0.024350331006941145,0.024130725430647027
structured,2,2,29,0.040217875717745044,0.005492972538396427,0.048261450861294054,2.0,0.0,0.25,2.0,0.0,0.25,2.0,0.0,0.25,0.0,-0.0,0.0,0.0,0.0,0.0
structured,2,4,0,0.061335650396883934,0.010491802025727805,0.07360278047626072,1.0,0.5,0.5,1.014198178935203,0.49507920612692125,0.4951034203392626,1.014198178935203,0.49507920612692125,0.4951034203392626,0.004920793873078764,-0.0,0.041359999999999966,0.03680139023813036,0.03643920612692121,0.03643920612692121
structured,2,4,1,0.061335650396883934,0.010491802025727805,0.07360278047626072,1.0,0.5,0.5,1.0248193239321883,0.491397847927516,0.49147184494779417,1.0248193239321888,0.4913978479275159,0.49147184494779406,0.008602152072484066,-0.0,0.04477039999999996,0.03680139023813036,0.03616824792751591,0.0361682479275159
structured,2,4,2,0.061335650396883934,0.010491802025727805,0.07360278047626072,-0.0,0.8660254037844386,1.0,0.014176133631530422,0.8603615355119462,0.9902219717884737,0.02083981165633367,0.8577055279040846,0.9856587725972245,0.0072098802490577,0.006753577177489422,0.05979579999999997,0.06374187768161108,0.06332500122850436,0.06312951168359965
structured,2,4,3,0.061335650396883934,0.010491802025727805,0.07360278047626072,1.0,0.5,0.5,0.9928320366161507,0.5024842369877939,0.5024904084212054,1.0,0.5,0.5,0.0,0.0024842369877939845,0.03450000000000003,0.03680139023813036,0.03698423698779396,0.03680139023813036
structured,2,4,4,0.061335650396883934,0.010491802025727805,0.07360278047626072,-0.0,0.8660254037844386,1.0,0.004962380435623103,0.8640406523109369,0.9965662488459093,0.017952324325803973,0.8588559241797428,0.9876334984986401,0.006221963581489271,0.008831406297113481,0.056875399999999944,0.06374187768161108,0.063595794454607,0.06321418404813763
structured,2,4,5,0.061335650396883934,0.010491802025727805,0.07360278047626072,2.0,0.0,0.25,2.0,0.0,0.25,2.0,0.0,0.25,0.0,-0.0,0.0,0.0,0.0,0.0
structured,2,4,6,0.061335650396883934,0.010491802025727805,0.07360278047626072,2.0,0.0,0.25,2.0,0.0,0.25,2.0,0.0,0.25,0.0,-0.0,0.0,0.0,0.0,0.0
structured,2,4,7,0.061335650396883934,0.010491802025727805,0.07360278047626072,1.0,0.5,0.5,0.9653641869388737,0.5120049909517732,0.5121491107595254,1.0,0.5,0.5,0.0,0.012004990951773237,0.02567999999999998,0.03680139023813036,0.03768499095177322,0.03680139023813036
structured,2,4,8,0.061335650396883934,0.010491802025727805,0.07360278047626072,1.0,0.5,0.5,0.9928320366161507,0.5024842369877939,0.5024904084212054,1.0,0.5,0.5,0.0,0.0024842369877939845,0.034499999999999975,0.03680139023813036,0.03698423698779396,0.03680139023813036
structured,2,4,9,0.061335650396883934,0.010491802025727805,0.07360278047626072,1.0,0.5,0.5,0.9928320366161507,0.5024842369877939,0.5024904084212054,1.0,0.5,0.5,0.0,0.00248423698779397,0.03449999999999999,0.03680139023813036,0.03698423698779396,0.03680139023813036
structured,2,4,10,0.061335650396883934,0.010491802025727805,0.07360278047626072,2.0,0.0,0.25,2.0,0.0,0.25,2.0,0.0,0.25,0.0,-0.0,0.0,0.0,0.0,0.0
structured,2,4,11,0.061335650396883934,0.010491802025727805,0.07360278047626072,1.0,0.5,0.5,1.0547200187959067,0.48103080472229415,0.4813906350917779,1.054720018795907,0.48103080472229404,0.48139063509177776,0.018969195277705894,-0.0,0.054374399999999934,0.03680139023813036,0.035405204722294054,0.03540520472229405
structured,2,4,12,0.061335650396883934,0.010491802025727805,0.07360278047626072,2.0,0.0,0.25,2.0,0.0,0.25,2.0,0.0,0.25,8.326672684688674e-17,-0.0,8.326672684688674e-17,0.0,0.0,0.0
structured,2,4,13,0.061335650396883934,0.010491802025727805,0.07360278047626072,1.0,0.5,0.5,1.0278101129166168,0.4903611436069936,0.49045405115955865,1.0278101129166168,0.4903611436069936,0.49045405115955865,0.009638856393006297,-0.0,0.0457308,0.03680139023813036,0.03609194360699371,0.03609194360699371
structured,2,4,14,0.061335650396883934,0.010491802025727805,0.07360278047626072,1.0,0.5,0.5,1.001989036290092,0.49931065233313426,0.49931112753334006,1.0019890362900918,0.4993106523331344,0.49931112753334017,0.0006893476668657264,-0.0,0.03743999999999995,0.03680139023813036,0.036750652333134216,0.03675065233313422
structured,2,4,15,0.061335650396883934,0.010491802025727805,0.07360278047626072,1.0,0.5,0.5,1.0457517812974078,0.48414091768386075,0.48439242817577083,1.045751781297408,0.4841409176838607,0.4843924281757708,0.01585908231613934,-0.0,0.05149319999999995,0.03680139023813036,0.035634117683860614,0.03563411768386061
structured,2,4,16,0.061335650396883934,0.010491802025727805,0.07360278047626072,1.0,0.5,0.5,1.0050413698626748,0.4982527907815809,0.4982558435216338,1.0050413698626746,0.498252790781581,0.49825584352163393,0.001747209218419084,-0.0,0.038420000000000024,0.03680139023813036,0.036672790781580956,0.03667279078158097
structured,2,4,17,0.061335650396883934,0.010491802025727805,0.07360278047626072,1.0,0.5,0.5,0.9653641869388737,0.5120049909517732,0.5121491107595254,1.0,0.5,0.5,0.0,0.012004990951773237,0.02567999999999998,0.03680139023813036,0.03768499095177322,0.03680139023813036
structured,2,4,18,0.061335650396883934,0.010491802025727805,0.07360278047626072,1.0,0.5,0.5,1.0248193239321888,0.4913978479275159,0.49147184494779406,1.0248193239321892,0.49139784792751573,0.4914718449477939,0.008602152072484145,-0.0,0.044770400000000016,0.03680139023813036,0.0361682479275159,0.03616824792751589
structured,2,4,19,0.061335650396883934,0.010491802025727805,0.07360278047626072,1.0,0.5,0.5,0.9928320366161507,0.5024842369877939,0.5024904084212054,1.0,0.5,0.5,0.0,0.00248423698779397,0.03449999999999999,0.03680139023813036,0.03698423698779396,0.03680139023813036
structured,2,4,20,0.061335650396883934,0.010491802025727805,0.07360278047626072,-0.0,0.8660254037844386,1.0,0.017315404310096826,0.859109780248251,0.9880696145181981,0.021889544827229494,0.8572874948481221,0.984941848822969,0.00757660558692941,0.004648432689898459,0.06078559999999993,0.06374187768161108,0.0632328685606206,0.06309874328834982
structured,2,4,21,0.061335650396883934,0.010491802025727805,0.07360278047626072,1.0,0.5,0.5,1.0248193239321883,0.491397847927516,0.49147184494779417,1.0248193239321888,0.4913978479275159,0.49147184494779406,0.008602152072484073,-0.0,0.04477039999999997,0.03680139023813036,0.03616824792751591,0.0361682479275159
structured,2,4,22,0.061335650396883934,0.010491802025727805,0.07360278047626072,1.0,0.5,0.5,1.0337913080084802,0.48828773496594935,0.4884249121181772,1.0337913080084802,0.4882877349659494,0.48842491211817723,0.01171226503405062,-0.0,0.047651599999999975,0.03680139023813036,0.035939334965949345,0.03593933496594935
structured,2,4,23,0.061335650396883934,0.010491802025727805,0.07360278047626072,2.0,0.0,0.24999999999999997,2.0,0.0,0.25,2.0,0.0,0.25,6.938893903907228e-17,-0.0,6.938893903907228e-17,0.0,0.0,0.0
structured,2,4,24,0.061335650396883934,0.010491802025727805,0.07360278047626072,1.0,0.5,0.5,1.0128552075546629,0.49554466520960466,0.4955645152176992,1.0128552075546629,0.4955446652096046,0.4955645152176991,0.004455334790395348,-0.0,0.04092879999999997,0.03680139023813036,0.03647346520960464,0.03647346520960464
structured,2,4,25,0.061335650396883934,0.010491802025727805,0.07360278047626072,2.0,0.0,0.25,2.0,0.0,0.25,2.0,0.0,0.25,0.0,-0.0,0.0,0.0,0.0,0.0
structured,2,4,26,0.061335650396883934,0.010491802025727805,0.07360278047626072,1.0,0.5,0.5,1.0203024190076795,0.49296348302381476,0.4930129955949709,1.0203024190076795,0.49296348302381476,0.4930129955949709,0.007036516976185257,-0.0,0.043319999999999956,0.03680139023813036,0.03628348302381471,0.03628348302381471
structured,2,4,27,0.061335650396883934,0.010491802025727805,0.07360278047626072,2.0,0.0,0.25,2.0,0.0,0.25,2.0,0.0,0.25,0.0,-0.0,0.0,0.0,0.0,0.0
structured,2,4,28,0.061335650396883934,0.010491802025727805,0.07360278047626072,1.0,0.5,0.5,0.9989366937883386,0.5003685138846874,0.5003686496871707,1.0,0.5,0.5,0.0,0.0003685138846874801,0.03646000000000002,0.03680139023813036,0.03682851388468746,0.03680139023813036
structured,2,4,29,0.061335650396883934,0.010491802025727805,0.07360278047626072,2.0,0.0,0.24999999999999997,2.0,0.0,0.25,2.0,0.0,0.25,2.7755575615628914e-17,-0.0,2.7755575615628914e-17,0.0,0.0,0.0
structured,2,8,0,0.10218748061053007,0.019947826864861642,0.12262497673263607,1.0,0.5,0.5,1.0052865508960356,0.49816781696418094,0.4981711738588577,1.0052865508960356,0.49816781696418094,0.4981711738588577,0.0018321830358191322,-0.0,0.06291999999999989,0.06131248836631804,0.061087816964180794,0.061087816964180794
structured,2,8,1,0.10218748061053007,0.019947826864861642,0.12262497673263607,2.0,0.0,0.25,2.0,0.0,0.25,2.0,0.0,0.25,8.326672684688674e-17,-0.0,8.326672684688674e-17,0.0,0.0,0.0
structured,2,8,2,0.10218748061053007,0.019947826864861642,0.12262497673263607,-0.0,0.8660254037844386,1.0,0.012359563202519406,0.861086288218136,0.9914695957572868,0.021239087329729046,0.8575465133546445,0.9853860225667075,0.0073611756232019356,0.008522289767622537,0.09580099999999993,0.10619634498893854,0.10559068605754089,0.10515662124726648
structured,2,8,3,0.10218748061053007,0.019947826864861642,0.12262497673263607,-0.0,0.8660254037844386,1.0,-0.0,0.8660254037844386,1.0,-0.0,0.8660254037844386,1.0,0.0,0.011962551821994015,0.08509939999999994,0.10619634498893854,0.10619634498893854,0.10619634498893854
structured,2,8,4,0.10218748061053007,0.019947826864861642,0.12262497673263607,1.0,0.5,0.5,0.989172219022323,0.5037526579615371,0.5037667404033134,1.0,0.5,0.5,0.0,0.0037526579615371524,0.05801999999999994,0.06131248836631804,0.06177265796153707,0.06131248836631804
structured,2,8,5,0.10218748061053007,0.019947826864861642,0.12262497673263607,1.0,0.5,0.5,0.9961335627197554,0.5013400066506791,0.501341802268503,1.0,0.5,0.5,0.0,0.0013400066506791554,0.06013679999999999,0.06131248836631804,0.061476806650679144,0.06131248836631804
structured,2,8,6,0.10218748061053007,0.019947826864861642,0.12262497673263607,1.0,0.5,0.5,0.9923950419834905,0.5026356897620659,0.5026426366225877,1.0,0.5,0.5,0.0,0.002635689762065814,0.05899999999999997,0.06131248836631804,0.06163568976206581,0.06131248836631804
structured,2,8,7,0.10218748061053007,0.019947826864861642,0.12262497673263607,1.0,0.5,0.5,0.9988407849553833,0.5004017533631235,0.5004019147688883,1.0,0.5,0.5,0.0,0.0004017533631233037,0.060959999999999945,0.06131248836631804,0.06136175336312332,0.06131248836631804
structured,2,8,8,0.10218748061053007,0.019947826864861642,0.12262497673263607,1.0,0.5,0.5,1.0245582373269773,0.4914883471313428,0.49156079536589936,1.0245582373269777,0.49148834713134265,0.4915607953658992,0.008511652868657339,-0.0,0.06878039999999994,0.06131248836631804,0.06026874713134268,0.060268747131342656
structured,2,8,9,0.10218748061053007,0.019947826864861642,0.12262497673263607,-0.0,0.8660254037844386,1.0,-0.0,0.8660254037844386,1.0,-0.0,0.8660254037844386,1.0,0.0,0.00822053075942219,0.0880491999999998,0.10619634498893854,0.10619634498893854,0.10619634498893854
structured,2,8,10,0.10218748061053007,0.019947826864861642,0.12262497673263607,2.0000000000000004,0.0,0.24999999999999994,2.0,0.0,0.25,2.0,0.0,0.25,5.551115123125783e-17,-0.0,5.551115123125783e-17,0.0,0.0,0.0
structured,2,8,11,0.10218748061053007,0.019947826864861642,0.12262497673263607,1.9999999999999998,7.450580596923828e-09,0.25000000000000006,2.0,0.0,0.25,2.0,0.0,0.25,5.551115123125783e-17,-0.0,5.551115123125783e-17,9.136272723424142e-10,0.0,0.0
structured,2,8,12,0.10218748061053007,0.019947826864861642,0.12262497673263607,-0.0,0.8660254037844386,1.0,0.00949261830455934,0.8622307218779146,0.9934418177501098,0.013510256434722992,0.8606271638297543,0.9906791151216467,0.004676847113368063,0.004110265379711111,0.09486999999999987,0.10619634498893854,0.10573102220844328,0.1055343859400982
structured,2,8,13,0.10218748061053007,0.019947826864861642,0.12262497673263607,1.0,0.5,0.5,0.9898167798441369,0.503529264321643,0.503541720028295,1.0,0.5,0.5,1.942890293094024e-16,0.0035292643216428637,0.05821599999999997,0.06131248836631804,0.06174526432164283,0.06131248836631804
structured,2,8,14,0.10218748061053007,0.019947826864861642,0.12262497673263607,-0.0,0.8660254037844386,1.0,0.00546234136181158,0.8638408141134216,0.9962209521281391,0.02064172074687897,0.857784424494603,0.9857941189055374,0.00714907006153119,0.015179420236471211,0.09380179999999996,0.10619634498893854,0.10592845973135973,0.10518579509526832
structured,2,8,15,0.10218748061053007,0.019947826864861642,0.12262497673263607,2.0,0.0,0.24999999999999997,2.0,0.0,0.25,2.0,0.0,0.25,2.7755575615628914e-17,-0.0,2.7755575615628914e-17,0.0,0.0,0.0
structured,2,8,16,0.10218748061053007,0.019947826864861642,0.12262497673263607,2.0,0.0,0.25,2.0,0.0,0.25,2.0,0.0,0.25,0.0,-0.0,0.0,0.0,0.0,0.0
structured,2,8,17,0.10218748061053007,0.019947826864861642,0.12262497673263607,1.0,0.5,0.5,0.9923950419834908,0.5026356897620657,0.5026426366225876,1.0000000000000002,0.4999999999999999,0.4999999999999999,5.551115123125783e-17,0.002635689762065814,0.059,0.06131248836631804,0.06163568976206579,0.06131248836631802
structured,2,8,18,0.10218748061053007,0.019947826864861642,0.12262497673263607,1.0,0.5,0.5,0.989172219022323,0.5037526579615371,0.5037667404033134,1.0,0.5,0.5,0.0,0.0037526579615370734,0.058019999999999974,0.06131248836631804,0.06177265796153707,0.06131248836631804
structured,2,8,19,0.10218748061053007,0.019947826864861642,0.12262497673263607,2.0,0.0,0.25,2.0,0.0,0.25,2.0,0.0,0.25,0.0,-0.0,0.0,0.0,0.0,0.0
structured,2,8,20,0.10218748061053007,0.019947826864861642,0.12262497673263607,1.0,0.5,0.5,0.9730592173924337,0.5093374989588936,0.5094246878457009,1.0,0.5,0.5,0.0,0.009337498958893423,0.05311999999999989,0.06131248836631804,0.062457498958893375,0.06131248836631804
structured,2,8,21,0.10218748061053007,0.019947826864861642,0.12262497673263607,-0.0,0.8660254037844386,1.0,0.0032466835782004625,0.8647266046270141,0.9977521007497644,0.005447694224896407,0.8638466683583929,0.9962310664338951,0.0018880314457927166,0.0015187215625946065,0.09295899999999992,0.10619634498893854,0.106037079772479,0.10592917760801311
structured,2,8,22,0.10218748061053007,0.019947826864861642,0.12262497673263607,1.0,0.5,0.5,1.0119255773648472,0.4958668624732699,0.49588394529908475,1.0119255773648468,0.49586686247327005,0.4958839452990849,0.004133137526730059,-0.0,0.0649388,0.06131248836631804,0.06080566247326997,0.06080566247326999
structured,2,8,23,0.10218748061053007,0.019947826864861642,0.12262497673263607,1.0,0.5,0.5,0.9666148243369445,0.5115714353578359,0.5117053334740764,1.0,0.5,0.5,0.0,0.011571435357835952,0.05115999999999998,0.06131248836631804,0.06273143535783586,0.06131248836631804
structured,2,8,24,0.10218748061053007,0.019947826864861642,0.12262497673263607,1.0,0.5,0.5,1.0245582373269773,0.4914883471313428,0.49156079536589936,1.0245582373269777,0.49148834713134265,0.4915607953658992,0.008511652868657339,-0.0,0.06878039999999994,0.06131248836631804,0.06026874713134268,0.060268747131342656
structured,2,8,25,0.10218748061053007,0.019947826864861642,0.12262497673263607,1.0,0.5,0.5,1.008767228631745,0.49696149130875183,0.49697072384381863,1.008767228631745,0.49696149130875183,0.49697072384381863,0.0030385086912481855,-0.0,0.06397839999999999,0.06131248836631804,0.06093989130875182,0.06093989130875182
structured,2,8,26,0.10218748061053007,0.019947826864861642,0.12262497673263607,1.0,0.5,0.5,0.9730592173924337,0.5093374989588936,0.5094246878457009,1.0,0.5,0.5,0.0,0.009337498958893423,0.05311999999999989,0.06131248836631804,0.062457498958893375,0.06131248836631804
structured,2,8,27,0.10218748061053007,0.019947826864861642,0.12262497673263607,-0.0,0.8660254037844386,1.0,-0.0,0.8660254037844386,1.0,0.0037395718608702532,0.8645295153032108,0.9974112828304045,0.0012960383000729814,0.020507180953605975,0.08410959999999992,0.10619634498893854,0.10619634498893854,0.10601291169873336
structured,2,8,28,0.10218748061053007,0.019947826864861642,0.12262497673263607,1.0,0.5,0.5,1.0308739058924685,0.4892990894603791,0.48941359894675607,1.0308739058924687,0.489299089460379,0.48941359894675596,0.010700910539620979,-0.0,0.07070119999999994,0.06131248836631804,0.060000289460379004,0.06000028946037899
structured,2,8,29,0.10218748061053007,0.019947826864861642,0.12262497673263607,1.0,0.5,0.5,0.9956179025892353,0.5015187215625946,0.5015210280777793,1.0,0.5,0.5,0.0,0.001518721562594567,0.05997999999999995,0.06131248836631804,0.061498721562594554,0.06131248836631804
structured,2,16,0,0.17863475228891368,0.0364423331456699,0.21436170274669641,2.0,0.0,0.25,2.0,0.0,0.25,2.0,0.0,0.25,0.0,-0.0,0.0,0.0,0.0,0.0
structured,2,16,1,0.17863475228891368,0.0364423331456699,0.21436170274669641,2.0,0.0,0.25,2.0,0.0,0.25,2.0,0.0,0.25,0.0,-0.0,0.0,0.0,0.0,0.0
structured,2,16,2,0.17863475228891368,0.0364423331456699,0.21436170274669641,1.0,0.5,0.5,0.99581003544325,0.5014521330965368,0.5014542417870669,1.0,0.5,0.5,0.0,0.0014521330965367267,0.10603999999999991,0.10718085137334821,0.10749213309653667,0.10718085137334821
structured,2,16,3,0.17863475228891368,0.0364423331456699,0.21436170274669641,1.0,0.5,0.5,1.0174049021760878,0.49396777290106636,0.4940041606648395,1.017404902176088,0.4939677729010663,0.49400416066483943,0.006032227098933715,-0.0,0.11191999999999971,0.10718085137334821,0.10588777290106603,0.10588777290106602
structured,2,16,4,0.17863475228891368,0.0364423331456699,0.21436170274669641,1.0,0.5,0.5,0.923859722257562,0.5264000004147726,0.5270969604366726,1.0,0.5,0.5,0.0,0.026400000414772647,0.08643999999999967,0.10718085137334821,0.11284000041477237,0.10718085137334821
structured,2,16,5,0.17863475228891368,0.0364423331456699,0.21436170274669641,2.0,0.0,0.25,1.9999999999999993,1.0536712127723509e-08,0.2500000000000001,1.9999999999999998,7.450580596923828e-09,0.25000000000000006,8.326672684688674e-17,-0.0,8.326672684688674e-17,0.0,2.258667553050578e-09,1.5971191432080896e-09
structured,2,16,6,0.17863475228891368,0.0364423331456699,0.21436170274669641,1.0,0.5,0.5,1.0282011547140895,0.4902255928033309,0.4903211318393772,1.028201154714089,0.490225592803331,0.4903211318393773,0.009774407196669069,-0.0,0.11485999999999974,0.10718085137334821,0.10508559280333066,0.10508559280333067
structured,2,16,7,0.17863475228891368,0.0364423331456699,0.21436170274669641,2.0,0.0,0.25,2.0,0.0,0.25,2.0,0.0,0.25,0.0,-0.0,0.0,0.0,0.0,0.0
structured,2,16,8,0.17863475228891368,0.0364423331456699,0.21436170274669641,2.0,0.0,0.25,2.0,0.0,0.25,2.0,0.0,0.25,1.6653345369377348e-16,-0.0,1.6653345369377348e-16,0.0,0.0,0.0
structured,2,16,9,0.17863475228891368,0.0364423331456699,0.21436170274669641,1.0,0.5,0.5,1.0459031860520518,0.48408841744304487,0.4843415959025117,1.0459031860520516,0.4840884174430449,0.48434159590251175,0.015911582556955062,-0.0,0.11968159999999975,0.10718085137334821,0.10377001744304468,0.10377001744304469
structured,2,16,10,0.17863475228891368,0.0364423331456699,0.21436170274669641,1.0,0.5,0.5,0.9824213754275398,0.5060924364177287,0.5061295541992328,1.0,0.5,0.5,0.0,0.006092436417728804,0.10239439999999975,0.10718085137334821,0.10848683641772852,0.10718085137334821
structured,2,16,11,0.17863475228891368,0.0364423331456699,0.21436170274669641,2.0,0.0,0.25,2.0,0.0,0.25,2.0,0.0,0.24999999999999997,2.7755575615628914e-17,-0.0,2.7755575615628914e-17,0.0,0.0,0.0
structured,2,16,12,0.17863475228891368,0.0364423331456699,0.21436170274669641,-0.0,0.8660254037844386,1.0,0.03582172152929864,0.8517487873717914,0.9754759967893171,0.0503822719064841,0.8459789701943977,0.9656804180111737,0.01739010375381033,0.01428523243572957,0.17069259999999942,0.18564268017712757,0.18258232037345107,0.18134549253876783
structured,2,16,13,0.17863475228891368,0.0364423331456699,0.21436170274669641,-0.0,0.8660254037844386,1.0,-0.0,0.8660254037844386,1.0,0.004952029589642994,0.8640447898663994,0.9965733988952703,0.0017162460528789255,0.025152607048860826,0.15223919999999957,0.18564268017712757,0.18564268017712757,0.18521811240517289
structured,2,16,14,0.17863475228891368,0.0364423331456699,0.21436170274669641,1.0,0.5,0.5,1.0564779511342175,0.4804210809472642,0.48080441501853777,1.056477951134218,0.48042108094726405,0.48080441501853766,0.019578919052735903,-0.0,0.12256279999999989,0.10718085137334821,0.10298388094726403,0.10298388094726399
structured,2,16,15,0.17863475228891368,0.0364423331456699,0.21436170274669641,1.0,0.5,0.5,0.931049487203994,0.5239052136829488,0.5244766729241763,1.0,0.5,0.5,1.942890293094024e-16,0.023905213682948834,0.0883999999999999,0.10718085137334821,0.11230521368294875,0.10718085137334821
structured,2,16,16,0.17863475228891368,0.0364423331456699,0.21436170274669641,-0.0,0.8660254037844386,1.0,-0.0,0.8660254037844386,1.0,0.008623188536604312,0.8625779319781579,0.9940406887357156,0.0029885872861088415,0.01766824685339022,0.15617879999999948,0.18564268017712757,0.18564268017712757,0.184903674250562
structured,2,16,17,0.17863475228891368,0.0364423331456699,0.21436170274669641,1.0,0.5,0.5,0.934644978533793,0.5226578203170369,0.523171197138556,1.0,0.5,0.5,0.0,0.02265782031703706,0.08937999999999996,0.10718085137334821,0.11203782031703693,0.10718085137334821
structured,2,16,18,0.17863475228891368,0.0364423331456699,0.21436170274669641,1.0,0.5,0.5,0.9814136730198925,0.5064417065601842,0.5064832021435917,1.0000000000000002,0.4999999999999999,0.4999999999999999,5.551115123125783e-17,0.006441706560184131,0.10211999999999971,0.10718085137334821,0.10856170656018385,0.10718085137334818
structured,2,16,19,0.17863475228891368,0.0364423331456699,0.21436170274669641,1.0,0.5,0.5,1.0461909718940403,0.48398862597377185,0.48424499007197963,1.0461909718940405,0.48398862597377174,0.4842449900719795,0.016011374026228216,-0.0,0.1197599999999999,0.10718085137334821,0.10374862597377171,0.10374862597377169
structured,2,16,20,0.17863475228891368,0.0364423331456699,0.21436170274669641,-0.0,0.8660254037844386,1.0,-0.0,0.8660254037844386,1.0,0.0014967912819003088,0.8654265083510223,0.9989630413566422,0.0005187484216038294,0.0026995264624485914,0.1601183999999998,0.18564268017712757,0.18564268017712757,0.1855142999322532
structured,2,16,21,0.17863475228891368,0.0364423331456699,0.21436170274669641,2.0,0.0,0.25,2.0,0.0,0.25,2.0,0.0,0.25,1.3877787807814457e-16,-0.0,1.3877787807814457e-16,0.0,0.0,0.0
structured,2,16,22,0.17863475228891368,0.0364423331456699,0.21436170274669641,1.0,0.5,0.5,0.967019122589311,0.5114312800238313,0.5115619541868146,1.0,0.5,0.5,0.0,0.011431280023831236,0.09819999999999968,0.10718085137334821,0.10963128002383099,0.10718085137334821
structured,2,16,23,0.17863475228891368,0.0364423331456699,0.21436170274669641,1.0,0.5,0.5,0.9930026680731107,0.5024250999219481,0.5024309810315795,1.0000000000000002,0.4999999999999999,0.4999999999999999,5.551115123125783e-17,0.002425099921947933,0.10527559999999989,0.10718085137334821,0.10770069992194788,0.10718085137334818
structured,2,16,24,0.17863475228891368,0.0364423331456699,0.21436170274669641,-0.0,0.8660254037844386,1.0,-0.0,0.8660254037844386,1.0,0.001612030655041881,0.8653804074087449,0.9988832495269252,0.0005586092697745688,0.01569478693920981,0.15709999999999982,0.18564268017712757,0.18564268017712757,0.18550441765576842
structured,2,16,25,0.17863475228891368,0.0364423331456699,0.21436170274669641,1.0,0.5,0.5,0.956225217534528,0.5151734601215663,0.5154036940136271,1.0,0.5,0.5,0.0,0.015173460121566387,0.09525999999999993,0.10718085137334821,0.11043346012156625,0.10718085137334821
structured,2,16,26,0.17863475228891368,0.0364423331456699,0.21436170274669641,1.0,0.5,0.5,0.956225217534528,0.5151734601215663,0.5154036940136271,1.0,0.5,0.5,0.0,0.01517346012156637,0.0952599999999999,0.10718085137334821,0.11043346012156625,0.10718085137334821
structured,2,16,27,0.17863475228891368,0.0364423331456699,0.21436170274669641,2.0,0.0,0.25,2.0,0.0,0.25,2.0,0.0,0.25,0.0,-0.0,0.0,0.0,0.0,0.0
structured,2,16,28,0.17863475228891368,0.0364423331456699,0.21436170274669641,-0.0,0.8660254037844386,1.0,0.006850054663190038,0.863286255139251,0.9952631583123519,0.026378294603351428,0.8555010803219469,0.9818820984320183,0.009140675627247005,0.019324701634013196,0.16289179999999936,0.18564268017712757,0.18505551160946884,0.18338666827945085
structured,2,16,29,0.17863475228891368,0.0364423331456699,0.21436170274669641,1.0,0.5,0.5,0.999409246028413,0.5002047397306248,0.5002047816489822,1.0,0.5,0.5,0.0,0.0002047397306249684,0.10701999999999989,0.10718085137334821,0.10722473973062485,0.10718085137334821
structured,3,2,0,0.07254798411036789,0.007870782730933085,0.08705758093244147,3.0,0.0,0.125,3.0,0.0,0.125,3.0,0.0,0.125,0.0,-0.0,0.0,0.0,0.0,0.0
structured,3,2,1,0.07254798411036789,0.007870782730933085,0.08705758093244147,2.0,0.5,0.25,1.9405072360063174,0.5206242913824202,0.26052482638872354,2.0,0.5,0.25,0.0,0.020624291382420022,0.024699999999999972,0.04352879046622073,0.04532429138242003,0.04352879046622073
structured,3,2,2,0.07254798411036789,0.007870782730933085,0.08705758093244147,1.0,0.8660254037844386,0.5,0.9630648728848299,0.8808700311464821,0.5129660058860022,1.0,0.8660254037844386,0.5,0.0,0.018477387088059537,0.053634539999999994,0.07539407667951406,0.0766864140274971,0.07539407667951406
structured,3,2,3,0.07254798411036789,0.007870782730933085,0.08705758093244147,1.0,0.8660254037844386,0.5,0.9397661443293733,0.8903003731792081,0.5213173772415186,1.0,0.8660254037844386,0.5,0.0,0.021697743529600258,0.046164,0.07539407667951406,0.07750739679223174,0.07539407667951406
structured,3,2,4,0.07254798411036789,0.007870782730933085,0.08705758093244147,3.0,0.0,0.125,3.0,0.0,0.125,3.0,0.0,0.125,0.0,-0.0,0.0,0.0,0.0,0.0
structured,3,2,5,0.07254798411036789,0.007870782730933085,0.08705758093244147,1.0,0.8660254037844386,0.5,0.9306908095198522,0.8939877881159018,0.5246070826501813,1.0,0.8660254037844386,0.5,0.0,0.02415221950345086,0.043243599999999965,0.07539407667951406,0.07782841421651446,0.07539407667951406
structured,3,2,6,0.07254798411036789,0.007870782730933085,0.08705758093244147,1.0,0.8660254037844386,0.5,0.9366380986848564,0.8915704366626892,0.5224489217654491,1.0,0.8660254037844386,0.5,0.0,0.022037518773505804,0.045174199999999956,0.07539407667951406,0.07761796544673424,0.07539407667951406
structured,3,2,7,0.07254798411036789,0.007870782730933085,0.08705758093244147,-0.0,1.0,1.0,-0.0,1.0,1.0,-0.0,1.0,1.0,0.0,0.03819176515188364,0.06339604600000003,0.08705758093244147,0.08705758093244147,0.08705758093244147
structured,3,2,8,0.07254798411036789,0.007870782730933085,0.08705758093244147,1.0,0.8660254037844386,0.5,0.924414043573289,0.8965427762767995,0.5268944748470556,1.0,0.8660254037844386,0.5,0.0,0.028138456412681756,0.04127380000000007,0.07539407667951406,0.07805084530511323,0.07539407667951406
structured,3,2,9,0.07254798411036789,0.007870782730933085,0.08705758093244147,1.0,0.8660254037844386,0.5,0.924840042996955,0.8963692500934829,0.5267389162565764,1.0,0.8660254037844386,0.5,0.0,0.026245451190452348,0.041332600000000025,0.07539407667951406,0.07803573853536526,0.07539407667951406
structured,3,2,10,0.07254798411036789,0.007870782730933085,0.08705758093244147,1.0,0.8660254037844386,0.5,0.9429492668888569,0.8890089143859651,0.5201684249288561,1.0,0.8660254037844386,0.5,0.0,0.020624291382420022,0.047163599999999986,0.07539407667951406,0.07739496551381808,0.07539407667951406
structured,3,2,11,0.07254798411036789,0.007870782730933085,0.08705758093244147,2.0,0.5,0.25,2.0148512647740384,0.4948528522329166,0.2474396726815264,2.0148512647740384,0.4948528522329166,0.2474396726815264,0.005147147767083365,-0.0,0.048227840000000015,0.04352879046622073,0.043080692232916634,0.043080692232916634
structured,3,2,12,0.07254798411036789,0.007870782730933085,0.08705758093244147,1.0,0.8660254037844386,0.5,0.9483961417303414,0.8868012618508282,0.5182082390101106,1.0,0.8660254037844386,0.5,0.0,0.021282826635392143,0.04902559999999992,0.07539407667951406,0.07720277262456969,0.07539407667951406
structured,3,2,13,0.07254798411036789,0.007870782730933085,0.08705758093244147,2.0,0.5,0.25,1.9343181689754552,0.5227711956767805,0.26164486151466537,2.0,0.5,0.25,0.0,0.02277119567678053,0.022739999999999982,0.04352879046622073,0.04551119567678052,0.04352879046622073
structured,3,2,14,0.07254798411036789,0.007870782730933085,0.08705758093244147,2.0,0.5,0.25,1.9675022788425824,0.5112637886590083,0.2556953307969816,2.0,0.5,0.25,1.1102230246251565e-16,0.011263788659008275,0.03324559999999993,0.04352879046622073,0.04450938865900827,0.04352879046622073
structured,3,2,15,0.07254798411036789,0.007870782730933085,0.08705758093244147,1.0,0.8660254037844386,0.5,0.9454631948097816,0.8879896499793685,0.5192628092352407,1.0,0.8660254037844386,0.5,0.0,0.018999649196985692,0.047947599999999924,0.07539407667951406,0.07730623082024925,0.07539407667951406
structured,3,2,16,0.07254798411036789,0.007870782730933085,0.08705758093244147,3.0,0.0,0.125,3.0,0.0,0.125,3.0,0.0,0.125,0.0,-0.0,0.0,0.0,0.0,0.0
structured,3,2,17,0.07254798411036789,0.007870782730933085,0.08705758093244147,1.0,0.8660254037844386,0.5,0.9621371045942206,0.8812445632671189,0.5132959901439276,1.001799387704429,0.8653054587641996,0.49937676848356094,0.0006236204188658093,0.027065004265501503,0.05350812000000003,0.07539407667951406,0.07671901988790124,0.0753314000076477
structured,3,2,18,0.07254798411036789,0.007870782730933085,0.08705758093244147,2.0,0.5,0.25,1.9705369748431376,0.5102118055547716,0.25515804326373004,2.0,0.5,0.25,0.0,0.010211805554771618,0.03420599999999998,0.04352879046622073,0.04441780555477162,0.04352879046622073
structured,3,2,19,0.07254798411036789,0.007870782730933085,0.08705758093244147,2.0,0.5,0.25,1.9281302329560637,0.5249180999711411,0.26276950583865644,2.0,0.5,0.25,0.0,0.024918099971141017,0.02077999999999995,0.04352879046622073,0.04569809997114102,0.04352879046622073
structured,3,2,20,0.07254798411036789,0.007870782730933085,0.08705758093244147,1.0,0.8660254037844386,0.5,0.9062958485955113,0.9039394269976418,0.5335532438404126,1.0,0.8660254037844386,0.5,0.0,0.03271836763794924,0.035423199999999995,0.07539407667951406,0.07869477982387198,0.07539407667951406
structured,3,2,21,0.07254798411036789,0.007870782730933085,0.08705758093244147,2.0,0.5,0.25,1.9374125673321014,0.5216977435296003,0.26108426780193833,2.0,0.5,0.25,0.0,0.021697743529600265,0.023719999999999984,0.04352879046622073,0.04541774352960027,0.04352879046622073
structured,3,2,22,0.07254798411036789,0.007870782730933085,0.08705758093244147,2.0,0.5,0.25,1.9250367199552696,0.5259915521183212,0.2633335564499203,2.0,0.5,0.25,0.0,0.025991552118321257,0.01980000000000002,0.04352879046622073,0.04579155211832125,0.04352879046622073
structured,3,2,23,0.07254798411036789,0.007870782730933085,0.08705758093244147,-0.0,1.0,1.0,-0.0,1.0,1.0,-0.0,1.0,1.0,0.0,0.039350234709120566,0.05858385399999999,0.08705758093244147,0.08705758093244147,0.08705758093244147
structured,3,2,24,0.07254798411036789,0.007870782730933085,0.08705758093244147,1.0,0.8660254037844386,0.5,0.9302315820080498,0.8941745893211139,0.5247740980937914,1.0,0.8660254037844386,0.5,0.0,0.028138456412681753,0.043194599999999986,0.07539407667951406,0.07784467667755549,0.07539407667951406
structured,3,2,25,0.07254798411036789,0.007870782730933085,0.08705758093244147,2.0,0.5,0.25,1.9826768965660706,0.5060038731378251,0.2530199598152401,2.0,0.5,0.25,0.0,0.006003873137825055,0.03804759999999997,0.04352879046622073,0.04405147313782506,0.04352879046622073
structured,3,2,26,0.07254798411036789,0.007870782730933085,0.08705758093244147,1.0,0.8660254037844386,0.5,0.936765434015379,0.8915187169635481,0.5224028113481655,1.0,0.8660254037844386,0.5,0.0,0.02201604973056217,0.04519379999999998,0.07539407667951406,0.07761346285484047,0.07539407667951406
structured,3,2,27,0.07254798411036789,0.007870782730933085,0.08705758093244147,1.0,0.8660254037844386,0.5,0.9502716206906966,0.8860417764618043,0.517535014817795,1.0,0.8660254037844386,0.5,0.0,0.023844647823960764,0.04968631599999997,0.07539407667951406,0.07713665366384774,0.07539407667951406
structured,3,2,28,0.07254798411036789,0.007870782730933085,0.08705758093244147,2.0,0.5,0.25,1.9523311339066012,0.5165237041801914,0.25839836849001296,2.0,0.5,0.25,0.0,0.01652370418019148,0.028443600000000003,0.04352879046622073,0.04496730418019147,0.04352879046622073
structured,3,2,29,0.07254798411036789,0.007870782730933085,0.08705758093244147,3.0,0.0,0.125,3.0,0.0,0.125,3.0,0.0,0.125,0.0,-0.0,0.0,0.0,0.0,0.0
structured,3,4,0,0.11496891621209127,0.014042689738630033,0.1379626994545095,3.0,0.0,0.125,3.0,0.0,0.125,3.0,0.0,0.125,0.0,-0.0,0.0,0.0,0.0,0.0
structured,3,4,1,0.11496891621209127,0.014042689738630033,0.1379626994545095,2.0,0.5,0.25,2.0089712098011163,0.4968907954782825,0.2484502313155202,2.0089712098011163,0.4968907954782825,0.2484502313155202,0.0031092045217175276,-0.0,0.07166159999999999,0.06898134972725475,0.06855239547828244,0.06855239547828244
structured,3,4,2,0.11496891621209127,0.014042689738630033,0.1379626994545095,2.0,0.5,0.25,2.0121857493606576,0.4957766905556854,0.24789726344917393,2.0121857493606576,0.49577669055568535,0.2478972634491739,0.004223309444314607,-0.0,0.07262199999999999,0.06898134972725475,0.06839869055568538,0.06839869055568538
structured,3,4,3,0.11496891621209127,0.014042689738630033,0.1379626994545095,3.0,0.0,0.125,3.0,0.0,0.125,3.0,0.0,0.125,0.0,-0.0,0.0,0.0,0.0,0.0
structured,3,4,4,0.11496891621209127,0.014042689738630033,0.1379626994545095,1.0,0.8660254037844386,0.5,0.9220798246864239,0.8974939081664687,0.5277476575979608,1.0,0.8660254037844386,0.5,0.0,0.030905100870224952,0.08017,0.11947920250228274,0.12382068231462368,0.11947920250228274
structured,3,4,5,0.11496891621209127,0.014042689738630033,0.1379626994545095,2.0,0.5,0.25,1.8748916452868885,0.5434103602054978,0.27264740978933444,2.0,0.5,0.25,0.0,0.043410360205497885,0.031560000000000005,0.06898134972725475,0.07497036020549785,0.06898134972725475
structured,3,4,6,0.11496891621209127,0.014042689738630033,0.1379626994545095,1.0,0.8660254037844386,0.5,0.9683241481353977,0.8787484479381639,0.5110994173768659,1.0,0.8660254037844386,0.5,0.0,0.014716474239835168,0.09404679999999999,0.11947920250228274,0.12123450801900959,0.11947920250228274
structured,3,4,7,0.11496891621209127,0.014042689738630033,0.1379626994545095,1.0,0.8660254037844386,0.5,0.9063856552979007,0.9039026845608756,0.533520031578179,1.0,0.8660254037844386,0.5,0.0,0.03317878438572912,0.0753287999999999,0.11947920250228274,0.1247048544061964,0.11947920250228274
structured,3,4,8,0.11496891621209127,0.014042689738630033,0.1379626994545095,2.9999999999999996,7.450580596923828e-09,0.12500000000000003,3.0,0.0,0.125,3.0,0.0,0.125,1.1102230246251565e-16,-0.0,1.1102230246251565e-16,1.0279022116550021e-09,0.0,0.0
structured,3,4,9,0.11496891621209127,0.014042689738630033,0.1379626994545095,3.0,0.0,0.125,3.0,0.0,0.125,3.0,0.0,0.125,0.0,-0.0,0.0,0.0,0.0,0.0
structured,3,4,10,0.11496891621209127,0.014042689738630033,0.1379626994545095,3.0,0.0,0.125,3.0,0.0,0.125,3.0,0.0,0.125,1.1102230246251565e-16,-0.0,1.1102230246251565e-16,0.0,0.0,0.0
structured,3,4,11,0.11496891621209127,0.014042689738630033,0.1379626994545095,3.0,0.0,0.125,3.0,0.0,0.125,3.0,0.0,0.125,0.0,-0.0,0.0,0.0,0.0,0.0
structured,3,4,12,0.11496891621209127,0.014042689738630033,0.1379626994545095,1.0,0.8660254037844386,0.5,0.9166187731103679,0.8997212158440053,0.5297491331199076,1.0,0.8660254037844386,0.5,0.0,0.029145867092970786,0.07834719999999995,0.11947920250228274,0.12412796769433239,0.11947920250228274
structured,3,4,13,0.11496891621209127,0.014042689738630033,0.1379626994545095,3.0,0.0,0.125,3.0,0.0,0.125,3.0,0.0,0.125,0.0,-0.0,0.0,0.0,0.0,0.0
structured,3,4,14,0.11496891621209127,0.014042689738630033,0.1379626994545095,3.0,0.0,0.125,3.0,0.0,0.125,3.0,0.0,0.125,8.326672684688674e-17,-0.0,8.326672684688674e-17,0.0,0.0,0.0
structured,3,4,15,0.11496891621209127,0.014042689738630033,0.1379626994545095,1.0,0.8660254037844386,0.5,0.9214677434314203,0.897743402746446,0.5279716085873838,1.0,0.8660254037844386,0.5,0.0,0.038862993174489546,0.08014059999999992,0.11947920250228274,0.12385510326037662,0.11947920250228274
structured,3,4,16,0.11496891621209127,0.014042689738630033,0.1379626994545095,2.0,0.5,0.25,1.9239815168095655,0.5263577338392166,0.2635262319861778,2.0,0.5,0.25,0.0,0.026357733839216572,0.04625999999999997,0.06898134972725475,0.07261773383921655,0.06898134972725475
structured,3,4,17,0.11496891621209127,0.014042689738630033,0.1379626994545095,2.0,0.49999999999999994,0.24999999999999997,1.904333118499546,0.5331787843857292,0.2671398080595219,2.0,0.5,0.25,2.7755575615628914e-17,0.033178784385729077,0.04037999999999996,0.06898134972725474,0.07355878438572908,0.06898134972725475
structured,3,4,18,0.11496891621209127,0.014042689738630033,0.1379626994545095,3.0,0.0,0.125,3.0,0.0,0.125,3.0,0.0,0.125,0.0,-0.0,0.0,0.0,0.0,0.0
structured,3,4,19,0.11496891621209127,0.014042689738630033,0.1379626994545095,2.0,0.5,0.25,1.9239815168095655,0.5263577338392166,0.2635262319861778,2.0,0.5,0.25,0.0,0.026357733839216572,0.04625999999999997,0.06898134972725475,0.07261773383921655,0.06898134972725475
structured,3,4,20,0.11496891621209127,0.014042689738630033,0.1379626994545095,3.0,0.0,0.125,3.0,0.0,0.125,3.0,0.0,0.125,0.0,-0.0,0.0,0.0,0.0,0.0
structured,3,4,21,0.11496891621209127,0.014042689738630033,0.1379626994545095,1.0,0.8660254037844386,0.5,0.9669575704470124,0.8792994714960259,0.5115837802865952,1.0007050833915347,0.8657432603505917,0.4997556964212362,0.00024436329218225673,0.022947208565960314,0.09379199999999996,0.11947920250228274,0.12131052871651528,0.11944027723251585
structured,3,4,22,0.11496891621209127,0.014042689738630033,0.1379626994545095,2.0,0.5,0.25,2.0057566252737655,0.49800490040087947,0.24900444041164493,2.0057566252737655,0.4980049004008796,0.249004440411645,0.0019950995991205064,-0.0,0.07070120000000002,0.06898134972725475,0.06870610040087947,0.06870610040087949
structured,3,4,23,0.11496891621209127,0.014042689738630033,0.1379626994545095,1.0,0.8660254037844386,0.5,1.0072174639348002,0.8631394604631798,0.4975048641043346,1.0388946382980344,0.8505295174970051,0.48670023006684415,0.01348152135109589,0.026279603967591807,0.10618292399999986,0.11947920250228274,0.11908104997120916,0.1173413481996283
structured,3,4,24,0.11496891621209127,0.014042689738630033,0.1379626994545095,2.0,0.49999999999999994,0.24999999999999997,1.960035215619308,0.5138524745039439,0.25702218277691313,2.0,0.5,0.25,8.326672684688674e-17,0.01385247450394365,0.057039999999999876,0.06898134972725474,0.07089247450394362,0.06898134972725475
structured,3,4,25,0.11496891621209127,0.014042689738630033,0.1379626994545095,1.0,0.8660254037844386,0.5,0.9486355779573904,0.8867042821048882,0.5181222419515725,1.0152073609687493,0.8599502436958094,0.494757210816241,0.005270568071555794,0.044547201963249974,0.08881477600000003,0.11947920250228274,0.1223321163770633,0.11864105701683716
structured,3,4,26,0.11496891621209127,0.014042689738630033,0.1379626994545095,3.0,0.0,0.125,3.0,0.0,0.125,3.0,0.0,0.125,0.0,-0.0,0.0,0.0,0.0,0.0
structured,3,4,27,0.11496891621209127,0.014042689738630033,0.1379626994545095,1.0,0.8660254037844386,0.5,0.9260327402433735,0.8958835118316562,0.5263036333859106,1.0,0.8660254037844386,0.5,0.0,0.028085733310999755,0.08141342399999996,0.11947920250228274,0.12359850768908129,0.11947920250228274
structured,3,4,28,0.11496891621209127,0.014042689738630033,0.1379626994545095,3.0,0.0,0.125,3.0,0.0,0.125,3.0,0.0,0.125,0.0,-0.0,0.0,0.0,0.0,0.0
structured,3,4,29,0.11496891621209127,0.014042689738630033,0.1379626994545095,1.0,0.8660254037844386,0.5,0.9609718198205546,0.8817150944718676,0.5137107539097672,1.0,0.8660254037844386,0.5,0.0,0.021810366808208248,0.09189079999999994,0.11947920250228274,0.12164379458312673,0.11947920250228274
structured,3,8,0,0.1940786271610041,0.025109474695452286,0.2328943525932049,2.0,0.5,0.25,1.9615961435641098,0.5133113037703758,0.2567442472892215,2.0,0.5,0.25,0.0,0.013311303770375687,0.10623599999999983,0.11644717629660245,0.11954730377037562,0.11644717629660245
structured,3,8,1,0.1940786271610041,0.025109474695452286,0.2328943525932049,2.0,0.5,0.25,1.8678413347050793,0.5458627523021556,0.27398307217544227,2.0,0.5,0.25,1.1102230246251565e-16,0.045862752302155585,0.08126559999999992,0.11644717629660245,0.1271283523021555,0.11644717629660245
structured,3,8,2,0.1940786271610041,0.025109474695452286,0.2328943525932049,2.0,0.5,0.25,1.9719147223431863,0.5097342215141362,0.2549144882913112,2.0,0.5,0.25,0.0,0.009734221514136096,0.10897999999999994,0.11644717629660245,0.11871422151413603,0.11644717629660245
structured,3,8,3,0.1940786271610041,0.025109474695452286,0.2328943525932049,2.0,0.5,0.25,1.9652074563850577,0.5120593249806922,0.25610237614984105,1.9999999999999998,0.5000000000000001,0.25000000000000006,1.5265566588595902e-16,0.012059324980691961,0.10719639999999976,0.11644717629660245,0.11925572498069181,0.11644717629660248
structured,3,8,4,0.1940786271610041,0.025109474695452286,0.2328943525932049,2.0,0.5,0.25,2.0159948202635767,0.49445650319773693,0.2472436167772668,2.0159948202635767,0.49445650319773693,0.2472436167772668,0.0055434968022630635,-0.0,0.12069962399999992,0.11644717629660245,0.1151561271977369,0.1151561271977369
structured,3,8,5,0.1940786271610041,0.025109474695452286,0.2328943525932049,1.0,0.8660254037844386,0.5,0.9104172027015661,0.9022540824641079,0.5320312146615745,1.0,0.8660254037844386,0.5,0.0,0.04116172036412719,0.15113179999999993,0.20169242574364568,0.2101298804100545,0.20169242574364568
structured,3,8,6,0.1940786271610041,0.025109474695452286,0.2328943525932049,2.0,0.5,0.25,1.9435434635205129,0.5195711977187948,0.2599771147494715,2.0,0.5,0.25,1.1102230246251565e-16,0.01957119771879488,0.10143399999999991,0.11644717629660245,0.12100519771879477,0.11644717629660245
structured,3,8,7,0.1940786271610041,0.025109474695452286,0.2328943525932049,1.0,0.8660254037844386,0.5,0.8678220835935895,0.9197537239714837,0.5479734563797061,1.0,0.8660254037844386,0.5,0.0,0.04678257345376007,0.1394599999999998,0.20169242574364568,0.214205448089528,0.20169242574364568
structured,3,8,8,0.1940786271610041,0.025109474695452286,0.2328943525932049,2.0,0.5,0.25,1.885842911463635,0.5396028583537364,0.27058562237176126,2.0,0.5,0.25,0.0,0.03960285835373633,0.08606759999999992,0.11644717629660245,0.1256704583537363,0.11644717629660245
structured,3,8,9,0.1940786271610041,0.025109474695452286,0.2328943525932049,3.0,0.0,0.125,3.0,0.0,0.125,3.0,0.0,0.125,1.6653345369377348e-16,-0.0,1.6653345369377348e-16,0.0,0.0,0.0
structured,3,8,10,0.1940786271610041,0.025109474695452286,0.2328943525932049,1.0,0.8660254037844386,0.5,0.9024991191504347,0.9054935019909239,0.5349592410738937,1.0,0.8660254037844386,0.5,0.0,0.035846921984684955,0.14867003999999973,0.20169242574364568,0.21088432292353013,0.20169242574364568
structured,3,8,11,0.1940786271610041,0.025109474695452286,0.2328943525932049,1.0,0.8660254037844386,0.5,0.9408994996398807,0.8898404356899018,0.5209080004943971,1.0,0.8660254037844386,0.5,0.0,0.03017469154979082,0.15904039999999975,0.20169242574364568,0.20723881218125506,0.20169242574364568
structured,3,8,12,0.1940786271610041,0.025109474695452286,0.2328943525932049,1.9999999999999998,0.5000000000000001,0.25000000000000006,1.8615265864754713,0.5480601028309885,0.27518493815755685,2.0,0.5,0.25,1.249000902703301e-16,0.04806010283098843,0.07957999999999994,0.11644717629660248,0.12764010283098837,0.11644717629660245
structured,3,8,13,0.1940786271610041,0.025109474695452286,0.2328943525932049,2.0,0.5,0.25,2.008553459161665,0.49703557950448596,0.24852218364668008,2.0085534591616656,0.49703557950448585,0.24852218364668002,0.002964420495514171,-0.0,0.11872119999999983,0.11644717629660245,0.11575677950448568,0.11575677950448565
structured,3,8,14,0.1940786271610041,0.025109474695452286,0.2328943525932049,2.0,0.5,0.25,1.8248616372628876,0.5608353966032725,0.282268171041575,2.0,0.5,0.25,0.0,0.06083539660327254,0.06977999999999994,0.11644717629660245,0.13061539660327245,0.11644717629660245
structured,3,8,15,0.1940786271610041,0.025109474695452286,0.2328943525932049,1.0,0.8660254037844386,0.5,0.8633501532583182,0.9216014845609204,0.5496746481724462,1.0,0.8660254037844386,0.5,0.0,0.04800872548572725,0.13784299999999977,0.20169242574364568,0.21463578109575207,0.20169242574364568
structured,3,8,16,0.1940786271610041,0.025109474695452286,0.2328943525932049,1.0,0.8660254037844386,0.5,0.8836568059831428,0.9132271341461158,0.5419918992703638,1.0,0.8660254037844386,0.5,0.0,0.04068848215420849,0.14345839999999976,0.20169242574364568,0.2126854421775075,0.20169242574364568
structured,3,8,17,0.1940786271610041,0.025109474695452286,0.2328943525932049,1.0,0.8660254037844386,0.5,0.9223252928720425,0.8973938614731453,0.5276578713048413,1.0,0.8660254037844386,0.5,0.0,0.03783986781316126,0.15426779999999973,0.20169242574364568,0.20899796238890436,0.20169242574364568
structured,3,8,18,0.1940786271610041,0.025109474695452286,0.2328943525932049,1.0,0.8660254037844386,0.5,0.8839838804218542,0.9130925887569697,0.5418690378214523,1.0,0.8660254037844386,0.5,0.0,0.04062460568534705,0.14350739999999973,0.20169242574364568,0.21265410731620796,0.20169242574364568
structured,3,8,19,0.1940786271610041,0.025109474695452286,0.2328943525932049,2.0,0.5,0.25,2.065534581256736,0.4772793542032746,0.23889779097434743,2.065534581256736,0.4772793542032746,0.23889779097434743,0.022720645796725322,-0.0,0.13387631199999994,0.11644717629660245,0.11115566620327456,0.11115566620327456
structured,3,8,20,0.1940786271610041,0.025109474695452286,0.2328943525932049,1.0,0.8660254037844386,0.5,0.8965657740240587,0.9079249841451278,0.5371638884174653,1.0,0.8660254037844386,0.5,0.0,0.04933763220821697,0.1472901999999997,0.20169242574364568,0.21145060138567537,0.20169242574364568
structured,3,8,21,0.1940786271610041,0.025109474695452286,0.2328943525932049,-0.0,1.0,1.0,-0.0,1.0,1.0,-0.0,1.0,1.0,0.0,0.04650804272274214,0.1870497999999996,0.2328943525932049,0.2328943525932049,0.2328943525932049
structured,3,8,22,0.1940786271610041,0.025109474695452286,0.2328943525932049,2.0,0.5,0.25,2.065534581256736,0.4772793542032746,0.23889779097434743,2.065534581256736,0.4772793542032746,0.23889779097434743,0.022720645796725322,-0.0,0.13387631199999994,0.11644717629660245,0.11115566620327456,0.11115566620327456
structured,3,8,23,0.1940786271610041,0.025109474695452286,0.2328943525932049,2.0,0.5,0.25,2.0518913729532047,0.48201183402827974,0.24116770407165294,2.0518913729532047,0.48201183402827974,0.24116770407165294,0.017988165971720337,-0.0,0.1302459999999999,0.11644717629660245,0.11225783402827955,0.11225783402827955
structured,3,8,24,0.1940786271610041,0.025109474695452286,0.2328943525932049,2.0,0.5,0.25,2.015778086719866,0.4945316219251182,0.247280762541944,2.0157780867198665,0.494531621925118,0.24728076254194392,0.005468378074881927,-0.0,0.12064199999999986,0.11644717629660245,0.11517362192511797,0.11517362192511793
structured,3,8,25,0.1940786271610041,0.025109474695452286,0.2328943525932049,2.0,0.5,0.25,1.9435434635205115,0.5195711977187952,0.2599771147494717,2.0,0.5,0.25,0.0,0.019571197718795116,0.10143399999999972,0.11644717629660245,0.12100519771879488,0.11644717629660245
structured,3,8,26,0.1940786271610041,0.025109474695452286,0.2328943525932049,2.0,0.5,0.25,1.990491342088912,0.5032954734529049,0.2516531667990919,2.0,0.5,0.25,0.0,0.0032954734529048843,0.11391919999999991,0.11644717629660245,0.11721467345290484,0.11644717629660245
structured,3,8,27,0.1940786271610041,0.025109474695452286,0.2328943525932049,1.0,0.8660254037844386,0.5,0.9332942458300414,0.8929291673788903,0.5236612489779792,1.0,0.8660254037844386,0.5,0.0,0.037839867813161274,0.15716820799999975,0.20169242574364568,0.20795816034829614,0.20169242574364568
structured,3,8,28,0.1940786271610041,0.025109474695452286,0.2328943525932049,2.0,0.5,0.25,1.8725421316063704,0.5442275146993032,0.2730917938778901,2.0,0.5,0.25,0.0,0.04422751469930323,0.08251999999999991,0.11644717629660245,0.12674751469930312,0.11644717629660245
structured,3,8,29,0.1940786271610041,0.025109474695452286,0.2328943525932049,3.0,0.0,0.125,3.0,0.0,0.125,3.0,0.0,0.125,0.0,-0.0,0.0,0.0,0.0,0.0
structured,3,16,0,0.3317161411415024,0.04144718841393129,0.39805936936980285,2.0,0.5,0.25,1.8638296195254285,0.5472586219260851,0.2747459996362189,2.0,0.5,0.25,8.326672684688674e-17,0.0472586219260851,0.17058279999999973,0.19902968468490143,0.2178414219260848,0.19902968468490143
structured,3,16,1,0.3317161411415024,0.04144718841393129,0.39805936936980285,3.0,0.0,0.125,3.0,0.0,0.125,3.0,0.0,0.125,1.1796119636642288e-16,-0.0,1.1796119636642288e-16,0.0,0.0,0.0
structured,3,16,2,0.3317161411415024,0.04144718841393129,0.39805936936980285,2.0,0.49999999999999994,0.24999999999999997,1.8867686660621077,0.539281090994218,0.27041204755195697,2.0,0.5,0.25,8.326672684688674e-17,0.03928109099421796,0.17538479999999973,0.1990296846849014,0.21466589099421765,0.19902968468490143
structured,3,16,3,0.3317161411415024,0.04144718841393129,0.39805936936980285,2.0,0.5,0.25,1.9770417021994484,0.5079570715801109,0.254010193284121,2.0,0.5,0.25,0.0,0.007957071580110983,0.19423999999999983,0.19902968468490143,0.20219707158011077,0.19902968468490143
structured,3,16,4,0.3317161411415024,0.04144718841393129,0.39805936936980285,1.0,0.8660254037844386,0.5,0.7186650948784066,0.9825064282301467,0.6076594407567801,1.0,0.8660254037844386,0.5,0.0,0.10069784949371755,0.2379303999999991,0.34472952608866253,0.39109588922306965,0.34472952608866253
structured,3,16,5,0.3317161411415024,0.04144718841393129,0.39805936936980285,2.0,0.5,0.25,1.914328917288302,0.5297080538759776,0.26529531117053784,2.0,0.5,0.25,8.326672684688674e-17,0.029708053875977497,0.18114719999999968,0.19902968468490143,0.2108552538759772,0.19902968468490143
structured,3,16,6,0.3317161411415024,0.04144718841393129,0.39805936936980285,2.0,0.5,0.25,1.9676481916086812,0.5112132066543427,0.2556694713289078,2.0,0.5,0.25,0.0,0.011213206654342445,0.19227999999999978,0.19902968468490143,0.20349320665434234,0.19902968468490143
structured,3,16,7,0.3317161411415024,0.04144718841393129,0.39805936936980285,2.9999999999999996,7.450580596923828e-09,0.12500000000000003,3.0,0.0,0.125,3.0,0.0,0.125,1.734723475976807e-16,-0.0,1.734723475976807e-16,2.9657734138503883e-09,0.0,0.0
structured,3,16,8,0.3317161411415024,0.04144718841393129,0.39805936936980285,1.0,0.8660254037844386,0.5,0.7663689452062135,0.9621800886603311,0.5878952615072013,1.0,0.8660254037844386,0.5,0.0,0.08298447468989832,0.24859279999999914,0.34472952608866253,0.3830047993123124,0.34472952608866253
structured,3,16,9,0.3317161411415024,0.04144718841393129,0.39805936936980285,2.0,0.5,0.25,1.7202144909713588,0.5975007861214771,0.30350359470789157,2.0,0.5,0.25,8.326672684688674e-17,0.09750078612147686,0.14033999999999966,0.19902968468490143,0.2378407861214766,0.19902968468490143
structured,3,16,10,0.3317161411415024,0.04144718841393129,0.39805936936980285,2.0,0.5,0.25,1.8551297863144287,0.5502868275451201,0.2764077962848364,2.0,0.5,0.25,0.0,0.05028682754512026,0.1687599999999998,0.19902968468490143,0.21904682754511998,0.19902968468490143
structured,3,16,11,0.3317161411415024,0.04144718841393129,0.39805936936980285,2.0,0.5,0.25,1.913317816641334,0.5300590652369795,0.26548130631995026,2.0,0.5,0.25,0.0,0.0300590652369794,0.1809359119999998,0.19902968468490143,0.21099497723697927,0.19902968468490143
structured,3,16,12,0.3317161411415024,0.04144718841393129,0.39805936936980285,1.0,0.8660254037844386,0.5,0.8436618669333107,0.9297606259974024,0.5572274108275408,1.0,0.8660254037844386,0.5,0.0,0.06914896680312872,0.2661712559999993,0.34472952608866253,0.3700999284493991,0.34472952608866253
structured,3,16,13,0.3317161411415024,0.04144718841393129,0.39805936936980285,2.0,0.5,0.25,1.8775897186999089,0.5424721033669647,0.27213799146568945,2.0000000000000004,0.49999999999999983,0.24999999999999992,1.1102230246251565e-16,0.042472103366964734,0.17346399999999979,0.19902968468490143,0.21593610336696448,0.19902968468490137
structured,3,16,14,0.3317161411415024,0.04144718841393129,0.39805936936980285,1.0,0.8660254037844386,0.5,0.9518371569815475,0.8854080616471204,0.5169737178148555,1.0152696067649998,0.8599254208713717,0.4947358647304029,0.005292142036936195,0.04247210336696526,0.28894723999999916,0.34472952608866253,0.3524449746541923,0.3423013707371205
structured,3,16,15,0.3317161411415024,0.04144718841393129,0.39805936936980285,2.0,0.5,0.25,1.9854534690685703,0.5050415282346442,0.25253347262079245,2.0,0.5,0.25,0.0,0.00504152823464423,0.1959949839999997,0.19902968468490143,0.20103651223464394,0.19902968468490143
structured,3,16,16,0.3317161411415024,0.04144718841393129,0.39805936936980285,2.0,0.5,0.25,1.6879020916351428,0.6088972588812874,0.3103779359365728,2.0,0.5,0.25,0.0,0.108897258881287,0.1334799999999996,0.19902968468490143,0.24237725888128686,0.19902968468490143
structured,3,16,17,0.3317161411415024,0.04144718841393129,0.39805936936980285,2.9999999999999996,7.450580596923828e-09,0.12500000000000003,3.0,0.0,0.125,3.0,0.0,0.125,1.1102230246251565e-16,-0.0,1.1102230246251565e-16,2.9657734138503883e-09,0.0,0.0
structured,3,16,18,0.3317161411415024,0.04144718841393129,0.39805936936980285,0.9999999999999997,0.8660254037844388,0.5000000000000001,0.807402419008126,0.9448912730586495,0.5714097589511977,1.0,0.8660254037844386,0.5,1.6653345369377348e-16,0.08447624582455143,0.2582261999999992,0.3447295260886626,0.3761228242767562,0.34472952608866253
structured,3,16,19,0.3317161411415024,0.04144718841393129,0.39805936936980285,-0.0,1.0,1.0,-0.0,1.0,1.0,-0.0,1.0,1.0,0.0,0.1447147446978334,0.2856708259999989,0.39805936936980285,0.39805936936980285,0.39805936936980285
structured,3,16,20,0.3317161411415024,0.04144718841393129,0.39805936936980285,1.0,0.8660254037844386,0.5,0.7091688387843609,0.9865824165008988,0.6116724322743765,1.0,0.8660254037844386,0.5,0.0,0.13006213686379187,0.23764619999999942,0.34472952608866253,0.39271837454368397,0.34472952608866253
structured,3,16,21,0.3317161411415024,0.04144718841393129,0.39805936936980285,2.9999999999999996,1.0536712127723509e-08,0.12500000000000006,3.0,0.0,0.125,3.0,0.0,0.125,9.71445146547012e-17,-0.0,9.71445146547012e-17,4.194236984792774e-09,0.0,0.0
structured,3,16,22,0.3317161411415024,0.04144718841393129,0.39805936936980285,2.0,0.49999999999999994,0.24999999999999997,1.9419178582468066,0.5201350167577365,0.26027021782878546,2.0,0.5,0.25,2.7755575615628914e-17,0.02013501675773669,0.18690959999999976,0.1990296846849014,0.20704461675773644,0.19902968468490143
structured,3,16,23,0.3317161411415024,0.04144718841393129,0.39805936936980285,1.0,0.8660254037844386,0.5,0.6930573157919934,0.9935206744292857,0.6185416652592114,1.0,0.8660254037844386,0.5,0.0,0.11035228998881363,0.23211899999999935,0.34472952608866253,0.3954802131191827,0.34472952608866253
structured,3,16,24,0.3317161411415024,0.04144718841393129,0.39805936936980285,1.9999999999999998,0.5000000000000001,0.25000000000000006,1.873001873640366,0.5440676095533383,0.2730047818825419,2.0,0.5,0.25,1.249000902703301e-16,0.04406760955333811,0.1725035999999998,0.19902968468490148,0.21657120955333797,0.19902968468490143
structured,3,16,25,0.3317161411415024,0.04144718841393129,0.39805936936980285,2.0,0.49999999999999994,0.24999999999999997,1.9347837477955518,0.5226096794141527,0.2615604385086817,2.0,0.5,0.25,2.7755575615628914e-17,0.02260967941415272,0.18541999999999975,0.1990296846849014,0.20802967941415246,0.19902968468490143
structured,3,16,26,0.3317161411415024,0.04144718841393129,0.39805936936980285,1.0,0.8660254037844386,0.5,0.7581255902795215,0.9656749213285951,0.5912640268414942,1.0,0.8660254037844386,0.5,0.0,0.08556007753361528,0.24704243999999914,0.34472952608866253,0.38439595020029454,0.34472952608866253
structured,3,16,27,0.3317161411415024,0.04144718841393129,0.39805936936980285,2.0,0.5,0.25,1.9347837477955518,0.5226096794141527,0.2615604385086817,2.0,0.5,0.25,2.7755575615628914e-17,0.02260967941415272,0.1854199999999998,0.19902968468490143,0.20802967941415246,0.19902968468490143
structured,3,16,28,0.3317161411415024,0.04144718841393129,0.39805936936980285,1.0,0.8660254037844386,0.5,0.8117819816497409,0.9430564894325684,0.5696777711304399,1.0,0.8660254037844386,0.5,0.0,0.06644330851280236,0.25854959999999916,0.34472952608866253,0.3753924714636283,0.34472952608866253
structured,3,16,29,0.3317161411415024,0.04144718841393129,0.39805936936980285,2.0,0.5,0.25,1.8500803535663255,0.5520451404852055,0.27737691856666513,2.0,0.5,0.25,0.0,0.05204514048520533,0.1677015999999997,0.19902968468490143,0.21974674048520512,0.19902968468490143
structured,4,2,0,0.09698860310946034,0.008713707803945992,0.1163863237313524,3.0,0.5,0.125,2.9749867622417763,0.5086693563843699,0.1271861285311223,3.0000000000000004,0.4999999999999998,0.12499999999999994,1.1102230246251565e-16,0.008669356384369957,0.05053280000000002,0.0581931618656762,0.059202156384369944,0.05819316186567617
structured,4,2,1,0.09698860310946034,0.008713707803945992,0.1163863237313524,4.0,0.0,0.0625,4.0,0.0,0.0625,4.0,0.0,0.0625,8.326672684688674e-17,-0.0,8.326672684688674e-17,0.0,0.0,0.0
structured,4,2,2,0.09698860310946034,0.008713707803945992,0.1163863237313524,2.0,0.8660254037844386,0.25,1.894405916456554,0.9088109575824435,0.2689843391554795,2.0,0.8660254037844386,0.25,0.0,0.04234108510369115,0.05483699999999994,0.10079351300443085,0.10577316631979064,0.10079351300443085
structured,4,2,3,0.09698860310946034,0.008713707803945992,0.1163863237313524,4.0,0.0,0.0625,4.0,0.0,0.0625,4.0,0.0,0.0625,0.0,-0.0,0.0,0.0,0.0,0.0
structured,4,2,4,0.09698860310946034,0.008713707803945992,0.1163863237313524,1.0,1.0,0.5,0.9338895746372067,1.0,0.5234452044885327,1.0,1.0,0.5,0.0,0.047962356178823155,0.08171371599999995,0.1163863237313524,0.1163863237313524,0.1163863237313524
structured,4,2,5,0.09698860310946034,0.008713707803945992,0.1163863237313524,4.0,0.0,0.0625,4.0,0.0,0.0625,4.0,0.0,0.0625,0.0,-0.0,0.0,0.0,0.0,0.0
structured,4,2,6,0.09698860310946034,0.008713707803945992,0.1163863237313524,3.0,0.5,0.125,2.9467720964173028,0.5184514593917616,0.12969797893636187,3.0,0.5,0.125,0.0,0.018451459391761696,0.041889199999999974,0.0581931618656762,0.06034065939176167,0.0581931618656762
structured,4,2,7,0.09698860310946034,0.008713707803945992,0.1163863237313524,4.0,0.0,0.0625,4.0,0.0,0.0625,4.0,0.0,0.0625,0.0,-0.0,0.0,0.0,0.0,0.0
structured,4,2,8,0.09698860310946034,0.008713707803945992,0.1163863237313524,1.0,1.0,0.5,0.915501380158406,1.0,0.5301595921727891,1.0,1.0,0.5,0.0,0.04922515691399505,0.07594082999999996,0.1163863237313524,0.1163863237313524,0.1163863237313524
structured,4,2,9,0.09698860310946034,0.008713707803945992,0.1163863237313524,4.0,0.0,0.06249999999999999,4.0,0.0,0.0625,4.0,0.0,0.0625,2.7755575615628914e-17,-0.0,2.7755575615628914e-17,0.0,0.0,0.0
structured,4,2,10,0.09698860310946034,0.008713707803945992,0.1163863237313524,3.0,0.5,0.125,2.987530205118456,0.5043217550477516,0.12608510815361107,3.0,0.5,0.125,0.0,0.004321755047751418,0.05437439999999996,0.0581931618656762,0.05869615504775142,0.0581931618656762
structured,4,2,11,0.09698860310946034,0.008713707803945992,0.1163863237313524,1.0,1.0,0.5,0.9134834186538717,1.0,0.5309016687616501,1.0,1.0,0.5,0.0,0.05708645631777107,0.07544244119999997,0.1163863237313524,0.1163863237313524,0.1163863237313524
structured,4,2,12,0.09698860310946034,0.008713707803945992,0.1163863237313524,2.0,0.8660254037844386,0.25,1.8975246584043863,0.9075317979360193,0.26840349106624595,2.0,0.8660254037844386,0.25,0.0,0.045668331024572684,0.05584640000000003,0.10079351300443085,0.10562428963107784,0.10079351300443085
structured,4,2,13,0.09698860310946034,0.008713707803945992,0.1163863237313524,3.0,0.5,0.125,2.9162761307177334,0.5290321014201649,0.1324687410832589,3.0,0.5,0.125,0.0,0.029032101420165005,0.03253999999999999,0.0581931618656762,0.06157210142016496,0.0581931618656762
structured,4,2,14,0.09698860310946034,0.008713707803945992,0.1163863237313524,2.0,0.8660254037844386,0.25,1.8643005738709342,0.9212086104754289,0.27465632600351764,2.0,0.8660254037844386,0.25,8.326672684688674e-17,0.04767393707214059,0.04516440000000002,0.10079351300443085,0.10721608356290258,0.10079351300443085
structured,4,2,15,0.09698860310946034,0.008713707803945992,0.1163863237313524,3.0,0.5,0.125,2.8779665082713546,0.5423410851036912,0.1360334631478623,3.0000000000000004,0.4999999999999998,0.12499999999999994,1.1102230246251565e-16,0.04234108510369115,0.020779999999999948,0.0581931618656762,0.06312108510369115,0.05819316186567617
structured,4,2,16,0.09698860310946034,0.008713707803945992,0.1163863237313524,-0.0,1.0,1.0,-0.0,1.0,1.0,-0.0,1.0,1.0,0.0,0.06278519236275225,0.08718895953999996,0.1163863237313524,0.1163863237313524,0.1163863237313524
structured,4,2,17,0.09698860310946034,0.008713707803945992,0.1163863237313524,2.0,0.8660254037844386,0.25,1.9686069022690609,0.8786344594879066,0.2554996283499015,2.0307686605009034,0.8537555894265495,0.24472465161926876,0.010664426759572718,0.04123200313006398,0.07849639519999997,0.10079351300443085,0.10226103464348134,0.09936547441844996
structured,4,2,18,0.09698860310946034,0.008713707803945992,0.1163863237313524,2.0,0.8660254037844386,0.25,1.8730544233251916,0.9175943285694009,0.2729948379556824,2.0,0.8660254037844386,0.25,0.0,0.044424326889412946,0.048035799999999976,0.10079351300443085,0.10679543057893123,0.10079351300443085
structured,4,2,19,0.09698860310946034,0.008713707803945992,0.1163863237313524,2.0,0.8660254037844386,0.25,1.953299988671722,0.8848161323302751,0.25822489700797674,2.0096710660468613,0.8621594666794632,0.2483297364962541,0.0033517613113803555,0.03790475720918242,0.07350482400000001,0.10079351300443085,0.10298049682011454,0.10034357079700613
structured,4,2,20,0.09698860310946034,0.008713707803945992,0.1163863237313524,2.0,0.8660254037844386,0.25,1.8704038489978283,0.91868788062263,0.2734968555007249,2.0,0.8660254037844386,0.25,0.0,0.04547795476435876,0.04710479999999997,0.10079351300443085,0.10692270508221544,0.10079351300443085
structured,4,2,21,0.09698860310946034,0.008713707803945992,0.1163863237313524,4.0,0.0,0.0625,4.0,0.0,0.0625,4.0,0.0,0.0625,0.0,-0.0,0.0,0.0,0.0,0.0
structured,4,2,22,0.09698860310946034,0.008713707803945992,0.1163863237313524,2.0,0.8660254037844386,0.25,1.8700435132174331,0.9188365995628008,0.2735651741740327,2.0,0.8660254037844386,0.25,0.0,0.04552231804330385,0.047065599999999964,0.10079351300443085,0.10694001393293115,0.10079351300443085
structured,4,2,23,0.09698860310946034,0.008713707803945992,0.1163863237313524,3.0,0.5,0.125,2.906692757882125,0.5323593473410466,0.13335161867534628,3.0,0.5,0.125,0.0,0.032359347341046514,0.02959999999999998,0.0581931618656762,0.06195934734104653,0.0581931618656762
structured,4,2,24,0.09698860310946034,0.008713707803945992,0.1163863237313524,2.0,0.8660254037844386,0.25,1.9114005752842318,0.9018521986241257,0.26583434704079234,2.0,0.8660254037844386,0.25,0.0,0.031026616647996656,0.05987419999999991,0.10079351300443085,0.10496326194689941,0.10079351300443085
structured,4,2,25,0.09698860310946034,0.008713707803945992,0.1163863237313524,1.0,1.0,0.5,0.9450422203616067,1.0,0.5194143508045899,1.0,1.0,0.5,0.0,0.03852043750951262,0.08512911399999994,0.1163863237313524,0.1163863237313524,0.1163863237313524
structured,4,2,26,0.09698860310946034,0.008713707803945992,0.1163863237313524,4.0,0.0,0.0625,4.0,0.0,0.0625,4.0,0.0,0.0625,0.0,-0.0,0.0,0.0,0.0,0.0
structured,4,2,27,0.09698860310946034,0.008713707803945992,0.1163863237313524,3.0,0.5,0.125,2.954639974934666,0.5157231177366389,0.12899258354199977,3.0,0.5,0.125,0.0,0.015723117736638842,0.04429999999999999,0.0581931618656762,0.06002311773663883,0.0581931618656762
structured,4,2,28,0.09698860310946034,0.008713707803945992,0.1163863237313524,1.0,1.0,0.5,0.9029791136994759,1.0,0.5347812860651684,1.0,1.0,0.5,0.0,0.05477056678213096,0.07205022999999994,0.1163863237313524,0.1163863237313524,0.1163863237313524
structured,4,2,29,0.09698860310946034,0.008713707803945992,0.1163863237313524,3.0,0.5,0.125,2.8907289731744092,0.5379047572091825,0.1348353819570674,3.0,0.5,0.125,0.0,0.03790475720918244,0.024699999999999965,0.0581931618656762,0.06260475720918243,0.0581931618656762
structured,4,4,0,0.15080150831488015,0.015403826131530924,0.1809618099778562,4.0,0.0,0.0625,4.0,0.0,0.0625,4.0,0.0,0.0625,0.0,-0.0,0.0,0.0,0.0,0.0
structured,4,4,1,0.15080150831488015,0.015403826131530924,0.1809618099778562,3.0,0.5,0.125,2.8960861303045973,0.5360433803314225,0.13433562639928454,3.0,0.5,0.125,0.0,0.036043380331422605,0.06096,0.0904809049889281,0.09700338033142257,0.0904809049889281
structured,4,4,2,0.15080150831488015,0.015403826131530924,0.1809618099778562,2.0,0.8660254037844386,0.25,2.036699704485741,0.8514003350876196,0.24372063264682775,2.064312242435728,0.8404767348509707,0.23910028545643724,0.02229656593983496,0.018095499293540304,0.1465726439999998,0.15671752455563576,0.1540709456532089,0.1520941911829104
structured,4,4,3,0.15080150831488015,0.015403826131530924,0.1809618099778562,2.0,0.8660254037844386,0.25,1.8789660299847917,0.9151579084494311,0.27187849934938435,2.0,0.8660254037844386,0.25,0.0,0.04760181571981897,0.10145912799999987,0.15671752455563576,0.16560863152855826,0.15671752455563576
structured,4,4,4,0.15080150831488015,0.015403826131530924,0.1809618099778562,3.0,0.5,0.125,2.8204721998100877,0.5623669391869837,0.14156414357263414,2.9999999999999996,0.5000000000000002,0.12500000000000006,1.1102230246251565e-16,0.06236693918698359,0.03939999999999991,0.0904809049889281,0.10176693918698354,0.09048090498892813
structured,4,4,5,0.15080150831488015,0.015403826131530924,0.1809618099778562,2.0,0.8660254037844386,0.25,1.8450852368448623,0.9291694341473068,0.2783389593384066,2.0,0.8660254037844386,0.25,0.0,0.05460350692827052,0.09099899999999986,0.15671752455563576,0.1681441825793971,0.15671752455563576
structured,4,4,6,0.15080150831488015,0.015403826131530924,0.1809618099778562,4.0,0.0,0.0625,4.0,0.0,0.0625,4.0,0.0,0.0625,1.0408340855860843e-16,-0.0,1.0408340855860843e-16,0.0,0.0,0.0
structured,4,4,7,0.15080150831488015,0.015403826131530924,0.1809618099778562,2.0,0.8660254037844386,0.25,1.9758265373056003,0.8757265170846025,0.2542242331812821,2.0175850169503886,0.8590023166993666,0.2469712450237197,0.0060946547693177065,0.03084485290457709,0.12938265999999984,0.15671752455563576,0.15847305557723365,0.15544661400508902
structured,4,4,8,0.15080150831488015,0.015403826131530924,0.1809618099778562,2.0,0.8660254037844386,0.25,1.9762752801541368,0.8755459333283747,0.2541451703419637,2.0,0.8660254037844386,0.25,0.0,0.008523296073336364,0.1289739999999997,0.15671752455563576,0.1584403768138541,0.15671752455563576
structured,4,4,9,0.15080150831488015,0.015403826131530924,0.1809618099778562,2.9999999999999996,0.5000000000000001,0.12500000000000003,2.84792818367846,0.5527947359667796,0.1388955050281454,2.9999999999999996,0.5000000000000001,0.12500000000000003,9.71445146547012e-17,0.052794735966779666,0.047239999999999935,0.09048090498892811,0.10003473596677956,0.09048090498892811
structured,4,4,10,0.15080150831488015,0.015403826131530924,0.1809618099778562,3.0,0.5,0.125,3.0103014051666146,0.4964297745249305,0.12411063025871832,3.0103014051666146,0.4964297745249305,0.12411063025871832,0.0035702254750695347,-0.0,0.09340505599999994,0.0904809049889281,0.08983483052493046,0.08983483052493046
structured,4,4,11,0.15080150831488015,0.015403826131530924,0.1809618099778562,2.0,0.8660254037844386,0.25,1.803088341855598,0.9467005834488338,0.2865604986755906,2.0,0.8660254037844386,0.25,8.326672684688674e-17,0.06915325582298051,0.07908219999999991,0.15671752455563576,0.17131665108799343,0.15671752455563576
structured,4,4,12,0.15080150831488015,0.015403826131530924,0.1809618099778562,2.0,0.8660254037844386,0.25,1.9324116147064059,0.8932879932353582,0.26199085971461333,2.0047527189248977,0.8641244624709776,0.249177771660189,0.0016471698481305645,0.04877441061429391,0.11709639999999992,0.15671752455563576,0.16165101208735738,0.15637352677489016
structured,4,4,13,0.15080150831488015,0.015403826131530924,0.1809618099778562,2.0,0.8660254037844386,0.25,1.9575748383902543,0.8830875002886459,0.2574608832915123,2.0,0.8660254037844386,0.25,0.0,0.024078126306167662,0.12379097599999991,0.15671752455563576,0.15980511242105397,0.15671752455563576
structured,4,4,14,0.15080150831488015,0.015403826131530924,0.1809618099778562,3.0,0.5,0.125,2.8136164694571177,0.5647599899920344,0.1422384615739507,3.0,0.5,0.125,0.0,0.06475998999203453,0.03744,0.0904809049889281,0.10219998999203449,0.0904809049889281
structured,4,4,15,0.15080150831488015,0.015403826131530924,0.1809618099778562,1.0,1.0,0.5,0.960708833710265,1.0,0.5138044057927732,1.0327136240329178,1.0,0.48878989871045553,0.011338666650966236,0.05156877603935196,0.14808617599999985,0.1809618099778562,0.1809618099778562,0.1809618099778562
structured,4,4,16,0.15080150831488015,0.015403826131530924,0.1809618099778562,2.0,0.8660254037844386,0.25,1.9182979580745916,0.8990360448484649,0.26456645248419275,2.0175076880276688,0.8590331381674143,0.246984483117439,0.006067852600301172,0.06595651539456004,0.11368070799999988,0.15671752455563576,0.16269118991111128,0.1554521915137331
structured,4,4,17,0.15080150831488015,0.015403826131530924,0.1809618099778562,1.0,1.0,0.5,0.9409460621827876,1.0,0.5208911886186838,1.010161336215934,1.0,0.4964907221839112,0.0035216800464381946,0.06776716463908418,0.1423094954399999,0.1809618099778562,0.1809618099778562,0.1809618099778562
structured,4,4,18,0.15080150831488015,0.015403826131530924,0.1809618099778562,3.0,0.5,0.125,2.7999156712844493,0.5695460916021365,0.14359568761481734,3.0,0.5,0.125,1.3877787807814457e-16,0.06954609160213655,0.033519999999999946,0.0904809049889281,0.1030660916021365,0.0904809049889281
structured,4,4,19,0.15080150831488015,0.015403826131530924,0.1809618099778562,4.0,0.0,0.0625,4.0,0.0,0.0625,4.0,0.0,0.0625,0.0,-0.0,0.0,0.0,0.0,0.0
structured,4,4,20,0.15080150831488015,0.015403826131530924,0.1809618099778562,2.0,0.8660254037844386,0.25,1.9322534479767473,0.8933523024801117,0.26201958408662923,2.0,0.8660254037844386,0.25,0.0,0.02366136001896124,0.11634179999999977,0.15671752455563576,0.16166264960468626,0.15671752455563576
structured,4,4,21,0.15080150831488015,0.015403826131530924,0.1809618099778562,2.0,0.8660254037844386,0.25,1.7999865782697098,0.9480026590980226,0.2871772604142304,2.0,0.8660254037844386,0.25,5.551115123125783e-17,0.0703378159714807,0.07811199999999996,0.15671752455563576,0.17155227705419873,0.15671752455563576
structured,4,4,22,0.15080150831488015,0.015403826131530924,0.1809618099778562,3.0,0.5,0.125,2.8273313443915358,0.5599738883819325,0.14089268891739526,3.0,0.5,0.125,0.0,0.05997388838193262,0.04135999999999994,0.0904809049889281,0.10133388838193252,0.0904809049889281
structured,4,4,23,0.15080150831488015,0.015403826131530924,0.1809618099778562,2.0,0.8660254037844386,0.25,1.8419067601403583,0.9304898890968131,0.2789528584278499,2.0,0.8660254037844386,0.25,0.0,0.06356346458950908,0.09074674799999985,0.15671752455563576,0.16838313449705397,0.15671752455563576
structured,4,4,24,0.15080150831488015,0.015403826131530924,0.1809618099778562,1.0,1.0,0.5,0.9562985624018138,1.0,0.5153774921805497,1.0221747473165037,1.0,0.4923735787857686,0.007685487939093303,0.06595651539456004,0.14691717712,0.1809618099778562,0.1809618099778562,0.1809618099778562
structured,4,4,25,0.15080150831488015,0.015403826131530924,0.1809618099778562,2.0,0.8660254037844386,0.25,1.9648388146491491,0.8801541332143572,0.2561678245535791,2.0,0.8660254037844386,0.25,0.0,0.014769158674519303,0.12573999999999996,0.15671752455563576,0.15927428500596122,0.15671752455563576
structured,4,4,26,0.15080150831488015,0.015403826131530924,0.1809618099778562,4.0,0.0,0.06249999999999999,4.0,0.0,0.0625,4.0,0.0,0.0625,8.326672684688674e-17,-0.0,8.326672684688674e-17,0.0,0.0,0.0
structured,4,4,27,0.15080150831488015,0.015403826131530924,0.1809618099778562,-0.0,1.0,1.0,-0.0,1.0,1.0,0.028859690687358667,1.0,0.9801947395501875,0.009973383043819829,0.10167272992519763,0.16356903057999983,0.1809618099778562,0.1809618099778562,0.1809618099778562
structured,4,4,28,0.15080150831488015,0.015403826131530924,0.1809618099778562,1.0,1.0,0.5,0.920225369755273,1.0,0.5284264660039207,1.0,1.0,0.5,0.0,0.04880654556610521,0.13588174599999986,0.1809618099778562,0.1809618099778562,0.1809618099778562
structured,4,4,29,0.15080150831488015,0.015403826131530924,0.1809618099778562,1.0,1.0,0.5,0.8972921588736564,1.0,0.5368934989813019,1.0,1.0,0.5,0.0,0.06033098314356287,0.12917844799999978,0.1809618099778562,0.1809618099778562,0.1809618099778562
structured,4,8,0,0.24899785192517965,0.026791969488591427,0.29879742231021555,2.0,0.8660254037844386,0.25,1.8682846744335908,0.9195627008518054,0.2738988901994667,2.040137074932217,0.8500367855792851,0.2431406342094909,0.013912283204993957,0.11075074967774087,0.1950240399999997,0.25876615830595384,0.2747629646671393,0.2539888003999518
structured,4,8,1,0.24899785192517965,0.026791969488591427,0.29879742231021555,2.0,0.8660254037844386,0.25,1.7466680257011542,0.9705446000502562,0.29798920517167793,2.0,0.8660254037844386,0.25,0.0,0.09397956204356961,0.1617451999999996,0.25876615830595384,0.28999622473211567,0.25876615830595384
structured,4,8,2,0.24899785192517965,0.026791969488591427,0.29879742231021555,3.0,0.49999999999999994,0.12499999999999999,2.97872957701709,0.5073720310215332,0.1268565944657289,3.0,0.5,0.125,1.1102230246251565e-16,0.007372031021533054,0.1442294239999997,0.14939871115510775,0.15160145502153283,0.14939871115510778
structured,4,8,3,0.24899785192517965,0.026791969488591427,0.29879742231021555,3.0,0.5,0.125,2.9466055509005944,0.5185092176897983,0.12971295220732165,3.0,0.5,0.125,0.0,0.018509217689798227,0.13641999999999987,0.14939871115510778,0.15492921768979814,0.14939871115510778
structured,4,8,4,0.24899785192517965,0.026791969488591427,0.29879742231021555,1.0,1.0,0.5,0.7952248305261724,1.0,0.5762533627056237,1.0,1.0,0.5,0.0,0.10322998409727545,0.21123825799999935,0.29879742231021555,0.29879742231021555,0.29879742231021555
structured,4,8,5,0.24899785192517965,0.026791969488591427,0.29879742231021555,2.0,0.8660254037844386,0.25,1.9575887161236143,0.8830818913485288,0.2574584067069237,2.0673547329027024,0.8392772597682432,0.23859657969102277,0.023352164190326184,0.06882278059231267,0.2163433088799994,0.25876615830595384,0.2638625928237702,0.25077388182233223
structured,4,8,6,0.24899785192517965,0.026791969488591427,0.29879742231021555,3.9999999999999996,7.450580596923828e-09,0.06250000000000001,3.9999999999999987,1.4901161193847656e-08,0.06250000000000006,3.9999999999999996,1.0536712127723509e-08,0.06250000000000003,1.3183898417423734e-16,-0.0,1.3183898417423734e-16,2.226214277075347e-09,4.452428554150694e-09,3.148342423388571e-09
structured,4,8,7,0.24899785192517965,0.026791969488591427,0.29879742231021555,4.0,0.0,0.0625,4.0,0.0,0.0625,4.0,0.0,0.0625,0.0,-0.0,0.0,0.0,0.0,0.0
structured,4,8,8,0.24899785192517965,0.026791969488591427,0.29879742231021555,3.0,0.5,0.125,3.0135849513334287,0.4952917445686391,0.12382847805946151,3.0135849513334283,0.49529174456863934,0.12382847805946157,0.004708255431360777,-0.0,0.1527001519999999,0.14939871115510778,0.14799189656863906,0.14799189656863915
structured,4,8,9,0.24899785192517965,0.026791969488591427,0.29879742231021555,4.0,0.0,0.0625,4.0,0.0,0.0625,4.0,0.0,0.0625,0.0,-0.0,0.0,0.0,0.0,0.0
structured,4,8,10,0.24899785192517965,0.026791969488591427,0.29879742231021555,2.9999999999999996,0.5000000000000001,0.12500000000000003,2.9385464665595995,0.5213044156288269,0.1304395734385282,3.0000000000000004,0.4999999999999998,0.12499999999999994,1.5265566588595902e-16,0.021304415628827005,0.1344599999999998,0.1493987111551078,0.15576441562882673,0.14939871115510772
structured,4,8,11,0.24899785192517965,0.026791969488591427,0.29879742231021555,4.0,0.0,0.0625,4.0,0.0,0.0625,4.0,0.0,0.0625,0.0,-0.0,0.0,0.0,0.0,0.0
structured,4,8,12,0.24899785192517965,0.026791969488591427,0.29879742231021555,3.0,0.5,0.125,2.8699777962611392,0.54511950206935,0.13678881788408404,3.0,0.5,0.125,0.0,0.045119502069350115,0.1177607999999999,0.14939871115510778,0.16288030206935,0.14939871115510778
structured,4,8,13,0.24899785192517965,0.026791969488591427,0.29879742231021555,4.0,0.0,0.0625,4.0,0.0,0.0625,4.0,0.0,0.0625,2.42861286636753e-17,-0.0,2.42861286636753e-17,0.0,0.0,0.0
structured,4,8,14,0.24899785192517965,0.026791969488591427,0.29879742231021555,3.0,0.5,0.125,2.854075247719119,0.5506539939886267,0.13830495527390663,3.0,0.5,0.125,0.0,0.05065399398862659,0.11387999999999993,0.14939871115510778,0.1645339939886266,0.14939871115510778
structured,4,8,15,0.24899785192517965,0.026791969488591427,0.29879742231021555,3.0,0.5,0.125,3.071332691530666,0.4752675055730267,0.11896980046340175,3.071332691530666,0.4752675055730266,0.11896980046340172,0.02473249442697342,-0.0,0.16674119999999976,0.14939871115510778,0.1420087055730264,0.14200870557302636
structured,4,8,16,0.24899785192517965,0.026791969488591427,0.29879742231021555,2.0,0.8660254037844386,0.25,1.8704816964858983,0.9186557528744265,0.2734820980723198,2.0,0.8660254037844386,0.25,0.0,0.08000357234842685,0.1934340879999995,0.25876615830595384,0.27449197094932903,0.25876615830595384
structured,4,8,17,0.24899785192517965,0.026791969488591427,0.29879742231021555,2.0,0.8660254037844386,0.25,1.905698050168517,0.9041840233021721,0.2668871869987257,2.033441524152252,0.8526937855080778,0.24427167296102398,0.011591005486131494,0.08346961779282219,0.2029611540799995,0.25876615830595384,0.2701678554567689,0.2547827051297535
structured,4,8,18,0.24899785192517965,0.026791969488591427,0.29879742231021555,4.0,0.0,0.0625,4.0,0.0,0.0625,4.0,0.0,0.0625,1.214306433183765e-16,-0.0,1.214306433183765e-16,0.0,0.0,0.0
structured,4,8,19,0.24899785192517965,0.026791969488591427,0.29879742231021555,2.0,0.8660254037844386,0.25,1.9713577433361946,0.8775258895940609,0.255012921726962,2.0930308838164833,0.8291869668892807,0.2343877565147613,0.03226555287265529,0.07662138284220221,0.2198591999999996,0.25876615830595384,0.26220247382118417,0.24775892831974314
structured,4,8,20,0.24899785192517965,0.026791969488591427,0.29879742231021555,2.0,0.8660254037844386,0.25,1.833315892439959,0.9340640331123747,0.2806189044885389,2.0,0.8660254037844386,0.25,0.0,0.10236515586065514,0.18507899999999977,0.25876615830595384,0.2790959253666614,0.25876615830595384
structured,4,8,21,0.24899785192517965,0.026791969488591427,0.29879742231021555,2.0,0.8660254037844386,0.25,1.7805684387252803,0.9561771583791804,0.29106868955152104,2.0,0.8660254037844386,0.25,0.0,0.0800035723484267,0.16974199999999973,0.25876615830595384,0.2857032701956058,0.25876615830595384
structured,4,8,22,0.24899785192517965,0.026791969488591427,0.29879742231021555,3.0,0.5,0.125,2.9923236133784825,0.5026604453755064,0.1256668808362756,2.9999999999999996,0.5000000000000002,0.12500000000000006,1.0408340855860843e-16,0.0026604453755064996,0.14753319999999978,0.14939871115510778,0.15019364537550622,0.14939871115510783
structured,4,8,23,0.24899785192517965,0.026791969488591427,0.29879742231021555,2.0,0.8660254037844386,0.25,1.9304880009858136,0.8940702825673534,0.2623404175425168,2.0,0.8660254037844386,0.25,0.0,0.035280405323969664,0.20726051599999978,0.25876615830595384,0.26714589579529124,0.25876615830595384
structured,4,8,24,0.24899785192517965,0.026791969488591427,0.29879742231021555,4.0,0.0,0.0625,4.0,0.0,0.0625,4.0,0.0,0.0625,0.0,-0.0,0.0,0.0,0.0,0.0
structured,4,8,25,0.24899785192517965,0.026791969488591427,0.29879742231021555,2.0,0.8660254037844386,0.25,1.8570500704237878,0.9242080530442249,0.27604013132794925,2.0126760371971963,0.8609600036057414,0.2478130319521996,0.0043932366236321685,0.10236515586065513,0.1912892599999998,0.25876615830595384,0.2761509839279574,0.2572526297895894
structured,4,8,26,0.24899785192517965,0.026791969488591427,0.29879742231021555,2.0,0.8660254037844386,0.25,1.9676406085574711,0.8790240387493153,0.25567081517478946,2.123415113131736,0.8173199988867828,0.22950299514507264,0.0428282704604916,0.09537716101308384,0.22069000479999965,0.25876615830595384,0.26265011692701046,0.24421310886995892
structured,4,8,27,0.24899785192517965,0.026791969488591427,0.29879742231021555,3.0,0.5,0.125,2.8227983021890433,0.5615552659508384,0.1413360791792792,3.0,0.5,0.125,0.0,0.06155526595083833,0.10623599999999969,0.14939871115510778,0.16779126595083807,0.14939871115510778
structured,4,8,28,0.24899785192517965,0.026791969488591427,0.29879742231021555,4.0,0.0,0.06249999999999999,4.0,0.0,0.0625,4.0,0.0,0.0625,2.7755575615628914e-17,-0.0,2.7755575615628914e-17,0.0,0.0,0.0
structured,4,8,29,0.24899785192517965,0.026791969488591427,0.29879742231021555,2.9999999999999996,0.5000000000000001,0.12500000000000003,3.06778026481683,0.4765001878641382,0.11926310725863976,3.06778026481683,0.4765001878641382,0.11926310725863976,0.023499812135861886,-0.0,0.16587683999999986,0.1493987111551078,0.14237702786413794,0.14237702786413794
structured,4,16,0,0.4126389961690401,0.04172902473375374,0.4951667954028481,3.0,0.5,0.125,2.7799021724723434,0.5765468621111426,0.14560157105255123,3.0,0.5,0.125,2.0816681711721685e-16,0.07654686211114245,0.20893999999999965,0.24758339770142404,0.2854868621111422,0.24758339770142404
structured,4,16,1,0.4126389961690401,0.04172902473375374,0.4951667954028481,3.0,0.5,0.125,2.9139149366972985,0.5298517687905454,0.1326857242226174,2.9999999999999996,0.5000000000000002,0.12500000000000006,8.326672684688674e-17,0.0298517687905454,0.23251323359999979,0.24758339770142404,0.26236500239054517,0.24758339770142415
structured,4,16,2,0.4126389961690401,0.04172902473375374,0.4951667954028481,3.0,0.5,0.125,2.9441579651420513,0.5193580723542591,0.12993320182988297,3.0,0.5,0.125,0.0,0.01935807235425939,0.23781079999999977,0.24758339770142404,0.257168872354259,0.24758339770142404
structured,4,16,3,0.4126389961690401,0.04172902473375374,0.4951667954028481,2.9999999999999996,0.5000000000000001,0.12500000000000003,2.9661042606424726,0.511748430268483,0.1279716139705641,3.0,0.5,0.125,1.457167719820518e-16,0.011748430268482702,0.24165239999999977,0.2475833977014241,0.2534008302684826,0.24758339770142404
structured,4,16,4,0.4126389961690401,0.04172902473375374,0.4951667954028481,4.0,0.0,0.0625,4.0,0.0,0.0625,4.0,0.0,0.0625,6.938893903907228e-17,-0.0,6.938893903907228e-17,0.0,0.0,0.0
structured,4,16,5,0.4126389961690401,0.04172902473375374,0.4951667954028481,2.0,0.8660254037844386,0.25,1.7113325375642068,0.9856528363995107,0.30537787847560016,2.0,0.8660254037844386,0.25,0.0,0.10405338876895448,0.3199222959999992,0.428827023929398,0.48806255637967344,0.428827023929398
structured,4,16,6,0.4126389961690401,0.04172902473375374,0.4951667954028481,3.0,0.5,0.125,2.774802017951345,0.5783327985190286,0.14611720646071286,2.9999999999999996,0.5000000000000002,0.12500000000000006,6.245004513516506e-17,0.07833279851902869,0.2080383999999998,0.24758339770142404,0.2863711985190284,0.24758339770142415
structured,4,16,7,0.4126389961690401,0.04172902473375374,0.4951667954028481,2.0,0.8660254037844386,0.25,1.5070155203131723,1.0,0.3518383087832581,2.0,0.8660254037844386,0.25,0.0,0.22213950405840088,0.2833359559999986,0.428827023929398,0.4951667954028481,0.428827023929398
structured,4,16,8,0.4126389961690401,0.04172902473375374,0.4951667954028481,2.9999999999999996,0.5000000000000001,0.12500000000000003,2.688258407079996,0.6087713668621364,0.15515064427779846,3.0,0.5,0.125,9.71445146547012e-17,0.10877136686213632,0.19267199999999937,0.2475833977014241,0.3014433668621357,0.24758339770142404
structured,4,16,9,0.4126389961690401,0.04172902473375374,0.4951667954028481,2.9999999999999996,0.5000000000000001,0.12500000000000003,2.9880581171576144,0.5041387881827059,0.1260389794375818,3.0,0.49999999999999994,0.12499999999999999,1.1796119636642288e-16,0.004138788182706091,0.24549399999999977,0.2475833977014241,0.24963278818270568,0.247583397701424
structured,4,16,10,0.4126389961690401,0.04172902473375374,0.4951667954028481,2.0,0.8660254037844386,0.25,1.8342990552403309,0.9336546137400874,0.28042773443953795,2.0,0.8660254037844386,0.25,0.0,0.05846274033359065,0.34186116399999833,0.428827023929398,0.462314763098763,0.428827023929398
structured,4,16,11,0.4126389961690401,0.04172902473375374,0.4951667954028481,3.0,0.49999999999999994,0.12499999999999999,2.867470358399841,0.545991819654478,0.137026766782402,3.0000000000000004,0.4999999999999998,0.12499999999999994,7.632783294297951e-17,0.045991819654477885,0.2243651999999996,0.247583397701424,0.2703570196544776,0.24758339770142393
structured,4,16,12,0.4126389961690401,0.04172902473375374,0.4951667954028481,2.0,0.8660254037844386,0.25,1.8012296155621357,0.947480728697376,0.28692993281322765,2.0,0.8660254037844386,0.25,2.7755575615628914e-16,0.07049486717067957,0.33597155999999895,0.428827023929398,0.469160996135035,0.428827023929398
structured,4,16,13,0.4126389961690401,0.04172902473375374,0.4951667954028481,2.0,0.8660254037844386,0.25,1.4449645737702503,1.0,0.3673011775064285,2.0,0.8660254037844386,0.25,5.551115123125783e-17,0.21049209270262056,0.2694689559999986,0.428827023929398,0.4951667954028481,0.428827023929398
structured,4,16,14,0.4126389961690401,0.04172902473375374,0.4951667954028481,3.0,0.5,0.125,2.8452846649007584,0.5537156063715422,0.13915024318485114,2.9999999999999996,0.5000000000000002,0.12500000000000006,1.3877787807814457e-16,0.05371560637154213,0.22046597599999918,0.24758339770142404,0.2741815823715414,0.24758339770142415
structured,4,16,15,0.4126389961690401,0.04172902473375374,0.4951667954028481,3.0,0.5,0.125,2.781213053108123,0.5760879541037252,0.14546933271585394,3.0,0.5,0.125,3.3306690738754696e-16,0.07608795410372513,0.20917167199999945,0.24758339770142404,0.28525962610372463,0.24758339770142404
structured,4,16,16,0.4126389961690401,0.04172902473375374,0.4951667954028481,2.0,0.8660254037844386,0.25,1.7923224573889562,0.9512242846370645,0.2887069099208238,2.0,0.8660254037844386,0.25,0.0,0.10116172477635933,0.3351071999999993,0.428827023929398,0.4710146807331019,0.428827023929398
structured,4,16,17,0.4126389961690401,0.04172902473375374,0.4951667954028481,2.0,0.8660254037844386,0.25,1.7150171551829076,0.984071021605484,0.30459894389091524,2.0,0.8660254037844386,0.25,0.0,0.10214402714117259,0.31980939999999936,0.428827023929398,0.4872792942171944,0.428827023929398
structured,4,16,18,0.4126389961690401,0.04172902473375374,0.4951667954028481,4.0,0.0,0.0625,4.0,0.0,0.0625,4.000000000000001,0.0,0.06249999999999997,1.3877787807814457e-16,-0.0,1.1102230246251565e-16,0.0,0.0,0.0
structured,4,16,19,0.4126389961690401,0.04172902473375374,0.4951667954028481,3.9999999999999996,1.0536712127723509e-08,0.06250000000000003,4.0,0.0,0.0625,4.0,0.0,0.0625,1.0408340855860843e-16,-0.0,1.0408340855860843e-16,5.217429978367175e-09,0.0,0.0
structured,4,16,20,0.4126389961690401,0.04172902473375374,0.4951667954028481,2.0,0.8660254037844386,0.25,1.7534725625169765,0.9676508354232288,0.29658703482381815,2.000205573370293,0.865943137595981,0.24996437938739302,7.124630124958481e-05,0.160019976827571,0.33101936519999925,0.428827023929398,0.47914856324540894,0.4287862884444894
structured,4,16,21,0.4126389961690401,0.04172902473375374,0.4951667954028481,3.0,0.5,0.125,2.8237847234881164,0.5612111038260313,0.14123947576440812,3.0,0.5,0.125,4.85722573273506e-17,0.06121110382603115,0.2166819999999997,0.24758339770142404,0.277893103826031,0.24758339770142404
structured,4,16,22,0.4126389961690401,0.04172902473375374,0.4951667954028481,4.0,0.0,0.0625,4.0,0.0,0.0625,4.0,0.0,0.062499999999999986,1.942890293094024e-16,-0.0,2.255140518769849e-16,0.0,0.0,0.0
structured,4,16,23,0.4126389961690401,0.04172902473375374,0.4951667954028481,1.0,1.0,0.5,0.7205665335592845,1.0,0.6068590872142823,1.0,1.0,0.5,0.0,0.1411686602184785,0.38352901999999867,0.4951667954028481,0.4951667954028481,0.4951667954028481
structured,4,16,24,0.4126389961690401,0.04172902473375374,0.4951667954028481,2.0,0.8660254037844386,0.25,1.7459030885335844,0.9708702181571486,0.29814724512612734,2.055438086476242,0.8439799687094763,0.24057554689571217,0.01921824723537574,0.19302097566894932,0.3323554070399989,0.428827023929398,0.48074269467693925,0.4179108564900674
structured,4,16,25,0.4126389961690401,0.04172902473375374,0.4951667954028481,2.0,0.8660254037844386,0.25,1.8479977921355386,0.9279603596433658,0.27777760726736117,1.9999999999999998,0.8660254037844388,0.25000000000000006,2.7755575615628914e-17,0.07262556695469698,0.3450434983999991,0.428827023929398,0.4594951575454798,0.4288270239293981
structured,4,16,26,0.4126389961690401,0.04172902473375374,0.4951667954028481,2.9999999999999996,0.5000000000000001,0.12500000000000003,2.98256920546636,0.5060411987041504,0.12651942369648336,3.0000000000000004,0.4999999999999999,0.12499999999999997,3.5388358909926865e-16,0.006041198704150447,0.24453359999999963,0.2475833977014241,0.25057479870415006,0.24758339770142399
structured,4,16,27,0.4126389961690401,0.04172902473375374,0.4951667954028481,2.0,0.8660254037844386,0.24999999999999997,1.7185000386098828,0.9825771888351886,0.3038644830048155,2.0,0.8660254037844386,0.25,8.326672684688674e-17,0.13672515411600966,0.3221831559999992,0.428827023929398,0.48653959783145945,0.428827023929398
structured,4,16,28,0.4126389961690401,0.04172902473375374,0.4951667954028481,4.0,0.0,0.0625,4.0,0.0,0.0625,4.0,0.0,0.0625,0.0,-0.0,0.0,0.0,0.0,0.0
structured,4,16,29,0.4126389961690401,0.04172902473375374,0.4951667954028481,1.0,1.0,0.5,0.6610137230526177,1.0,0.6324337553782489,1.0,1.0,0.5,0.0,0.21825703360647386,0.374699976559999,0.4951667954028481,0.4951667954028481,0.4951667954028481
structured,5,2,0,0.12202995713076203,0.009786790652009495,0.14643594855691444,-0.0,1.0,1.0,-0.0,1.0,1.0,-0.0,1.0,1.0,0.0,0.11797563865047189,0.11618113005279997,0.14643594855691444,0.14643594855691444,0.14643594855691444
structured,5,2,1,0.12202995713076203,0.009786790652009495,0.14643594855691444,3.0,0.8660254037844386,0.125,2.876012962169001,0.9163745528829521,0.1362177901464288,3.0,0.8660254037844386,0.125,0.0,0.05454537852167461,0.07304979431999994,0.1268172514775591,0.13419017688483345,0.1268172514775591
structured,5,2,2,0.12202995713076203,0.009786790652009495,0.14643594855691444,2.0,1.0,0.25,1.7811926621265952,1.0,0.2909427775737127,2.0,1.0,0.25,0.0,0.08251842529989954,0.061484849999999994,0.14643594855691444,0.14643594855691444,0.14643594855691444
structured,5,2,3,0.12202995713076203,0.009786790652009495,0.14643594855691444,2.0,1.0,0.25,1.8205875267598457,1.0,0.2831056551851059,2.0,1.0,0.25,0.0,0.07327205936371581,0.07398092799999999,0.14643594855691444,0.14643594855691444,0.14643594855691444
structured,5,2,4,0.12202995713076203,0.009786790652009495,0.14643594855691444,4.0,0.5,0.0625,3.9298347581956112,0.5243266738370154,0.06561480761212349,3.9999999999999996,0.5000000000000002,0.06250000000000003,1.1102230246251565e-16,0.024326673837015214,0.052453599999999934,0.07321797427845722,0.07678027383701524,0.07321797427845725
structured,5,2,5,0.12202995713076203,0.009786790652009495,0.14643594855691444,4.0,0.5,0.0625,3.8494946650167345,0.5522491243663054,0.06937238692041887,4.0,0.5,0.0625,0.0,0.052249124366305355,0.02861999999999998,0.07321797427845722,0.08086912436630533,0.07321797427845722
structured,5,2,6,0.12202995713076203,0.009786790652009495,0.14643594855691444,1.0,1.0,0.5,0.8911800212340872,1.0,0.5391729329980592,1.0,1.0,0.5,0.0,0.09224268017726082,0.10521760597999993,0.14643594855691444,0.14643594855691444,0.14643594855691444
structured,5,2,7,0.12202995713076203,0.009786790652009495,0.14643594855691444,3.0,0.8660254037844386,0.125,2.812225859036182,0.9428706422277682,0.1423756309968755,3.0,0.8660254037844386,0.125,0.0,0.06832290345389011,0.053420899999999945,0.1268172514775591,0.13807015686109034,0.1268172514775591
structured,5,2,8,0.12202995713076203,0.009786790652009495,0.14643594855691444,4.0,0.5,0.0625,3.8396082803900278,0.5556935055993593,0.06984940902066314,4.0,0.5,0.0625,0.0,0.05569350559935925,0.02567999999999995,0.07321797427845722,0.08137350559935921,0.07321797427845722
structured,5,2,9,0.12202995713076203,0.009786790652009495,0.14643594855691444,3.0,0.8660254037844386,0.125,2.8383017065312384,0.9319888123888758,0.13982539330225338,3.0,0.8660254037844386,0.125,0.0,0.05692139135375185,0.061240907999999955,0.1268172514775591,0.1364766657865972,0.1268172514775591
structured,5,2,10,0.12202995713076203,0.009786790652009495,0.14643594855691444,3.0,0.8660254037844386,0.125,2.899122331769838,0.9068768812710333,0.13405320972298448,3.0,0.8660254037844386,0.125,0.0,0.047656616055566856,0.08022919199999994,0.1268172514775591,0.13279937633326003,0.1268172514775591
structured,5,2,11,0.12202995713076203,0.009786790652009495,0.14643594855691444,3.0,0.8660254037844386,0.125,2.86374265685775,0.9214392248106761,0.13738128062746247,3.0,0.8660254037844386,0.125,0.0,0.06487852222083623,0.06961383199999996,0.1268172514775591,0.13493182692269928,0.1268172514775591
structured,5,2,12,0.12202995713076203,0.009786790652009495,0.14643594855691444,4.0,0.5,0.0625,3.937813203555617,0.521558769078133,0.06525294370028717,4.0,0.5,0.0625,0.0,0.02155876907813313,0.05481618399999999,0.07321797427845722,0.0763749530781331,0.07321797427845722
structured,5,2,13,0.12202995713076203,0.009786790652009495,0.14643594855691444,3.0,0.8660254037844386,0.125,2.92441682991835,0.8965416412324165,0.13172336430796439,3.0,0.8660254037844386,0.125,0.0,0.048804743133251505,0.08802705983999992,0.1268172514775591,0.13128592565464178,0.1268172514775591
structured,5,2,14,0.12202995713076203,0.009786790652009495,0.14643594855691444,3.0,0.8660254037844386,0.125,2.9173500126919567,0.8994228085638396,0.13237017357060815,3.0,0.8660254037844386,0.125,0.0,0.028753241629837285,0.08528422799999992,0.1268172514775591,0.13170783212576992,0.1268172514775591
structured,5,2,15,0.12202995713076203,0.009786790652009495,0.14643594855691444,3.0,0.8660254037844386,0.125,2.936856023993028,0.8914819230502592,0.13059250239067352,3.0299635316234843,0.854075556165534,0.12243063195493328,0.010385327201345738,0.06143414098778237,0.09247251623999994,0.1268172514775591,0.1305450010232069,0.12506736420637424
structured,5,2,16,0.12202995713076203,0.009786790652009495,0.14643594855691444,4.0,0.5,0.0625,3.826436516567512,0.5602860139100977,0.07049005217290827,4.0,0.5,0.0625,0.0,0.06028601391009774,0.021759999999999988,0.07321797427845722,0.08204601391009772,0.07321797427845722
structured,5,2,17,0.12202995713076203,0.009786790652009495,0.14643594855691444,4.0,0.5,0.0625,3.9298347581956112,0.5243266738370154,0.06561480761212349,3.9999999999999996,0.5000000000000002,0.06250000000000003,1.1102230246251565e-16,0.02432667383701524,0.052453599999999934,0.07321797427845722,0.07678027383701524,0.07321797427845725
structured,5,2,18,0.12202995713076203,0.009786790652009495,0.14643594855691444,4.0,0.5,0.0625,3.856089003430676,0.5499528702109361,0.06905601993165585,3.9999999999999996,0.5000000000000002,0.06250000000000003,1.1102230246251565e-16,0.04995287021093613,0.030579999999999948,0.07321797427845722,0.08053287021093608,0.07321797427845725
structured,5,2,19,0.12202995713076203,0.009786790652009495,0.14643594855691444,3.0,0.8660254037844386,0.125,2.8356482863487793,0.9330929141420583,0.14008279830276482,3.0,0.8660254037844386,0.125,0.0,0.06373039514315161,0.06071553783999996,0.1268172514775591,0.13663834597412783,0.1268172514775591
structured,5,2,20,0.12202995713076203,0.009786790652009495,0.14643594855691444,1.0,1.0,0.5,0.8815954434135537,1.0,0.5427668657988227,1.0,1.0,0.5,0.0,0.09826581926812956,0.10230719805999998,0.14643594855691444,0.14643594855691444,0.14643594855691444
structured,5,2,21,0.12202995713076203,0.009786790652009495,0.14643594855691444,5.0,0.0,0.03125,5.0,0.0,0.03125,5.0,0.0,0.03125,0.0,-0.0,0.0,0.0,0.0,0.0
structured,5,2,22,0.12202995713076203,0.009786790652009495,0.14643594855691444,5.0,0.0,0.03125,5.0,0.0,0.03125,5.0,0.0,0.03125,1.1102230246251565e-16,-0.0,1.1102230246251565e-16,0.0,0.0,0.0
structured,5,2,23,0.12202995713076203,0.009786790652009495,0.14643594855691444,3.0,0.8660254037844386,0.125,2.8811233191382115,0.914269671591803,0.1357361290490729,3.0,0.8660254037844386,0.125,0.0,0.048804743133251484,0.07455303199999991,0.1268172514775591,0.13388194659636432,0.1268172514775591
structured,5,2,24,0.12202995713076203,0.009786790652009495,0.14643594855691444,3.0,0.8660254037844386,0.125,2.8359518438672584,0.9329665656454063,0.14005332657652303,3.0,0.8660254037844386,0.125,0.0,0.05798975975472848,0.06066799999999995,0.1268172514775591,0.13661984401217184,0.1268172514775591
structured,5,2,25,0.12202995713076203,0.009786790652009495,0.14643594855691444,5.0,0.0,0.03125,5.0,0.0,0.03125,5.0,0.0,0.03125,0.0,-0.0,0.0,0.0,0.0,0.0
structured,5,2,26,0.12202995713076203,0.009786790652009495,0.14643594855691444,2.0,1.0,0.25,1.833113355446793,1.0,0.2806583027655417,2.0,1.0,0.25,0.0,0.08331705301768262,0.07815065748000001,0.14643594855691444,0.14643594855691444,0.14643594855691444
structured,5,2,27,0.12202995713076203,0.009786790652009495,0.14643594855691444,3.0,0.8660254037844386,0.125,2.7775382492877516,0.9574563868494078,0.14584034158984036,3.0000000000000004,0.8660254037844384,0.12499999999999994,1.1102230246251565e-16,0.07913145042072989,0.04228319999999998,0.1268172514775591,0.14020603421016906,0.12681725147755907
structured,5,2,28,0.12202995713076203,0.009786790652009495,0.14643594855691444,2.0,1.0,0.25,1.84722541246633,1.0,0.27792636165594575,2.0,1.0,0.25,0.0,0.08113845203647202,0.08256719799999993,0.14643594855691444,0.14643594855691444,0.14643594855691444
structured,5,2,29,0.12202995713076203,0.009786790652009495,0.14643594855691444,4.0,0.5,0.0625,3.885794381361119,0.5396197265117746,0.0676486811550803,3.9999999999999987,0.5000000000000004,0.06250000000000006,2.220446049250313e-16,0.03961972651177452,0.03939999999999996,0.07321797427845722,0.07901972651177447,0.07321797427845729
structured,5,4,0,0.19009046895107806,0.017037224725232523,0.22810856274129365,3.0,0.8660254037844386,0.125,2.831314873074672,0.9348976269487016,0.1405041966092892,3.0,0.8660254037844386,0.125,0.0,0.0686069035287119,0.1257399999999999,0.19754781015471679,0.21325815399351444,0.19754781015471679
structured,5,4,1,0.19009046895107806,0.017037224725232523,0.22810856274129365,3.0,0.8660254037844386,0.125,2.7606960181969447,0.964584385703827,0.14755287964295366,2.9999999999999996,0.8660254037844389,0.12500000000000006,1.1102230246251565e-16,0.10814251504991074,0.10668090511999984,0.19754781015471679,0.22002995786559362,0.19754781015471687
structured,5,4,2,0.19009046895107806,0.017037224725232523,0.22810856274129365,3.0,0.8660254037844386,0.125,2.9807942129926674,0.8737284716231105,0.1266751802656071,3.0634500145606105,0.8408168091765545,0.11962161332423031,0.021997433796719534,0.053549345640419924,0.16739391215999977,0.19754781015471679,0.19930494588809491,0.19179751386998442
structured,5,4,3,0.19009046895107806,0.017037224725232523,0.22810856274129365,3.0,0.8660254037844386,0.125,2.7139499620467666,0.9845290158478665,0.15241217288079606,3.0,0.8660254037844386,0.125,0.0,0.10245431188721016,0.09199781599999976,0.19754781015471679,0.22457949878215713,0.19754781015471679
structured,5,4,4,0.19009046895107806,0.017037224725232523,0.22810856274129365,5.0,0.0,0.03125,5.0,0.0,0.03125,5.0,0.0,0.03125,0.0,-0.0,0.0,0.0,0.0,0.0
structured,5,4,5,0.19009046895107806,0.017037224725232523,0.22810856274129365,3.0,0.8660254037844386,0.125,2.7921457671740444,0.9512986296477812,0.14437113534621832,3.0,0.8660254037844386,0.125,0.0,0.0735950929287622,0.1142739999999999,0.19754781015471679,0.21699936314671758,0.19754781015471679
structured,5,4,6,0.19009046895107806,0.017037224725232523,0.22810856274129365,2.0,1.0,0.25,1.8681180658425462,1.0,0.2739305230407757,2.0,1.0,0.25,0.0,0.09646205058630516,0.16498491183999975,0.22810856274129365,0.22810856274129365,0.22810856274129365
structured,5,4,7,0.19009046895107806,0.017037224725232523,0.22810856274129365,3.0,0.8660254037844386,0.125,2.7509473606732024,0.9687241434721213,0.14855330826822438,3.0,0.8660254037844386,0.125,0.0,0.08784644936182133,0.10327349999999975,0.19754781015471679,0.22097427206021633,0.19754781015471679
structured,5,4,8,0.19009046895107806,0.017037224725232523,0.22810856274129365,3.0,0.8660254037844386,0.125,2.8708556592756476,0.9185014265025658,0.13670560881090604,3.0,0.8660254037844386,0.125,0.0,0.05243209008041172,0.13630439999999977,0.19754781015471679,0.20951804027532825,0.19754781015471679
structured,5,4,9,0.19009046895107806,0.017037224725232523,0.22810856274129365,5.0,0.0,0.03125,5.0,0.0,0.03125,5.0,0.0,0.03125,0.0,-0.0,0.0,0.0,0.0,0.0
structured,5,4,10,0.19009046895107806,0.017037224725232523,0.22810856274129365,1.9999999999999998,1.0,0.25000000000000006,1.6796972231695555,1.0,0.312148140540486,2.0,1.0,0.25,5.551115123125783e-17,0.13788807197286967,0.11055746799999996,0.22810856274129365,0.22810856274129365,0.22810856274129365
structured,5,4,11,0.19009046895107806,0.017037224725232523,0.22810856274129365,3.9999999999999996,0.5000000000000001,0.06250000000000001,3.9773453688731215,0.5078518157840577,0.06348918334939556,4.0,0.5,0.0625,1.8388068845354155e-16,0.00785181578405775,0.10799353199999996,0.11405428137064685,0.11584534778405763,0.11405428137064683
structured,5,4,12,0.19009046895107806,0.017037224725232523,0.22810856274129365,3.0,0.8660254037844386,0.125,2.7454318923623777,0.9710708283006753,0.14912231919706995,3.0,0.8660254037844386,0.125,0.0,0.09018887721206573,0.10146539999999982,0.19754781015471679,0.22150957096366458,0.19754781015471679
structured,5,4,13,0.19009046895107806,0.017037224725232523,0.22810856274129365,4.0,0.5,0.0625,3.8456831927466792,0.5535767691859839,0.069555904922799,4.0,0.5,0.0625,0.0,0.05357676918598365,0.07269883199999988,0.11405428137064683,0.12627560118598363,0.11405428137064683
structured,5,4,14,0.19009046895107806,0.017037224725232523,0.22810856274129365,1.0,1.0,0.5,0.886384008303122,1.0,0.5409683112509365,1.0039910705558832,1.0,0.49861871182661943,0.0013832014195476194,0.1366077408602828,0.18477420970239963,0.22810856274129365,0.22810856274129365,0.22810856274129365
structured,5,4,15,0.19009046895107806,0.017037224725232523,0.22810856274129365,4.0,0.5,0.0625,3.8166349505109314,0.5637062143677669,0.07097058701460485,4.000000000000001,0.4999999999999998,0.06249999999999997,1.1102230246251565e-16,0.063706214367767,0.06487999999999992,0.11405428137064683,0.12858621436776688,0.11405428137064677
structured,5,4,16,0.19009046895107806,0.017037224725232523,0.22810856274129365,4.0,0.5,0.0625,3.913383695318464,0.5300361945366112,0.06636729593985655,4.000000000000001,0.4999999999999998,0.06249999999999997,1.1102230246251565e-16,0.03003619453661121,0.09086959999999994,0.11405428137064683,0.12090579453661111,0.11405428137064677
structured,5,4,17,0.19009046895107806,0.017037224725232523,0.22810856274129365,3.0,0.8660254037844386,0.125,2.7514057169520614,0.968529273224163,0.14850611913651568,3.0,0.8660254037844386,0.125,0.0,0.08843681735659834,0.10281779999999979,0.19754781015471679,0.22092982048803353,0.19754781015471679
structured,5,4,18,0.19009046895107806,0.017037224725232523,0.22810856274129365,4.0,0.5,0.0625,3.8346868188131467,0.5574089557568118,0.07008809299473742,3.9999999999999996,0.5000000000000002,0.06250000000000003,8.326672684688674e-17,0.05740895575681176,0.06974079999999996,0.11405428137064683,0.1271497557568117,0.11405428137064688
structured,5,4,19,0.19009046895107806,0.017037224725232523,0.22810856274129365,3.0,0.8660254037844386,0.125,2.8482723757705264,0.9278464177976329,0.13886237187748743,3.0000000000000004,0.8660254037844384,0.12499999999999994,1.1102230246251565e-16,0.09544642914072679,0.13201418343999993,0.19754781015471679,0.21164971280847591,0.19754781015471673
structured,5,4,20,0.19009046895107806,0.017037224725232523,0.22810856274129365,3.0,0.8660254037844386,0.125,2.7463802097387915,0.9706671099767893,0.14902432979883654,2.9999999999999996,0.8660254037844389,0.12500000000000006,1.1102230246251565e-16,0.1009565304253126,0.10229970927999996,0.19754781015471679,0.2214174793570506,0.19754781015471687
structured,5,4,21,0.19009046895107806,0.017037224725232523,0.22810856274129365,3.0,0.8660254037844386,0.125,2.7890387693649994,0.9526064834531308,0.1446823890396175,3.0,0.8660254037844386,0.125,0.0,0.07731641846241218,0.11395628399999982,0.19754781015471679,0.21729769579853161,0.19754781015471679
structured,5,4,22,0.19009046895107806,0.017037224725232523,0.22810856274129365,3.0,0.8660254037844386,0.125,2.898897984198954,0.9069688303666907,0.13407405740709039,3.0,0.8660254037844386,0.125,0.0,0.055977701785078424,0.1448711679999999,0.19754781015471679,0.206887356346098,0.19754781015471679
structured,5,4,23,0.19009046895107806,0.017037224725232523,0.22810856274129365,2.0,1.0,0.25,1.9091240070741051,1.0,0.26625416394713686,2.035927690341328,1.0,0.2438510871935205,0.012452900339832759,0.10838146655927722,0.17731672851199967,0.22810856274129365,0.22810856274129365,0.22810856274129365
structured,5,4,24,0.19009046895107806,0.017037224725232523,0.22810856274129365,3.0,0.8660254037844386,0.125,2.879315375116298,0.9150140383522206,0.13590633629770488,3.0478059963246578,0.8469984716675247,0.12092580137589035,0.016571405993024417,0.10814251504991071,0.1421356077599999,0.19754781015471679,0.208722537176632,0.1932076040161514
structured,5,4,25,0.19009046895107806,0.017037224725232523,0.22810856274129365,4.0,0.5,0.0625,3.74577082654154,0.5885143662343124,0.0745436449080218,4.0,0.5,0.0625,2.7755575615628914e-17,0.08851436623431239,0.04573079999999988,0.11405428137064683,0.13424516623431232,0.11405428137064683
structured,5,4,26,0.19009046895107806,0.017037224725232523,0.22810856274129365,5.0,0.0,0.03125,5.0,0.0,0.03125,5.0,0.0,0.03125,0.0,-0.0,0.0,0.0,0.0,0.0
structured,5,4,27,0.19009046895107806,0.017037224725232523,0.22810856274129365,5.0,0.0,0.03125,5.0,0.0,0.03125,5.0,0.0,0.03125,0.0,-0.0,0.0,0.0,0.0,0.0
structured,5,4,28,0.19009046895107806,0.017037224725232523,0.22810856274129365,3.0,0.8660254037844386,0.125,2.813516091838161,0.9423305507830202,0.14224835836737879,3.0,0.8660254037844386,0.12499999999999999,2.7755575615628914e-17,0.07513269168603262,0.12061871599999971,0.19754781015471679,0.21495366756632636,0.19754781015471679
structured,5,4,29,0.19009046895107806,0.017037224725232523,0.22810856274129365,5.0,0.0,0.03125,5.0,0.0,0.03125,5.0,0.0,0.03125,0.0,-0.0,0.0,0.0,0.0,0.0
structured,5,8,0,0.3107922789767431,0.028546262789729587,0.37295073477209173,3.9999999999999996,0.5000000000000001,0.06250000000000001,3.650828452136919,0.622024490943683,0.07961430841671849,4.000000000000001,0.49999999999999967,0.06249999999999996,2.3592239273284576e-16,0.12202449094368306,0.10995999999999993,0.1864753673860459,0.23198449094368287,0.18647536738604575
structured,5,8,1,0.3107922789767431,0.028546262789729587,0.37295073477209173,4.0,0.5,0.0625,3.659994057583626,0.6187737096844799,0.07911011297458662,3.9999999999999996,0.5000000000000002,0.06250000000000003,1.1102230246251565e-16,0.11877370968448013,0.11199839999999978,0.18647536738604586,0.23077210968447973,0.18647536738604595
structured,5,8,2,0.3107922789767431,0.028546262789729587,0.37295073477209173,4.0,0.5,0.0625,3.9741648821020212,0.5089542418074684,0.06362930253172688,3.9999999999999996,0.5000000000000002,0.06250000000000003,1.1796119636642288e-16,0.008954241807468417,0.1808606166399998,0.18647536738604586,0.18981485844746818,0.18647536738604595
structured,5,8,3,0.3107922789767431,0.028546262789729587,0.37295073477209173,5.0,0.0,0.03125,5.0,0.0,0.03125,5.0,0.0,0.03125,0.0,-0.0,0.0,0.0,0.0,0.0
structured,5,8,4,0.3107922789767431,0.028546262789729587,0.37295073477209173,3.0,0.8660254037844386,0.125,2.584854975757357,1.0,0.16667908890049551,3.0,0.8660254037844386,0.125,0.0,0.15068521138403215,0.18522599999999936,0.3229848106727038,0.37295073477209173,0.3229848106727038
structured,5,8,5,0.3107922789767431,0.028546262789729587,0.37295073477209173,2.9999999999999996,0.8660254037844388,0.12500000000000003,2.8169128342504157,0.9409095036521062,0.14191383675785663,3.0053568047778323,0.8638829959739875,0.12453672884162406,0.0018565313421278137,0.12358736654906963,0.2421295039999995,0.3229848106727039,0.35091289074109716,0.3221857981056146
structured,5,8,6,0.3107922789767431,0.028546262789729587,0.37295073477209173,3.0,0.8660254037844386,0.125,2.4596290526983586,1.0,0.18179330154561474,3.0,0.8660254037844386,0.125,0.0,0.19760273705772383,0.15580639999999943,0.3229848106727038,0.37295073477209173,0.3229848106727038
structured,5,8,7,0.3107922789767431,0.028546262789729587,0.37295073477209173,2.0,1.0,0.25,1.938190801725453,1.0,0.26094346883972785,2.0,1.0,0.25,8.326672684688674e-17,0.05901410021760395,0.31331561463999913,0.37295073477209173,0.37295073477209173,0.37295073477209173
structured,5,8,8,0.3107922789767431,0.028546262789729587,0.37295073477209173,3.0,0.8660254037844386,0.125,2.7707182473620917,0.9603391053920801,0.1465313996681576,3.0,0.8660254037844386,0.125,1.3877787807814457e-16,0.13296462018138655,0.23143177695999928,0.3229848106727038,0.3581591749863495,0.3229848106727038
structured,5,8,9,0.3107922789767431,0.028546262789729587,0.37295073477209173,4.0,0.5,0.0625,3.891611889573061,0.5375979507407243,0.06737644458007827,4.000000000000001,0.49999999999999956,0.062499999999999944,2.220446049250313e-16,0.037597950740724057,0.16289959999999973,0.18647536738604586,0.2004975507407239,0.1864753673860457
structured,5,8,10,0.3107922789767431,0.028546262789729587,0.37295073477209173,4.0,0.49999999999999994,0.06249999999999999,3.8212261489547945,0.5621038402331786,0.07074509090061085,3.9999999999999987,0.5000000000000004,0.06250000000000006,2.498001805406602e-16,0.06210384023317878,0.14753319999999973,0.18647536738604584,0.20963704023317842,0.18647536738604603
structured,5,8,11,0.3107922789767431,0.028546262789729587,0.37295073477209173,2.9999999999999996,0.8660254037844388,0.12500000000000003,2.5744038247224594,1.0,0.16789092729340088,3.0,0.8660254037844386,0.125,8.326672684688674e-17,0.17672513713219806,0.1850005999999996,0.3229848106727039,0.37295073477209173,0.3229848106727038
structured,5,8,12,0.3107922789767431,0.028546262789729587,0.37295073477209173,2.0,1.0,0.25,1.5797661051740963,1.0,0.3345361204801015,2.0,1.0,0.25,0.0,0.17194031961728373,0.22966343399999914,0.37295073477209173,0.37295073477209173,0.37295073477209173
structured,5,8,13,0.3107922789767431,0.028546262789729587,0.37295073477209173,3.0,0.8660254037844386,0.125,2.4991706537535157,1.0,0.17687834618778692,3.0,0.8660254037844386,0.125,0.0,0.18450646463483017,0.1640184079999995,0.3229848106727038,0.37295073477209173,0.3229848106727038
structured,5,8,14,0.3107922789767431,0.028546262789729587,0.37295073477209173,5.0,0.0,0.03125,5.0,0.0,0.03125,5.0,0.0,0.03125,0.0,-0.0,0.0,0.0,0.0,0.0
structured,5,8,15,0.3107922789767431,0.028546262789729587,0.37295073477209173,1.0,1.0,0.5,0.658465914222013,1.0,0.633551624297195,1.0,1.0,0.5,0.0,0.24705145484263102,0.2745637835399992,0.37295073477209173,0.37295073477209173,0.37295073477209173
structured,5,8,16,0.3107922789767431,0.028546262789729587,0.37295073477209173,3.0,0.8660254037844386,0.125,2.8594370989982174,0.923219981181983,0.13779189170670764,3.0,0.8660254037844386,0.125,0.0,0.06737260647405678,0.2495192292799993,0.3229848106727038,0.3443155703380973,0.3229848106727038
structured,5,8,17,0.3107922789767431,0.028546262789729587,0.37295073477209173,4.0,0.5,0.0625,3.7163472330388836,0.5988626744718609,0.07607956285944875,3.9999999999999996,0.5000000000000002,0.06250000000000003,1.1102230246251565e-16,0.09886267447186066,0.12448359999999972,0.18647536738604586,0.2233462744718605,0.18647536738604595
structured,5,8,18,0.3107922789767431,0.028546262789729587,0.37295073477209173,5.0,0.0,0.03125,5.0,0.0,0.03125,5.0,0.0,0.03125,2.0296264668928643e-16,-0.0,2.0296264668928643e-16,0.0,0.0,0.0
structured,5,8,19,0.3107922789767431,0.028546262789729587,0.37295073477209173,4.0,0.5,0.0625,4.05055048701328,0.48247685350534547,0.060347989271052324,4.050550487013281,0.48247685350534536,0.06034798927105231,0.017523146494654456,-0.0,0.19746324351999994,0.18647536738604586,0.17994009702534544,0.1799400970253454
structured,5,8,20,0.3107922789767431,0.028546262789729587,0.37295073477209173,2.0,1.0,0.25,1.820992244443183,1.0,0.28302624699975865,2.0,1.0,0.25,0.0,0.14390474941908904,0.2884652959999992,0.37295073477209173,0.37295073477209173,0.37295073477209173
structured,5,8,21,0.3107922789767431,0.028546262789729587,0.37295073477209173,4.0,0.5,0.0625,4.0064174316441425,0.4977758803154854,0.06222260337798206,4.0064174316441425,0.4977758803154855,0.062222603377982064,0.002224119684514617,-0.0,0.1878699999999997,0.18647536738604586,0.18564588031548507,0.1856458803154851
structured,5,8,22,0.3107922789767431,0.028546262789729587,0.37295073477209173,4.0,0.5,0.0625,3.8331447301624677,0.5579465911228516,0.07016304981820132,4.0,0.5,0.0625,0.0,0.05794659112285154,0.15013999999999975,0.18647536738604586,0.20808659112285133,0.18647536738604586
structured,5,8,23,0.3107922789767431,0.028546262789729587,0.37295073477209173,2.0,1.0,0.25,1.5799015861917798,1.0,0.3345047062416656,2.0,1.0,0.25,0.0,0.2107777784111287,0.23146625179999944,0.37295073477209173,0.37295073477209173,0.37295073477209173
structured,5,8,24,0.3107922789767431,0.028546262789729587,0.37295073477209173,3.0,0.8660254037844386,0.125,2.8979892303114907,0.9073413350493293,0.1341585372861374,3.0,0.8660254037844386,0.125,0.0,0.035735398032760816,0.25730519599999935,0.3229848106727038,0.33839361759573805,0.3229848106727038
structured,5,8,25,0.3107922789767431,0.028546262789729587,0.37295073477209173,4.0,0.5,0.0625,3.7660775595063547,0.5813897252036436,0.07350175157154604,3.9999999999999987,0.5000000000000004,0.06250000000000006,2.0816681711721685e-16,0.0813897252036435,0.13543999999999984,0.18647536738604586,0.21682972520364338,0.18647536738604603
structured,5,8,26,0.3107922789767431,0.028546262789729587,0.37295073477209173,2.0,1.0,0.25,1.635906480726897,1.0,0.3217681690052036,2.0,1.0,0.25,0.0,0.18384122233864206,0.24509147599999928,0.37295073477209173,0.37295073477209173,0.37295073477209173
structured,5,8,27,0.3107922789767431,0.028546262789729587,0.37295073477209173,3.0,0.8660254037844386,0.125,2.6544965111476153,1.0,0.15882429153429498,3.0,0.8660254037844386,0.125,0.0,0.12425823519743681,0.20179701599999944,0.3229848106727038,0.37295073477209173,0.3229848106727038
structured,5,8,28,0.3107922789767431,0.028546262789729587,0.37295073477209173,4.999999999999999,1.0536712127723509e-08,0.031250000000000014,5.0,0.0,0.03125,5.0,0.0,0.03125,1.1796119636642288e-16,-0.0,1.1796119636642288e-16,3.929674530116493e-09,0.0,0.0
structured,5,8,29,0.3107922789767431,0.028546262789729587,0.37295073477209173,2.0,1.0,0.24999999999999997,1.7170945544579097,1.0,0.3041606542685375,2.0,1.0,0.24999999999999997,1.1102230246251565e-16,0.16387588149349136,0.26503119887999893,0.37295073477209173,0.37295073477209173,0.37295073477209173
structured,5,16,0,0.5009117071520133,0.041178874031858624,0.6010940485824159,5.0,0.0,0.03125,5.0,0.0,0.03125,5.0,0.0,0.03125,2.185751579730777e-16,-0.0,2.185751579730777e-16,0.0,0.0,0.0
structured,5,16,1,0.5009117071520133,0.041178874031858624,0.6010940485824159,4.0,0.5,0.0625,3.8905964738463172,0.5379508007775016,0.0674238830071444,4.0,0.5,0.0625,1.3183898417423734e-16,0.03795080077750157,0.2854082239999995,0.30054702429120794,0.32335902477750106,0.30054702429120794
structured,5,16,2,0.5009117071520133,0.041178874031858624,0.6010940485824159,2.0,1.0,0.25,1.537379857998477,1.0,0.3445105675297825,2.0,1.0,0.25,1.1102230246251565e-16,0.24852281379033972,0.4599089891199988,0.6010940485824159,0.6010940485824159,0.6010940485824159
structured,5,16,3,0.5009117071520133,0.041178874031858624,0.6010940485824159,5.0,7.450580596923828e-09,0.03125000000000001,4.999999999999996,2.6863450374185958e-08,0.03125000000000009,4.999999999999999,1.2904784139758924e-08,0.03125000000000002,1.8561541192951836e-16,-0.0,1.0928757898653885e-16,4.478499655294537e-09,1.6147460144312252e-08,7.75698894464984e-09
structured,5,16,4,0.5009117071520133,0.041178874031858624,0.6010940485824159,3.9999999999999996,0.5000000000000002,0.06250000000000003,3.914442256175903,0.5296687082485247,0.06631861756220761,4.000000000000001,0.49999999999999956,0.062499999999999944,2.5673907444456745e-16,0.029668708248524984,0.2887119999999994,0.30054702429120805,0.3183807082485242,0.30054702429120767
structured,5,16,5,0.5009117071520133,0.041178874031858624,0.6010940485824159,4.0,0.49999999999999994,0.06249999999999999,3.7958055965036217,0.5709828674919096,0.07200267937116045,4.000000000000001,0.4999999999999998,0.06249999999999997,1.5265566588595902e-16,0.07098286749190988,0.2722315359999994,0.3005470242912079,0.34321440349190907,0.30054702429120783
structured,5,16,6,0.5009117071520133,0.041178874031858624,0.6010940485824159,3.0,0.8660254037844386,0.125,2.3731584087976776,1.0,0.19302258811114145,3.0,0.8660254037844386,0.12499999999999999,1.8735013540549517e-16,0.2993182324477738,0.3634848639999986,0.5205627161360097,0.6010940485824159,0.5205627161360097
structured,5,16,7,0.5009117071520133,0.041178874031858624,0.6010940485824159,4.0,0.5,0.0625,3.9215782254254035,0.5271917847619519,0.06599139724006153,4.0,0.5,0.0625,4.163336342344337e-17,0.02719178476195143,0.28970005951999955,0.30054702429120794,0.3168918442819513,0.30054702429120794
structured,5,16,8,0.5009117071520133,0.041178874031858624,0.6010940485824159,3.9999999999999996,0.5000000000000001,0.06250000000000001,4.0047028809779945,0.49837010276111193,0.06229659491576516,4.004702880977995,0.49837010276111166,0.06229659491576513,0.0016298972388880794,-0.0,0.3011971999999995,0.300547024291208,0.29956730276111143,0.29956730276111126
structured,5,16,9,0.5009117071520133,0.041178874031858624,0.6010940485824159,3.9999999999999996,0.5000000000000001,0.06250000000000001,3.852113842539802,0.5513369735859648,0.06924655730536636,4.0,0.5,0.0625,1.3183898417423734e-16,0.051336973585964514,0.2800683999999994,0.300547024291208,0.33140537358596406,0.30054702429120794
structured,5,16,10,0.5009117071520133,0.041178874031858624,0.6010940485824159,5.0,7.450580596923828e-09,0.03125000000000001,5.0,0.0,0.03125,5.0,0.0,0.03125,1.960237527853792e-16,-0.0,1.960237527853792e-16,4.478499655294537e-09,0.0,0.0
structured,5,16,11,0.5009117071520133,0.041178874031858624,0.6010940485824159,4.0,0.5,0.0625,3.8833244735114514,0.5404782737229847,0.0677645955458222,3.9999999999999996,0.5000000000000001,0.06250000000000001,1.249000902703301e-16,0.04047827372298472,0.28439999999999943,0.30054702429120794,0.32487827372298406,0.300547024291208
structured,5,16,12,0.5009117071520133,0.041178874031858624,0.6010940485824159,4.0,0.5,0.0625,3.948238822316362,0.5179428060819171,0.0647830937965013,4.000000000000001,0.4999999999999998,0.06249999999999997,1.1102230246251565e-16,0.017942806081916427,0.2933895321599998,0.30054702429120794,0.3113323382419167,0.30054702429120783
structured,5,16,13,0.5009117071520133,0.041178874031858624,0.6010940485824159,3.0,0.8660254037844386,0.125,2.8274745768672855,0.9364985920689352,0.14087870161838723,3.0,0.8660254037844386,0.125,8.326672684688674e-17,0.10926641765136601,0.42787164799999833,0.5205627161360097,0.5629237301984485,0.5205627161360097
structured,5,16,14,0.5009117071520133,0.041178874031858624,0.6010940485824159,4.0,0.5,0.0625,3.9882585011519933,0.504069338061866,0.06301073719676598,4.0,0.5,0.0625,1.3183898417423734e-16,0.004069338061866474,0.2989237411199993,0.30054702429120794,0.3029930791818655,0.30054702429120794
structured,5,16,15,0.5009117071520133,0.041178874031858624,0.6010940485824159,5.0,7.450580596923828e-09,0.03125000000000001,5.0,0.0,0.03125,5.0,0.0,0.03125,2.0643209364124004e-16,-0.0,2.0643209364124004e-16,4.478499655294537e-09,0.0,0.0
structured,5,16,16,0.5009117071520133,0.041178874031858624,0.6010940485824159,3.0,0.8660254037844386,0.125,2.8609544116225445,0.9225922144276072,0.1376470492653045,2.9999999999999996,0.8660254037844389,0.12500000000000006,8.326672684688674e-17,0.06881218882210711,0.43198351631999843,0.5205627161360097,0.5545646893609067,0.5205627161360099
structured,5,16,17,0.5009117071520133,0.041178874031858624,0.6010940485824159,3.9999999999999996,0.5000000000000001,0.06250000000000001,4.039148550333458,0.4864304463506866,0.06082682239211602,4.039148550333458,0.48643044635068655,0.060826822392116016,0.01356955364931347,-0.0,0.30595999999999934,0.300547024291208,0.29239044635068584,0.29239044635068584
structured,5,16,18,0.5009117071520133,0.041178874031858624,0.6010940485824159,2.9999999999999996,0.8660254037844388,0.12500000000000003,2.773962224506285,0.9589673033578033,0.14620228611366715,3.0,0.8660254037844386,0.125,8.326672684688674e-17,0.12597210974825787,0.42067749543999833,0.5205627161360098,0.5764295388335038,0.5205627161360097
structured,5,16,19,0.5009117071520133,0.041178874031858624,0.6010940485824159,4.0,0.5,0.0625,3.795805596503621,0.5709828674919099,0.07200267937116049,4.000000000000001,0.4999999999999998,0.06249999999999997,1.4224732503009818e-16,0.07098286749190974,0.2722315359999994,0.30054702429120794,0.3432144034919092,0.30054702429120783
structured,5,16,20,0.5009117071520133,0.041178874031858624,0.6010940485824159,4.0,0.5,0.0625,3.1785680920206807,0.7959770940283956,0.11044744177723616,3.9999999999999987,0.5000000000000004,0.06250000000000006,2.220446049250313e-16,0.29597709402839556,0.1824799999999991,0.30054702429120794,0.4784570940283946,0.3005470242912082
structured,5,16,21,0.5009117071520133,0.041178874031858624,0.6010940485824159,3.9999999999999996,0.5000000000000001,0.06250000000000001,3.735093904341658,0.5922659192233503,0.075097364884185,4.000000000000001,0.4999999999999998,0.06249999999999997,2.0816681711721685e-16,0.09226591922335048,0.26374159999999935,0.300547024291208,0.3560075192233497,0.30054702429120783
structured,5,16,22,0.5009117071520133,0.041178874031858624,0.6010940485824159,4.0,0.5,0.0625,3.701731051762722,0.604014934206318,0.07685425509303284,4.000000000000001,0.4999999999999998,0.06249999999999997,1.3877787807814457e-16,0.10401493420631791,0.2590548479999992,0.30054702429120794,0.36306978220631725,0.30054702429120783
structured,5,16,23,0.5009117071520133,0.041178874031858624,0.6010940485824159,5.0,0.0,0.03125,5.0,0.0,0.03125,5.0,0.0,0.03125,2.237793284010081e-16,-0.0,2.237793284010081e-16,0.0,0.0,0.0
structured,5,16,24,0.5009117071520133,0.041178874031858624,0.6010940485824159,3.9999999999999996,0.5000000000000001,0.06250000000000001,4.026653309191237,0.4907621340426331,0.06135593402625992,4.026653309191236,0.49076213404263314,0.061355934026259926,0.009237865957366951,-0.0,0.3042320639999996,0.300547024291208,0.2949941980426326,0.2949941980426326
structured,5,16,25,0.5009117071520133,0.041178874031858624,0.6010940485824159,4.0,0.5,0.0625,4.266689318650544,0.4069550619215068,0.05195155280294218,4.266689318650545,0.40695506192150643,0.05195155280294214,0.09304493807849329,-0.0,0.3376632038399995,0.30054702429120794,0.24461826576150628,0.24461826576150605
structured,5,16,26,0.5009117071520133,0.041178874031858624,0.6010940485824159,3.0,0.8660254037844386,0.125,2.9112719355851,0.9019047655890324,0.13292902577402593,3.001054418325261,0.8656034888613897,0.12490867499112625,0.0003654335771946949,0.05956321014207337,0.43908625055999806,0.5205627161360097,0.5421295869836863,0.5203091055867569
structured,5,16,27,0.5009117071520133,0.041178874031858624,0.6010940485824159,4.0,0.49999999999999994,0.06249999999999999,3.5953945378346885,0.6417658675942128,0.08273292860111908,4.0,0.5,0.0625,1.1796119636642288e-16,0.14176586759421267,0.24399577599999925,0.3005470242912079,0.38576164359421206,0.30054702429120794
structured,5,16,28,0.5009117071520133,0.041178874031858624,0.6010940485824159,4.0,0.5,0.0625,2.876057138941654,0.9163563459030599,0.13621361908460106,4.0,0.5,0.0625,9.71445146547012e-17,0.41635634590306003,0.13445999999999902,0.30054702429120794,0.550816345903059,0.30054702429120794
structured,5,16,29,0.5009117071520133,0.041178874031858624,0.6010940485824159,4.0,0.5,0.0625,3.3474466749666973,0.7321023889520427,0.09824673848866101,4.000000000000001,0.4999999999999998,0.06249999999999997,2.0122792321330962e-16,0.23210238895204266,0.2079599999999992,0.30054702429120794,0.4400623889520419,0.30054702429120783
structured,6,2,0,0.14898887241208092,0.010092682910261988,0.1787866468944971,4.0,0.8660254037844386,0.0625,3.8327384658166257,0.9343045377982293,0.07018281058439768,3.9999999999999996,0.8660254037844389,0.06250000000000003,1.1102230246251565e-16,0.0656508119885896,0.08621287991999987,0.1548337780680727,0.16704117549125835,0.15483377806807277
structured,6,2,1,0.14898887241208092,0.010092682910261988,0.1787866468944971,3.9999999999999996,0.8660254037844388,0.06250000000000001,3.688647202686422,0.995424886022563,0.07755441898206453,4.000000000000001,0.8660254037844384,0.06249999999999997,1.3877787807814457e-16,0.11187760747366884,0.042214600000000005,0.15483377806807275,0.177968677607311,0.15483377806807266
structured,6,2,2,0.14898887241208092,0.010092682910261988,0.1787866468944971,3.0,1.0,0.125,2.779187587851144,1.0,0.1456737071673215,3.0,1.0,0.125,0.0,0.11433186033081755,0.09245392407999996,0.1787866468944971,0.1787866468944971,0.1787866468944971
structured,6,2,3,0.14898887241208092,0.010092682910261988,0.1787866468944971,4.0,0.8660254037844386,0.0625,3.7620546138203004,0.9640082717862638,0.07370699675452119,4.000000000000001,0.8660254037844384,0.06249999999999997,1.1102230246251565e-16,0.08425451547910204,0.06489905199999993,0.1548337780680727,0.17235180649122514,0.15483377806807266
structured,6,2,4,0.14898887241208092,0.010092682910261988,0.1787866468944971,4.0,0.8660254037844386,0.0625,3.7146965572157056,0.9842085955122977,0.07616665996751809,3.9999999999999987,0.8660254037844392,0.06250000000000006,2.0816681711721685e-16,0.1023068912033134,0.050074199999999916,0.1548337780680727,0.1759633546363861,0.1548337780680728
structured,6,2,5,0.14898887241208092,0.010092682910261988,0.1787866468944971,2.0,1.0,0.25,1.8299574021505003,1.0,0.28127292607694476,2.0,1.0,0.25,0.0,0.142023500777858,0.1193120448112,0.1787866468944971,0.1787866468944971,0.1787866468944971
structured,6,2,6,0.14898887241208092,0.010092682910261988,0.1787866468944971,3.0,1.0,0.125,2.794749969820797,1.0,0.1441107666932642,3.0,1.0,0.125,0.0,0.09931479073085983,0.09703297799999991,0.1787866468944971,0.1787866468944971,0.1787866468944971
structured,6,2,7,0.14898887241208092,0.010092682910261988,0.1787866468944971,5.0,0.49999999999999994,0.031249999999999997,4.821320995309695,0.5620707435582822,0.03537022004776002,5.000000000000002,0.4999999999999994,0.031249999999999962,2.7755575615628914e-16,0.06207074355828201,0.03841999999999983,0.08939332344724854,0.10049074355828204,0.08939332344724844
structured,6,2,8,0.14898887241208092,0.010092682910261988,0.1787866468944971,3.0,1.0,0.125,2.73346258560891,1.0,0.1503646576092492,3.0,1.0,0.125,0.0,0.101913204397577,0.07787142999999991,0.1787866468944971,0.1787866468944971,0.1787866468944971
structured,6,2,9,0.14898887241208092,0.010092682910261988,0.1787866468944971,4.0,0.8660254037844386,0.0625,3.8009491320903916,0.9475984848026122,0.07174643052501291,3.9999999999999996,0.8660254037844389,0.06250000000000003,1.1102230246251565e-16,0.07014689782263223,0.07648441599999985,0.1548337780680727,0.1694179557001651,0.15483377806807277
structured,6,2,10,0.14898887241208092,0.010092682910261988,0.1787866468944971,4.0,0.8660254037844386,0.0625,3.7043392588477535,0.988659197125387,0.07671543800378842,3.9999999999999987,0.8660254037844392,0.06250000000000006,2.220446049250313e-16,0.10597049456366144,0.0470656,0.1548337780680727,0.17675906277545356,0.1548337780680728
structured,6,2,11,0.14898887241208092,0.010092682910261988,0.1787866468944971,2.0,1.0,0.25,1.8046250696240536,1.0,0.2862554230965447,2.0,1.0,0.25,0.0,0.11961572917500646,0.11094217209999986,0.1787866468944971,0.1787866468944971,0.1787866468944971
structured,6,2,12,0.14898887241208092,0.010092682910261988,0.1787866468944971,3.9999999999999996,0.8660254037844389,0.06250000000000003,3.7268397353837694,0.9790056584157126,0.07552825495062394,4.0,0.8660254037844385,0.062499999999999986,1.942890293094024e-16,0.09765280224391362,0.05389620000000009,0.15483377806807277,0.17503313895888467,0.1548337780680727
structured,6,2,13,0.14898887241208092,0.010092682910261988,0.1787866468944971,2.0,1.0,0.25,1.8382688896248771,1.0,0.2796571478782313,2.0,1.0,0.25,0.0,0.12582129532590075,0.12144128259879987,0.1787866468944971,0.1787866468944971,0.1787866468944971
structured,6,2,14,0.14898887241208092,0.010092682910261988,0.1787866468944971,2.0,1.0,0.25,1.856986954921005,1.0,0.27605220788764445,2.0,1.0,0.25,0.0,0.12230417437958693,0.12711858835599982,0.1787866468944971,0.1787866468944971,0.1787866468944971
structured,6,2,15,0.14898887241208092,0.010092682910261988,0.1787866468944971,4.0,0.8660254037844385,0.062499999999999986,3.7793446194962477,0.9566936898454562,0.07282892601188212,4.0,0.8660254037844386,0.0625,1.1102230246251565e-16,0.07824071652987147,0.06983766399999987,0.1548337780680727,0.1710440569125931,0.1548337780680727
structured,6,2,16,0.14898887241208092,0.010092682910261988,0.1787866468944971,5.0,0.49999999999999994,0.031249999999999997,4.770125510176278,0.5799710857098196,0.036647903766214185,4.999999999999999,0.5000000000000003,0.03125000000000002,1.6653345369377348e-16,0.07997108570981969,0.023719999999999915,0.08939332344724854,0.10369108570981964,0.08939332344724861
structured,6,2,17,0.14898887241208092,0.010092682910261988,0.1787866468944971,5.0,0.5,0.03125,4.888536605994368,0.5386666428732182,0.03376010950901895,4.999999999999999,0.5000000000000004,0.03125000000000003,2.220446049250313e-16,0.038666642873218256,0.05763976000000001,0.08939332344724855,0.09630640287321823,0.08939332344724864
structured,6,2,18,0.14898887241208092,0.010092682910261988,0.1787866468944971,4.0,0.8660254037844386,0.0625,3.8269542548266777,0.9367156241250202,0.07046476002999538,4.0,0.8660254037844386,0.0625,0.0,0.06252421889278766,0.08441341175999993,0.1548337780680727,0.16747224553099846,0.1548337780680727
structured,6,2,19,0.14898887241208092,0.010092682910261988,0.1787866468944971,3.0,1.0,0.125,2.8215126200652767,1.0,0.14146208936007185,3.0,1.0,0.125,0.0,0.09306695316149088,0.10516160955999992,0.1787866468944971,0.1787866468944971,0.1787866468944971
structured,6,2,20,0.14898887241208092,0.010092682910261988,0.1787866468944971,3.0,1.0,0.125,2.809252858717413,1.0,0.1426693307873148,3.0000000000000004,1.0,0.12499999999999994,1.1102230246251565e-16,0.10833564925536587,0.10189424659679999,0.1787866468944971,0.1787866468944971,0.1787866468944971
structured,6,2,21,0.14898887241208092,0.010092682910261988,0.1787866468944971,2.0,1.0,0.25,1.779067820359733,1.0,0.2913716019809451,2.0,1.0,0.25,0.0,0.1315247074728101,0.10323878409999997,0.1787866468944971,0.1787866468944971,0.1787866468944971
structured,6,2,22,0.14898887241208092,0.010092682910261988,0.1787866468944971,4.0,0.8660254037844386,0.0625,3.729557873718982,0.9778432463744965,0.07538608840501339,4.000000000000001,0.8660254037844384,0.06249999999999997,1.1102230246251565e-16,0.09651911390764954,0.05482719999999986,0.1548337780680727,0.17482531520772585,0.15483377806807266
structured,6,2,23,0.14898887241208092,0.010092682910261988,0.1787866468944971,4.0,0.8660254037844386,0.0625,3.828174276449247,0.9362067837728749,0.07040519637389692,4.0,0.8660254037844386,0.0625,0.0,0.06035274232140443,0.08452750727999989,0.1548337780680727,0.1673812716706338,0.1548337780680727
structured,6,2,24,0.14898887241208092,0.010092682910261988,0.1787866468944971,3.0,1.0,0.125,2.755627728544748,1.0,0.14807215492990586,3.0,1.0,0.125,0.0,0.10360764939965847,0.08487394551999988,0.1787866468944971,0.1787866468944971,0.1787866468944971
structured,6,2,25,0.14898887241208092,0.010092682910261988,0.1787866468944971,2.0,1.0,0.25,1.8522257378505163,1.0,0.2769647470250138,2.0,1.0,0.25,0.0,0.11395507006208913,0.12540979743999983,0.1787866468944971,0.1787866468944971,0.1787866468944971
structured,6,2,26,0.14898887241208092,0.010092682910261988,0.1787866468944971,4.0,0.8660254037844386,0.0625,3.7042990874328043,0.988676482189122,0.07671757415211608,4.000000000000001,0.8660254037844384,0.06249999999999997,1.1102230246251565e-16,0.10597049456366142,0.04706559999999989,0.1548337780680727,0.17676215311404012,0.15483377806807266
structured,6,2,27,0.14898887241208092,0.010092682910261988,0.1787866468944971,5.0,0.5,0.03125,4.855559602175136,0.5501371821239235,0.03454068244720319,4.999999999999999,0.5000000000000004,0.03125000000000003,2.220446049250313e-16,0.050137182123923596,0.04822000000000001,0.08939332344724855,0.09835718212392355,0.08939332344724864
structured,6,2,28,0.14898887241208092,0.010092682910261988,0.1787866468944971,4.0,0.8660254037844386,0.0625,3.695444621182376,0.9924907831773349,0.07718987216824746,4.000000000000001,0.8660254037844384,0.06249999999999997,1.1102230246251565e-16,0.10944316094105971,0.04421379999999996,0.1548337780680727,0.17744409919796905,0.15483377806807266
structured,6,2,29,0.14898887241208092,0.010092682910261988,0.1787866468944971,3.0,1.0,0.125,2.7658332982198544,1.0,0.14702839426953493,3.0,1.0,0.125,0.0,0.10887345410416657,0.08830107999999993,0.1787866468944971,0.1787866468944971,0.1787866468944971
structured,6,4,0,0.23013232045674525,0.01764318731945365,0.2761587845480943,3.0,1.0,0.125,2.553635806071489,1.0,0.17032524580760167,3.0,1.0,0.125,0.0,0.18090637230337625,0.12287318679999992,0.2761587845480943,0.2761587845480943,0.2761587845480943
structured,6,4,1,0.23013232045674525,0.01764318731945365,0.2761587845480943,3.9999999999999996,0.8660254037844388,0.06250000000000001,3.8098018610300795,0.9438857973874772,0.07130752490686211,4.0,0.8660254037844386,0.0625,8.326672684688674e-17,0.10248019964949895,0.16051529999999983,0.2391605228968832,0.2606623545587345,0.23916052289688314
structured,6,4,2,0.23013232045674525,0.01764318731945365,0.2761587845480943,2.0,1.0,0.25,1.6118783453625503,1.0,0.32717210534734087,2.0,1.0,0.25,0.0,0.20603131139471842,0.15651427455279962,0.2761587845480943,0.2761587845480943,0.2761587845480943
structured,6,4,3,0.23013232045674525,0.01764318731945365,0.2761587845480943,5.0,0.5,0.03125,4.650125259663782,0.622274043512141,0.039826561576809374,5.000000000000002,0.49999999999999933,0.03124999999999996,3.469446951953614e-16,0.12227404351214084,0.04957239999999989,0.13807939227404714,0.1718464435121408,0.13807939227404695
structured,6,4,4,0.23013232045674525,0.01764318731945365,0.2761587845480943,4.0,0.8660254037844386,0.0625,3.7244335509056636,0.9800353389620314,0.07565432910090149,3.9999999999999996,0.8660254037844389,0.06250000000000003,1.1102230246251565e-16,0.09844213190676696,0.13586261599999966,0.23916052289688314,0.2706453680219342,0.23916052289688322
structured,6,4,5,0.23013232045674525,0.01764318731945365,0.2761587845480943,4.0,0.8660254037844386,0.0625,3.6751622691364014,1.0,0.0782827219605054,4.000000000000001,0.8660254037844384,0.06249999999999997,1.1102230246251565e-16,0.12955796143149884,0.12380939999999992,0.23916052289688314,0.2761587845480943,0.23916052289688308
structured,6,4,6,0.23013232045674525,0.01764318731945365,0.2761587845480943,3.0,1.0,0.125,2.7881069809073105,1.0,0.14477586473712528,3.0,1.0,0.125,0.0,0.12243465351132574,0.18883710243999974,0.2761587845480943,0.2761587845480943,0.2761587845480943
structured,6,4,7,0.23013232045674525,0.01764318731945365,0.2761587845480943,4.0,0.8660254037844386,0.0625,3.825396935876577,0.937365366295325,0.07054086437062304,3.9999999999999987,0.8660254037844392,0.06250000000000006,2.220446049250313e-16,0.10635231958432484,0.16537005700639987,0.23916052289688314,0.2588616802335961,0.23916052289688328
structured,6,4,8,0.23013232045674525,0.01764318731945365,0.2761587845480943,3.0,1.0,0.125,2.5848840289634993,1.0,0.1666757323261452,3.0,1.0,0.125,0.0,0.16545104338634647,0.1317854439999998,0.2761587845480943,0.2761587845480943,0.2761587845480943
structured,6,4,9,0.23013232045674525,0.01764318731945365,0.2761587845480943,5.0,0.5,0.03125,4.904524299638295,0.5331123895163715,0.033388051240990965,5.000000000000001,0.4999999999999998,0.031249999999999986,1.1102230246251565e-16,0.03311238951637171,0.11411127999999976,0.13807939227404714,0.14722366951637136,0.13807939227404709
structured,6,4,10,0.23013232045674525,0.01764318731945365,0.2761587845480943,5.0,0.5,0.03125,5.077033905144144,0.47328885765826173,0.029625146423966395,5.077033905144144,0.4732888576582617,0.02962514642396639,0.02671114234173826,-0.0,0.15741401801279986,0.13807939227404714,0.13070287567106156,0.13070287567106154
structured,6,4,11,0.23013232045674525,0.01764318731945365,0.2761587845480943,5.0,0.5,0.03125,4.690737078051377,0.6078957520058988,0.03872107783167608,5.0,0.5,0.03125,0.0,0.10789575200589878,0.05997999999999995,0.13807939227404714,0.16787575200589877,0.13807939227404714
structured,6,4,12,0.23013232045674525,0.01764318731945365,0.2761587845480943,5.0,0.5,0.03125,4.781403077140921,0.5760214355018357,0.03636254338484972,5.000000000000001,0.49999999999999956,0.031249999999999972,2.220446049250313e-16,0.07602143550183542,0.08305194399999988,0.13807939227404714,0.15907337950183542,0.13807939227404703
structured,6,4,13,0.23013232045674525,0.01764318731945365,0.2761587845480943,5.0,0.5,0.03125,4.812295575119324,0.565221199437467,0.03559218776834555,5.0,0.5,0.03125,0.0,0.06522119943746697,0.09086959999999994,0.13807939227404714,0.15609079943746687,0.13807939227404714
structured,6,4,14,0.23013232045674525,0.01764318731945365,0.2761587845480943,4.0,0.8660254037844386,0.0625,3.751414682600455,0.9685254617036801,0.07425259812302043,4.000000000000001,0.8660254037844382,0.062499999999999944,2.220446049250313e-16,0.09841853538219894,0.14364165999999978,0.23916052289688314,0.26746681430797015,0.239160522896883
structured,6,4,15,0.23013232045674525,0.01764318731945365,0.2761587845480943,3.0,1.0,0.125,2.658507808705892,1.0,0.15838330670780404,3.0,1.0,0.125,0.0,0.15590951707841433,0.15289709399999965,0.2761587845480943,0.2761587845480943,0.2761587845480943
structured,6,4,16,0.23013232045674525,0.01764318731945365,0.2761587845480943,5.0,0.5,0.03125,4.606831110686474,0.6376812899660986,0.041039839223301726,5.000000000000001,0.4999999999999998,0.031249999999999986,1.1102230246251565e-16,0.1376812899660988,0.03841999999999992,0.13807939227404714,0.17610128996609867,0.13807939227404709
structured,6,4,17,0.23013232045674525,0.01764318731945365,0.2761587845480943,4.0,0.8660254037844386,0.0625,3.8670673989041187,0.9200654111825137,0.068532522553403,4.0032059121420875,0.8647429087464064,0.06236126863919973,0.0011110853971621586,0.09043059565650897,0.17519464167839985,0.23916052289688314,0.25408414565690557,0.23880635062599118
structured,6,4,18,0.23013232045674525,0.01764318731945365,0.2761587845480943,4.0,0.8660254037844386,0.0625,3.6260510332039853,1.0,0.08099344526553577,3.9999999999999996,0.8660254037844389,0.06250000000000003,1.1102230246251565e-16,0.13503664384466835,0.10937399999999986,0.23916052289688314,0.2761587845480943,0.23916052289688322
structured,6,4,19,0.23013232045674525,0.01764318731945365,0.2761587845480943,4.0,0.8660254037844386,0.0625,3.705123919216329,0.9883216072756592,0.0766737249629964,3.9999999999999996,0.8660254037844389,0.06250000000000003,1.1102230246251565e-16,0.12955796143149884,0.1326501759999998,0.23916052289688314,0.27293369380786503,0.23916052289688322
structured,6,4,20,0.23013232045674525,0.01764318731945365,0.2761587845480943,4.0,0.8660254037844386,0.0625,3.909959680688418,0.9024410945062494,0.06652499556585234,4.005604800944266,0.8637838761465616,0.06225766154317365,0.001942480886605577,0.06256757878283108,0.18588063999999976,0.23916052289688314,0.24921703578509774,0.23854150534887605
structured,6,4,21,0.23013232045674525,0.01764318731945365,0.2761587845480943,5.999999999999999,1.2904784139758924e-08,0.01562500000000001,6.0,0.0,0.015625,6.0,0.0,0.015625,1.1102230246251565e-16,-0.0,1.1102230246251565e-16,3.563769502891349e-09,0.0,0.0
structured,6,4,22,0.23013232045674525,0.01764318731945365,0.2761587845480943,2.0,1.0,0.25,1.7486956243379943,1.0,0.2975706980669285,2.0,1.0,0.25,0.0,0.20373033960293066,0.19662917859179976,0.2761587845480943,0.2761587845480943,0.2761587845480943
structured,6,4,23,0.23013232045674525,0.01764318731945365,0.2761587845480943,5.0,0.5,0.03125,4.98302087945367,0.5058846494274134,0.03161995490789356,5.000000000000002,0.4999999999999994,0.031249999999999962,3.3306690738754696e-16,0.005884649427413356,0.1338198404799999,0.13807939227404714,0.13970448990741327,0.13807939227404697
structured,6,4,24,0.23013232045674525,0.01764318731945365,0.2761587845480943,4.0,0.8660254037844386,0.0625,3.977802094765787,0.8749316520511735,0.06346908723506224,4.1102328100927465,0.8224588432870995,0.05790240930632211,0.038243273518861885,0.08217187831299903,0.2050614498607997,0.23916052289688314,0.24162006159310823,0.22712923450299696
structured,6,4,25,0.23013232045674525,0.01764318731945365,0.2761587845480943,5.0,0.5,0.03125,4.971991938874594,0.5097074553424816,0.031862605626981746,5.000000000000001,0.49999999999999956,0.031249999999999972,2.220446049250313e-16,0.009707455342481937,0.13105273599999995,0.13807939227404714,0.14076019134248177,0.13807939227404703
structured,6,4,26,0.23013232045674525,0.01764318731945365,0.2761587845480943,3.0,1.0,0.125,2.5914347812675347,1.0,0.16592063419064923,3.0,1.0,0.125,0.0,0.17944417316714828,0.13378415399999977,0.2761587845480943,0.2761587845480943,0.2761587845480943
structured,6,4,27,0.23013232045674525,0.01764318731945365,0.2761587845480943,2.0,1.0,0.25,1.8671250977206726,1.0,0.27411912693651413,2.0211170554952584,1.0,0.2463673439939274,0.007318877987135843,0.18026825187219375,0.22819763355879963,0.2761587845480943,0.2761587845480943,0.2761587845480943
structured,6,4,28,0.23013232045674525,0.01764318731945365,0.2761587845480943,3.0,1.0,0.125,2.7475816990222652,1.0,0.14890027267438516,3.0,1.0,0.125,0.0,0.14382424625760507,0.1776943397599997,0.2761587845480943,0.2761587845480943,0.2761587845480943
structured,6,4,29,0.23013232045674525,0.01764318731945365,0.2761587845480943,5.0,0.5,0.03125,4.622021244765075,0.6322657376096988,0.04060999768469604,5.000000000000002,0.4999999999999994,0.031249999999999962,3.3306690738754696e-16,0.1322657376096988,0.04233999999999988,0.13807939227404714,0.17460573760969875,0.13807939227404697
structured,6,8,0,0.3699459828446824,0.0286198464853665,0.4439351794136189,3.0,1.0,0.125,2.349215083734103,1.0,0.1962527692052468,3.0,1.0,0.125,0.0,0.2931611273932154,0.25343980199999966,0.4439351794136189,0.4439351794136189,0.4439351794136189
structured,6,8,1,0.3699459828446824,0.0286198464853665,0.4439351794136189,5.0,0.5,0.03125,4.821692180320241,0.5619412205765661,0.03536112096144256,5.000000000000002,0.49999999999999933,0.03124999999999996,3.0878077872387166e-16,0.061941220576566196,0.18752425599999964,0.22196758970680944,0.24946547657656587,0.22196758970680913
structured,6,8,2,0.3699459828446824,0.0286198464853665,0.4439351794136189,6.0,0.0,0.015625,6.0,0.0,0.015625,6.0,0.0,0.015625,4.163336342344337e-17,-0.0,4.163336342344337e-17,0.0,0.0,0.0
structured,6,8,3,0.3699459828446824,0.0286198464853665,0.4439351794136189,4.0,0.8660254037844385,0.062499999999999986,3.285158104660054,1.0,0.10258145860382661,4.0,0.8660254037844386,0.0625,1.6653345369377348e-16,0.2655010838566085,0.18531557199999943,0.3844591430057964,0.4439351794136189,0.3844591430057965
structured,6,8,4,0.3699459828446824,0.0286198464853665,0.4439351794136189,6.0,7.450580596923828e-09,0.015625000000000003,6.0,0.0,0.015625,6.0,0.0,0.015625,9.71445146547012e-17,-0.0,9.71445146547012e-17,3.3075748340310072e-09,0.0,0.0
structured,6,8,5,0.3699459828446824,0.0286198464853665,0.4439351794136189,2.0,1.0,0.25,1.5071760408808395,1.0,0.3517991638901145,2.0,1.0,0.25,0.0,0.36158343483792954,0.31845407823999883,0.4439351794136189,0.4439351794136189,0.4439351794136189
structured,6,8,6,0.3699459828446824,0.0286198464853665,0.4439351794136189,4.999999999999999,0.5000000000000002,0.031250000000000014,4.241496793813699,0.7719243946188835,0.05286670443798311,4.999999999999999,0.5000000000000002,0.031250000000000014,9.540979117872439e-17,0.2719243946188834,0.07075999999999974,0.22196758970680955,0.34268439461888317,0.22196758970680955
structured,6,8,7,0.3699459828446824,0.0286198464853665,0.4439351794136189,5.0,0.5,0.03125,5.002073471488565,0.4992813892942036,0.03120511910597188,5.002073471488565,0.4992813892942037,0.031205119105971884,0.0007186107057965403,-0.0,0.2223671838399996,0.22196758970680944,0.22164857313420316,0.2216485731342032
structured,6,8,8,0.3699459828446824,0.0286198464853665,0.4439351794136189,3.0,1.0,0.12499999999999999,2.776501456677752,1.0,0.1459451874022157,3.0235655203768768,1.0,0.12297478855859464,0.008167554715654939,0.24901339660508076,0.35099061703999923,0.4439351794136189,0.4439351794136189,0.4439351794136189
structured,6,8,9,0.3699459828446824,0.0286198464853665,0.4439351794136189,4.999999999999999,0.5000000000000002,0.031250000000000014,4.661288311080703,0.618314964858651,0.039519587235509676,5.0,0.5,0.03125,1.1102230246251565e-16,0.11831496485865087,0.15617679999999978,0.22196758970680955,0.2744917648586507,0.22196758970680944
structured,6,8,10,0.3699459828446824,0.0286198464853665,0.4439351794136189,4.0,0.8660254037844386,0.0625,3.4056613029643303,1.0,0.09436127333553548,3.9999999999999987,0.8660254037844392,0.06250000000000006,2.3592239273284576e-16,0.2216397334941086,0.2097053259199993,0.3844591430057965,0.4439351794136189,0.3844591430057967
structured,6,8,11,0.3699459828446824,0.0286198464853665,0.4439351794136189,5.0,0.5,0.03125,4.9637882594556295,0.5125513265511923,0.032044303896836684,5.000000000000001,0.49999999999999956,0.031249999999999972,2.3592239273284576e-16,0.012551326551192211,0.21498823855999966,0.22196758970680944,0.22753956511119192,0.22196758970680924
structured,6,8,12,0.3699459828446824,0.0286198464853665,0.4439351794136189,6.0,0.0,0.015624999999999998,6.0,0.0,0.015625,6.0,0.0,0.015625,5.551115123125783e-17,-0.0,5.551115123125783e-17,0.0,0.0,0.0
structured,6,8,13,0.3699459828446824,0.0286198464853665,0.4439351794136189,4.0,0.8660254037844386,0.0625,3.62853354041823,1.0,0.08085419621183801,4.000000000000001,0.8660254037844382,0.062499999999999944,2.220446049250313e-16,0.22786478305387892,0.26587476287999945,0.3844591430057965,0.4439351794136189,0.38445914300579626
structured,6,8,14,0.3699459828446824,0.0286198464853665,0.4439351794136189,4.999999999999999,0.5000000000000002,0.031250000000000014,4.388832489813033,0.7167617609394974,0.04773421387156808,5.000000000000001,0.49999999999999956,0.031249999999999972,3.0531133177191805e-16,0.2167617609394975,0.10143399999999977,0.22196758970680955,0.3181957609394972,0.22196758970680924
structured,6,8,15,0.3699459828446824,0.0286198464853665,0.4439351794136189,5.0,0.5000000000000001,0.03125000000000001,4.672308823559472,0.6144116357508839,0.0392188536341298,4.999999999999999,0.5000000000000004,0.03125000000000003,1.8041124150158794e-16,0.11441163575088413,0.1583473039999997,0.2219675897068095,0.27275893975088367,0.22196758970680963
structured,6,8,16,0.3699459828446824,0.0286198464853665,0.4439351794136189,4.0,0.8660254037844386,0.0625,3.6153730793681906,1.0,0.08159513355177407,4.0,0.8660254037844386,0.0625,0.0,0.2081260770727567,0.26059307930079945,0.3844591430057965,0.4439351794136189,0.3844591430057965
structured,6,8,17,0.3699459828446824,0.0286198464853665,0.4439351794136189,4.0,0.8660254037844386,0.0625,3.4893180063786473,1.0,0.08904522090807511,4.0,0.8660254037844386,0.0625,0.0,0.1908547093392752,0.22979933999999913,0.3844591430057965,0.4439351794136189,0.3844591430057965
structured,6,8,18,0.3699459828446824,0.0286198464853665,0.4439351794136189,5.0,0.49999999999999994,0.031249999999999997,4.686666497279719,0.6093338536372399,0.038830484074275584,4.999999999999998,0.5000000000000007,0.03125000000000004,3.7470027081099033e-16,0.10933385363724027,0.16117087999999974,0.2219675897068094,0.27050473363723987,0.22196758970680974
structured,6,8,19,0.3699459828446824,0.0286198464853665,0.4439351794136189,4.999999999999999,0.5000000000000002,0.031250000000000014,4.690577423438545,0.6079521442185616,0.03872536310374667,5.000000000000001,0.4999999999999998,0.031249999999999986,1.8041124150158794e-16,0.10795214421856186,0.16193919999999978,0.22196758970680955,0.2698913442185614,0.22196758970680933
structured,6,8,20,0.3699459828446824,0.0286198464853665,0.4439351794136189,5.0,0.5,0.03125,4.337624635700325,0.7357602654463273,0.049458948013103125,5.000000000000001,0.49999999999999956,0.031249999999999972,2.220446049250313e-16,0.2357602654463276,0.09086959999999966,0.22196758970680944,0.32662986544632716,0.22196758970680924
structured,6,8,21,0.3699459828446824,0.0286198464853665,0.4439351794136189,5.0,0.5,0.03125,5.04035704043359,0.4860114520372145,0.030387945719457604,5.04035704043359,0.4860114520372145,0.030387945719457604,0.013988547962785473,-0.0,0.22974612911999975,0.22196758970680944,0.21575758115721425,0.21575758115721425
structured,6,8,22,0.3699459828446824,0.0286198464853665,0.4439351794136189,6.0,0.0,0.015625,6.0,0.0,0.015625,6.0,0.0,0.015625,1.8388068845354155e-16,-0.0,1.8388068845354155e-16,0.0,0.0,0.0
structured,6,8,23,0.3699459828446824,0.0286198464853665,0.4439351794136189,5.0,0.49999999999999994,0.031249999999999997,4.997287355630895,0.5009401314513277,0.03130881345615459,4.999999999999999,0.5000000000000004,0.03125000000000003,2.411265631607762e-16,0.0009401314513276093,0.2214448156799993,0.2219675897068094,0.22238494713132698,0.22196758970680963
structured,6,8,24,0.3699459828446824,0.0286198464853665,0.4439351794136189,4.0,0.8660254037844386,0.0625,3.7147474422256557,0.9841867591531523,0.07616397355577408,3.9999999999999987,0.8660254037844392,0.06250000000000006,2.3592239273284576e-16,0.17146848025067296,0.2804723920799993,0.3844591430057965,0.4369151255011628,0.3844591430057967
structured,6,8,25,0.3699459828446824,0.0286198464853665,0.4439351794136189,4.0,0.8660254037844386,0.0625,3.6848455670221454,0.9970681147162102,0.07775905158648361,4.0,0.8660254037844386,0.0625,0.0,0.15841908073579608,0.2736627287999993,0.3844591430057965,0.44263361239413945,0.3844591430057965
structured,6,8,26,0.3699459828446824,0.0286198464853665,0.4439351794136189,3.0,1.0,0.125,2.217353008431188,1.0,0.21503553485841992,3.0,1.0,0.125,0.0,0.3325665718944444,0.22123788399999939,0.4439351794136189,0.4439351794136189,0.4439351794136189
structured,6,8,27,0.3699459828446824,0.0286198464853665,0.4439351794136189,6.0,0.0,0.015625,6.0,0.0,0.015625,6.0,0.0,0.015625,0.0,-0.0,0.0,0.0,0.0,0.0
structured,6,8,28,0.3699459828446824,0.0286198464853665,0.4439351794136189,4.0,0.8660254037844386,0.0625,3.8023521663042144,0.9470095279566311,0.07167669037754007,3.9999999999999996,0.8660254037844389,0.06250000000000003,1.1102230246251565e-16,0.10875837166436106,0.2966586846975993,0.3844591430057965,0.42041084469983353,0.38445914300579664
structured,6,8,29,0.3699459828446824,0.0286198464853665,0.4439351794136189,6.0,0.0,0.015625,6.0,0.0,0.015625,6.0,0.0,0.015625,4.163336342344337e-17,-0.0,3.122502256758253e-17,0.0,0.0,0.0
structured,6,16,0,0.5780109520324654,0.03825025008761151,0.6936131424389586,4.999999999999999,0.5000000000000002,0.031250000000000014,3.721878193184862,0.9811295510288359,0.07578844974387783,4.999999999999999,0.5000000000000004,0.03125000000000003,1.3183898417423734e-16,0.48112955102883737,0.1993947999999992,0.34680657121947944,0.6805243510288355,0.3468065712194796
structured,6,16,1,0.5780109520324654,0.03825025008761151,0.6936131424389586,3.9999999999999996,0.8660254037844388,0.06250000000000001,3.6618073778538953,1.0,0.07901074210763293,3.9999999999999996,0.8660254037844389,0.06250000000000003,9.71445146547012e-17,0.12182917374967317,0.4828829991247985,0.6006866017508925,0.6936131424389586,0.6006866017508926
structured,6,16,2,0.5780109520324654,0.03825025008761151,0.6936131424389586,4.0,0.8660254037844386,0.0625,3.2445937689121895,1.0,0.1055066786865569,4.0,0.8660254037844386,0.0625,8.326672684688674e-17,0.2875625721369839,0.432104463999998,0.6006866017508924,0.6936131424389586,0.6006866017508924
structured,6,16,3,0.5780109520324654,0.03825025008761151,0.6936131424389586,4.0,0.8660254037844386,0.0625,3.158850174736321,1.0,0.11196733607283053,3.9999999999999996,0.8660254037844389,0.06250000000000003,1.5959455978986625e-16,0.32516752716579,0.4205827999999979,0.6006866017508924,0.6936131424389586,0.6006866017508926
structured,6,16,4,0.5780109520324654,0.03825025008761151,0.6936131424389586,5.0,0.5,0.03125,4.500764623640052,0.675819588504209,0.04417075726287489,5.0,0.5000000000000001,0.03125000000000001,2.0296264668928643e-16,0.1758195885042087,0.2929377599999994,0.3468065712194793,0.46875734850420825,0.34680657121947933
structured,6,16,5,0.5780109520324654,0.03825025008761151,0.6936131424389586,5.0,0.5000000000000001,0.03125000000000001,3.2506365636391545,1.0,0.10506568330557774,5.0,0.5,0.03125,2.1684043449710089e-16,0.6962654107217359,0.13347999999999877,0.34680657121947933,0.6936131424389586,0.3468065712194793
structured,6,16,6,0.5780109520324654,0.03825025008761151,0.6936131424389586,6.0,0.0,0.015625,6.0,0.0,0.015625,6.0,0.0,0.015625,1.5612511283791264e-16,-0.0,1.5612511283791264e-16,0.0,0.0,0.0
structured,6,16,7,0.5780109520324654,0.03825025008761151,0.6936131424389586,4.0,0.8660254037844386,0.0625,3.7236034616776976,0.9803907071019443,0.07569787116074064,4.000000000000001,0.8660254037844384,0.06249999999999997,1.5265566588595902e-16,0.13588479463805248,0.4909839615999985,0.6006866017508924,0.6800118791709322,0.6006866017508923
structured,6,16,8,0.5780109520324654,0.03825025008761151,0.6936131424389586,3.0,1.0,0.12499999999999999,2.374843097206682,1.0,0.1927973200416792,2.9999999999999996,1.0,0.12500000000000006,1.5265566588595902e-16,0.3764083490314322,0.5390381933999977,0.6936131424389586,0.6936131424389586,0.6936131424389586
structured,6,16,9,0.5780109520324654,0.03825025008761151,0.6936131424389586,4.0,0.8660254037844386,0.0625,3.746036951441194,0.9708132308769294,0.07452989557785639,4.0,0.8660254037844386,0.0625,1.249000902703301e-16,0.08989735018948491,0.4926664902015982,0.6006866017508924,0.6733688157898652,0.6006866017508924
structured,6,16,10,0.5780109520324654,0.03825025008761151,0.6936131424389586,4.0,0.8660254037844386,0.0625,3.211554979004529,1.0,0.10795073871636833,4.0,0.8660254037844385,0.062499999999999986,1.1102230246251565e-16,0.2955423661120339,0.42965955999999805,0.6006866017508924,0.6936131424389586,0.6006866017508923
structured,6,16,11,0.5780109520324654,0.03825025008761151,0.6936131424389586,4.999999999999999,0.5000000000000002,0.031250000000000014,4.707178297935301,0.6020938152128406,0.038282310144847134,4.999999999999999,0.5000000000000004,0.03125000000000003,2.237793284010081e-16,0.10209381521284079,0.31552636799999945,0.34680657121947944,0.41762018321283995,0.3468065712194796
structured,6,16,12,0.5780109520324654,0.03825025008761151,0.6936131424389586,4.999999999999999,0.5000000000000002,0.031250000000000014,4.119527226259632,0.8188340779271766,0.05753057794842809,5.000000000000002,0.49999999999999944,0.031249999999999965,3.5041414214731503e-16,0.31883407792717783,0.24911999999999923,0.34680657121947944,0.567954077927176,0.3468065712194789
structured,6,16,13,0.5780109520324654,0.03825025008761151,0.6936131424389586,5.0,0.5000000000000001,0.03125000000000001,4.509246196548337,0.6727476812837354,0.04391184016704015,5.0,0.4999999999999999,0.031249999999999993,1.942890293094024e-16,0.17274768128373538,0.29387895199999936,0.34680657121947933,0.46662663328373466,0.3468065712194792
structured,6,16,14,0.5780109520324654,0.03825025008761151,0.6936131424389586,4.0,0.8660254037844386,0.0625,2.8299965460542484,1.0,0.14063264727330074,4.0,0.8660254037844386,0.0625,4.163336342344337e-17,0.5045136610948917,0.3809838599535986,0.6006866017508924,0.6936131424389586,0.6006866017508924
structured,6,16,15,0.5780109520324654,0.03825025008761151,0.6936131424389586,6.0,0.0,0.015625,6.0,0.0,0.015625,5.999999999999999,1.0536712127723509e-08,0.015625000000000007,3.0010716134398763e-16,-0.0,2.5847379792054426e-16,0.0,0.0,7.308402009884988e-09
structured,6,16,16,0.5780109520324654,0.03825025008761151,0.6936131424389586,3.0,1.0,0.125,2.0504813918923577,1.0,0.2414035183673652,3.0,1.0,0.125,6.938893903907228e-17,0.5315973747432848,0.49716922598985364,0.6936131424389586,0.6936131424389586,0.6936131424389586
structured,6,16,17,0.5780109520324654,0.03825025008761151,0.6936131424389586,4.0,0.8660254037844386,0.0625,3.1895171617504303,1.0,0.10961239388000218,3.9999999999999996,0.8660254037844389,0.06250000000000003,2.3592239273284576e-16,0.40276457091471496,0.43193155430057417,0.6006866017508924,0.6936131424389586,0.6006866017508926
structured,6,16,18,0.5780109520324654,0.03825025008761151,0.6936131424389586,3.0,1.0,0.125,2.502767382225408,1.0,0.17643792669370048,3.0,1.0,0.125,1.249000902703301e-16,0.3275341900051538,0.5546885444799978,0.6936131424389586,0.6936131424389586,0.6936131424389586
structured,6,16,19,0.5780109520324654,0.03825025008761151,0.6936131424389586,5.0,0.5,0.03125,4.672394121430832,0.6143814440947354,0.03921653492799578,5.0,0.5,0.03125,6.245004513516506e-17,0.11438144409473502,0.3117615999999994,0.3468065712194793,0.42614304409473475,0.3468065712194793
structured,6,16,20,0.5780109520324654,0.03825025008761151,0.6936131424389586,6.0,0.0,0.015625,6.0,0.0,0.015625,6.0,0.0,0.015625,2.2724877535296173e-16,-0.0,2.2724877535296173e-16,0.0,0.0,0.0
structured,6,16,21,0.5780109520324654,0.03825025008761151,0.6936131424389586,4.0,0.8660254037844386,0.0625,3.4207496297681925,1.0,0.09337954506906686,3.9999999999999996,0.8660254037844389,0.06250000000000003,1.457167719820518e-16,0.21782321784538156,0.45515719999999826,0.6006866017508924,0.6936131424389586,0.6006866017508926
structured,6,16,22,0.5780109520324654,0.03825025008761151,0.6936131424389586,5.0,0.5,0.03125,4.803473242571576,0.5683028357876307,0.03581050707276642,4.999999999999999,0.5000000000000002,0.031250000000000014,1.682681771697503e-16,0.06830283578762969,0.32587947999999956,0.3468065712194793,0.39418231578763,0.34680657121947944
structured,6,16,23,0.5780109520324654,0.03825025008761151,0.6936131424389586,6.0,7.450580596923828e-09,0.015625000000000003,6.0,0.0,0.015625,5.999999999999999,1.0536712127723509e-08,0.015625000000000007,3.2959746043559335e-16,-0.0,3.0531133177191805e-16,5.167820620827068e-09,0.0,7.308402009884988e-09
structured,6,16,24,0.5780109520324654,0.03825025008761151,0.6936131424389586,5.0,0.5,0.03125,4.050476202892737,0.8459418103740414,0.060351096658681914,5.0000000000000036,0.4999999999999989,0.03124999999999993,5.568462357885551e-16,0.34594181037404104,0.2408145470399991,0.3468065712194793,0.5867563574140404,0.3468065712194785
structured,6,16,25,0.5780109520324654,0.03825025008761151,0.6936131424389586,6.0,0.0,0.015625,6.0,0.0,0.015625,5.999999999999999,1.0536712127723509e-08,0.015625000000000007,2.3592239273284576e-16,-0.0,2.3592239273284576e-16,0.0,0.0,7.308402009884988e-09
structured,6,16,26,0.5780109520324654,0.03825025008761151,0.6936131424389586,4.0,0.8660254037844386,0.0625,2.5939599915435574,1.0,0.16563047028955516,4.0,0.8660254037844386,0.0625,1.457167719820518e-16,0.5779182978963233,0.34382880799999815,0.6006866017508924,0.6936131424389586,0.6006866017508924
structured,6,16,27,0.5780109520324654,0.03825025008761151,0.6936131424389586,5.0,0.5,0.03125,4.838685227239457,0.5560152069057365,0.03494705689440181,5.000000000000001,0.49999999999999956,0.031249999999999972,2.3765711620882257e-16,0.056015206905735734,0.3296442479999993,0.3468065712194793,0.3856594549057356,0.34680657121947894
structured,6,16,28,0.5780109520324654,0.03825025008761151,0.6936131424389586,4.0,0.8660254037844386,0.0625,3.3556747580904287,1.0,0.09768800537331483,4.0,0.8660254037844386,0.0625,9.020562075079397e-17,0.24070731250124805,0.446460299759998,0.6006866017508924,0.6936131424389586,0.6006866017508924
structured,6,16,29,0.5780109520324654,0.03825025008761151,0.6936131424389586,5.0,0.5000000000000001,0.03125000000000001,4.605323304478567,0.6382194441256106,0.041082753678750215,4.999999999999999,0.5000000000000004,0.03125000000000003,2.237793284010081e-16,0.13821944412561116,0.30445795007999943,0.34680657121947933,0.4426773942056101,0.3468065712194796
structured,7,2,0,0.16741541277277083,0.0114826988035941,0.20089849532732498,5.0,0.8660254037844386,0.031249999999999997,4.718477108192481,0.9825870194789621,0.0379836640890172,5.0,0.8660254037844386,0.03125,1.1102230246251565e-16,0.10090967295640879,0.07003679999999975,0.17398320053553276,0.19740025374148445,0.17398320053553276
structured,7,2,1,0.16741541277277083,0.0114826988035941,0.20089849532732498,5.0,0.8660254037844386,0.031249999999999997,4.693978896955123,0.9931230259587392,0.03863416702154508,5.0,0.8660254037844386,0.03125,5.551115123125783e-17,0.10963289517441137,0.06306606000000006,0.17398320053553276,0.19951692159003062,0.17398320053553276
structured,7,2,2,0.16741541277277083,0.0114826988035941,0.20089849532732498,5.0,0.8660254037844386,0.03125,4.719111805449598,0.9823149357915951,0.03796695728372643,5.000000000000001,0.8660254037844384,0.031249999999999986,1.1102230246251565e-16,0.10040685823556232,0.07043859999999984,0.17398320053553276,0.1973455925380893,0.17398320053553273
structured,7,2,3,0.16741541277277083,0.0114826988035941,0.20089849532732498,6.0,0.4999999999999999,0.015624999999999997,5.731394665082833,0.5935666460724399,0.01882254260405266,5.999999999999999,0.5000000000000003,0.01562500000000001,1.6653345369377348e-16,0.09356664607244009,0.025679999999999953,0.10044924766366246,0.11924664607244004,0.10044924766366256
structured,7,2,4,0.16741541277277083,0.0114826988035941,0.20089849532732498,3.0,1.0,0.125,2.8335104945094947,1.0,0.14029052747668694,3.0000000000000004,1.0,0.12499999999999994,1.1102230246251565e-16,0.1338004361828531,0.1421925605699998,0.20089849532732498,0.20089849532732498,0.20089849532732498
structured,7,2,5,0.16741541277277083,0.0114826988035941,0.20089849532732498,7.0,0.0,0.007812499999999999,7.0,0.0,0.0078125,7.0,0.0,0.0078125,1.1102230246251565e-16,-0.0,1.1102230246251565e-16,0.0,0.0,0.0
structured,7,2,6,0.16741541277277083,0.0114826988035941,0.20089849532732498,3.0,1.0,0.125,2.782943557752525,1.0,0.14529494767152845,3.0,1.0,0.125,0.0,0.15840653768934443,0.12774937812853585,0.20089849532732498,0.20089849532732498,0.20089849532732498
structured,7,2,7,0.16741541277277083,0.0114826988035941,0.20089849532732498,5.0,0.8660254037844385,0.031249999999999993,4.821495322287766,0.9389942938585012,0.03536594637183829,4.999999999999999,0.8660254037844392,0.03125000000000003,2.7755575615628914e-16,0.08007649502533923,0.10117841287999987,0.17398320053553273,0.18864254075711692,0.17398320053553287
structured,7,2,8,0.16741541277277083,0.0114826988035941,0.20089849532732498,3.0,1.0,0.125,2.7806096619693528,1.0,0.14553018636949053,3.0,1.0,0.125,0.0,0.14017316514184305,0.1263039317999999,0.20089849532732498,0.20089849532732498,0.20089849532732498
structured,7,2,9,0.16741541277277083,0.0114826988035941,0.20089849532732498,2.0,1.0,0.25,1.790793635514625,1.0,0.28901301438151195,2.0,1.0,0.25,0.0,0.16561475666639824,0.13587745934605588,0.20089849532732498,0.20089849532732498,0.20089849532732498
structured,7,2,10,0.16741541277277083,0.0114826988035941,0.20089849532732498,3.0,1.0,0.125,2.803480935432436,1.0,0.14324126448580968,3.0,1.0,0.125,0.0,0.1281052463810717,0.13298851277999982,0.20089849532732498,0.20089849532732498,0.20089849532732498
structured,7,2,11,0.16741541277277083,0.0114826988035941,0.20089849532732498,4.0,1.0,0.062499999999999986,3.733946108624244,1.0,0.07515713547257928,4.0,1.0,0.0625,1.1102230246251565e-16,0.12708056598778453,0.10003138599999975,0.20089849532732498,0.20089849532732498,0.20089849532732498
structured,7,2,12,0.16741541277277083,0.0114826988035941,0.20089849532732498,3.999999999999999,1.0,0.06250000000000004,3.789666670544284,1.0,0.07230971646187478,3.999999999999999,1.0,0.06250000000000004,0.0,0.11998151175907384,0.11703404299999978,0.20089849532732498,0.20089849532732498,0.20089849532732498
structured,7,2,13,0.16741541277277083,0.0114826988035941,0.20089849532732498,4.0,1.0,0.0625,3.810839426152917,1.0,0.07125626001703829,4.0,1.0,0.0625,0.0,0.11391240317694622,0.1236027771999999,0.20089849532732498,0.20089849532732498,0.20089849532732498
structured,7,2,14,0.16741541277277083,0.0114826988035941,0.20089849532732498,4.0,1.0,0.0625,3.6719262452587786,1.0,0.07845851037850797,4.000000000000001,1.0,0.06249999999999997,1.1102230246251565e-16,0.12347501652610485,0.08071431200000001,0.20089849532732498,0.20089849532732498,0.20089849532732498
structured,7,2,15,0.16741541277277083,0.0114826988035941,0.20089849532732498,4.999999999999999,0.8660254037844389,0.031250000000000014,4.815030609194512,0.9416967951594041,0.035524776687921644,5.0,0.8660254037844386,0.03125,9.71445146547012e-17,0.07208051458651211,0.09882959199999988,0.17398320053553284,0.18918546920208845,0.17398320053553276
structured,7,2,16,0.16741541277277083,0.0114826988035941,0.20089849532732498,5.0,0.8660254037844386,0.03125,4.820347899738755,0.939473644190633,0.035394085254025875,5.000000000000001,0.8660254037844382,0.031249999999999972,2.220446049250313e-16,0.0862083818649305,0.10114650799999989,0.17398320053553276,0.18873884151757686,0.17398320053553268
structured,7,2,17,0.16741541277277083,0.0114826988035941,0.20089849532732498,3.0,1.0,0.125,2.776990270030723,1.0,0.14589574668878727,2.9999999999999996,1.0,0.12500000000000006,1.1102230246251565e-16,0.14303644724883546,0.1252924973199998,0.20089849532732498,0.20089849532732498,0.20089849532732498
structured,7,2,18,0.16741541277277083,0.0114826988035941,0.20089849532732498,3.0,1.0,0.125,2.7351850146192485,1.0,0.1501852448453319,3.0000000000000004,1.0,0.12499999999999994,1.1102230246251565e-16,0.1538512975618727,0.11274761727999984,0.20089849532732498,0.20089849532732498,0.20089849532732498
structured,7,2,19,0.16741541277277083,0.0114826988035941,0.20089849532732498,3.0,1.0,0.125,2.7573035891399558,1.0,0.14790025150493363,3.0000000000000004,1.0,0.12499999999999994,1.1102230246251565e-16,0.14933794943667406,0.1194807082599999,0.20089849532732498,0.20089849532732498,0.20089849532732498
structured,7,2,20,0.16741541277277083,0.0114826988035941,0.20089849532732498,3.0,1.0,0.125,2.7877236186648435,1.0,0.14481434062659773,3.0,1.0,0.125,0.0,0.1487055751308427,0.12891267109691196,0.20089849532732498,0.20089849532732498,0.20089849532732498
structured,7,2,21,0.16741541277277083,0.0114826988035941,0.20089849532732498,5.999999999999999,0.5000000000000003,0.01562500000000001,5.696586296761462,0.6058304197516226,0.019282203046763348,5.999999999999997,0.5000000000000009,0.015625000000000028,3.3306690738754696e-16,0.10583041975162269,0.015880000000000172,0.10044924766366256,0.12171041975162268,0.10044924766366267
structured,7,2,22,0.16741541277277083,0.0114826988035941,0.20089849532732498,5.0,0.8660254037844386,0.031249999999999997,4.826305714406905,0.9369861766639578,0.03524822172685442,4.999999999999999,0.8660254037844392,0.03125000000000003,2.7755575615628914e-16,0.08743475923284882,0.10302869599999985,0.17398320053553276,0.18823911303429222,0.17398320053553287
structured,7,2,23,0.16741541277277083,0.0114826988035941,0.20089849532732498,6.0,0.4999999999999999,0.015624999999999997,5.823633493926381,0.5612638662014728,0.017656785234482025,5.999999999999997,0.5000000000000008,0.015625000000000024,4.440892098500626e-16,0.061263866201473054,0.05149319999999986,0.10044924766366246,0.11275706620147294,0.10044924766366264
structured,7,2,24,0.16741541277277083,0.0114826988035941,0.20089849532732498,4.0,1.0,0.06249999999999999,3.6783066787459213,1.0,0.07811228754361439,4.0,1.0,0.0625,5.551115123125783e-17,0.1199430497065002,0.08266421799999975,0.20089849532732498,0.20089849532732498,0.20089849532732498
structured,7,2,25,0.16741541277277083,0.0114826988035941,0.20089849532732498,3.0,1.0,0.125,2.7560434810587715,1.0,0.1480294899872327,3.0000000000000004,1.0,0.12499999999999994,1.1102230246251565e-16,0.15456252755535219,0.11940386841999993,0.20089849532732498,0.20089849532732498,0.20089849532732498
structured,7,2,26,0.16741541277277083,0.0114826988035941,0.20089849532732498,2.9999999999999996,1.0,0.12500000000000003,2.7390859565834518,1.0,0.14977970344244732,3.0,1.0,0.125,1.1796119636642288e-16,0.1424182104881792,0.11389167813919987,0.20089849532732498,0.20089849532732498,0.20089849532732498
structured,7,2,27,0.16741541277277083,0.0114826988035941,0.20089849532732498,2.0,1.0,0.25,1.7888986384470869,1.0,0.28939288583601347,2.0,1.0,0.25,0.0,0.1754319576691537,0.1350387793863999,0.20089849532732498,0.20089849532732498,0.20089849532732498
structured,7,2,28,0.16741541277277083,0.0114826988035941,0.20089849532732498,2.0,1.0,0.25,1.7729810342389376,1.0,0.2926035069277363,2.0,1.0,0.25,0.0,0.1697374096222181,0.13032358423742796,0.20089849532732498,0.20089849532732498,0.20089849532732498
structured,7,2,29,0.16741541277277083,0.0114826988035941,0.20089849532732498,6.0,0.5000000000000001,0.015625000000000003,5.815410677504202,0.564133589242402,0.017757709578484847,6.0,0.4999999999999999,0.015624999999999997,1.6653345369377348e-16,0.06413358924240173,0.04919999999999996,0.10044924766366252,0.11333358924240176,0.10044924766366246
structured,7,4,0,0.25624499664115397,0.01970636929472549,0.30749399596938476,1.0,1.0,0.5,0.7182570320063784,1.0,0.6078313400984966,1.0,1.0,0.5,0.0,0.320578230747956,0.23443868229745554,0.30749399596938476,0.30749399596938476,0.30749399596938476
structured,7,4,1,0.25624499664115397,0.01970636929472549,0.30749399596938476,5.999999999999999,0.5000000000000002,0.015625000000000007,5.7590248147236816,0.5838626634955862,0.018465487807005007,6.0,0.5,0.015625,8.326672684688674e-17,0.08386266349558634,0.0956715999999997,0.15374699798469244,0.17953426349558604,0.15374699798469238
structured,7,4,2,0.25624499664115397,0.01970636929472549,0.30749399596938476,4.0,1.0,0.0625,3.598017765720137,1.0,0.08258263340345802,4.000000000000001,1.0,0.062499999999999944,2.3592239273284576e-16,0.17152652278754008,0.1679336553999996,0.30749399596938476,0.30749399596938476,0.30749399596938476
structured,7,4,3,0.25624499664115397,0.01970636929472549,0.30749399596938476,5.999999999999998,0.5000000000000007,0.01562500000000002,5.633327578741333,0.6282417733099775,0.020146491429114538,6.000000000000003,0.499999999999999,0.015624999999999969,7.771561172376096e-16,0.1282417733099774,0.0649388,0.15374699798469257,0.19318057330997737,0.15374699798469207
structured,7,4,4,0.25624499664115397,0.01970636929472549,0.30749399596938476,5.0,0.8660254037844386,0.03125,4.839610279637473,0.93144457462867,0.034924656112662,5.0,0.8660254037844386,0.03125,2.0816681711721685e-17,0.08441740236826617,0.1931591887487995,0.266297612020677,0.2864136142765736,0.266297612020677
structured,7,4,5,0.25624499664115397,0.01970636929472549,0.30749399596938476,4.999999999999999,0.866025403784439,0.03125000000000002,4.547281020572506,1.0,0.04276928737731796,5.000000000000001,0.8660254037844382,0.031249999999999972,3.3306690738754696e-16,0.1641587167697873,0.11693959999999973,0.2662976120206771,0.30749399596938476,0.2662976120206768
structured,7,4,6,0.25624499664115397,0.01970636929472549,0.30749399596938476,7.0,0.0,0.0078125,7.0,0.0,0.0078125,7.0,0.0,0.0078125,0.0,-0.0,0.0,0.0,0.0,0.0
structured,7,4,7,0.25624499664115397,0.01970636929472549,0.30749399596938476,5.0,0.8660254037844386,0.03125,4.52212306035542,1.0,0.04352164626234957,5.000000000000001,0.8660254037844384,0.031249999999999986,1.1102230246251565e-16,0.1742677006042297,0.10993906799999983,0.266297612020677,0.30749399596938476,0.2662976120206769
structured,7,4,8,0.25624499664115397,0.01970636929472549,0.30749399596938476,3.0,1.0,0.125,2.7575409825808244,1.0,0.14787591672864503,3.0,1.0,0.125,0.0,0.2422191395729443,0.2315421780750636,0.30749399596938476,0.30749399596938476,0.30749399596938476
structured,7,4,9,0.25624499664115397,0.01970636929472549,0.30749399596938476,5.999999999999999,0.5000000000000002,0.015625000000000007,5.766935615071758,0.5810889691321862,0.01836451218897209,6.000000000000002,0.4999999999999994,0.015624999999999981,4.163336342344337e-16,0.0810889691321866,0.09759240000000007,0.15374699798469244,0.1786813691321864,0.15374699798469219
structured,7,4,10,0.25624499664115397,0.01970636929472549,0.30749399596938476,4.0,1.0,0.0625,3.6739600172185733,1.0,0.07834798507977012,4.000000000000001,1.0,0.06249999999999997,1.1102230246251565e-16,0.1823654297664146,0.19007124387999977,0.30749399596938476,0.30749399596938476,0.30749399596938476
structured,7,4,11,0.25624499664115397,0.01970636929472549,0.30749399596938476,4.0,1.0,0.062499999999999986,3.619091832514515,1.0,0.08138508124210518,4.0,1.0,0.0625,5.551115123125783e-17,0.20287905344233578,0.17497467511999965,0.30749399596938476,0.30749399596938476,0.30749399596938476
structured,7,4,12,0.25624499664115397,0.01970636929472549,0.30749399596938476,4.0,1.0,0.0625,3.4351925006175805,1.0,0.09244938286736298,4.000000000000001,1.0,0.062499999999999944,2.220446049250313e-16,0.22403372111439462,0.12219996599999983,0.30749399596938476,0.30749399596938476,0.30749399596938476
structured,7,4,13,0.25624499664115397,0.01970636929472549,0.30749399596938476,4.0,1.0,0.0625,3.646400666535058,1.0,0.07985902860055796,4.000000000000001,1.0,0.06249999999999997,1.1102230246251565e-16,0.18852069416093328,0.18191564910959968,0.30749399596938476,0.30749399596938476,0.30749399596938476
structured,7,4,14,0.25624499664115397,0.01970636929472549,0.30749399596938476,6.999999999999999,1.0536712127723509e-08,0.007812500000000003,7.0,0.0,0.0078125,7.0,0.0,0.007812499999999999,1.5612511283791264e-16,-0.0,1.457167719820518e-16,3.23997571653278e-09,0.0,0.0
structured,7,4,15,0.25624499664115397,0.01970636929472549,0.30749399596938476,5.0,0.8660254037844385,0.031249999999999993,4.658813700301468,1.0,0.039587432147058225,5.0,0.8660254037844385,0.031249999999999993,0.0,0.15597871694397203,0.14792274295999952,0.2662976120206769,0.30749399596938476,0.2662976120206769
structured,7,4,16,0.25624499664115397,0.01970636929472549,0.30749399596938476,4.0,1.0,0.0625,3.6240361220921384,1.0,0.08110664216614522,4.000000000000001,1.0,0.062499999999999944,2.220446049250313e-16,0.19717417059535303,0.17625984296558372,0.30749399596938476,0.30749399596938476,0.30749399596938476
structured,7,4,17,0.25624499664115397,0.01970636929472549,0.30749399596938476,3.0,1.0,0.125,2.807104197713143,1.0,0.14288197199637453,3.0,1.0,0.125,0.0,0.18876661865581362,0.24314628011075592,0.30749399596938476,0.30749399596938476,0.30749399596938476
structured,7,4,18,0.25624499664115397,0.01970636929472549,0.30749399596938476,6.0,0.5,0.015625,5.910139674674336,0.5311624705909966,0.016629174067635356,6.000000000000003,0.4999999999999991,0.015624999999999972,4.440892098500626e-16,0.03116247059099661,0.13216679999999975,0.15374699798469238,0.16332927059099636,0.1537469979846921
structured,7,4,19,0.25624499664115397,0.01970636929472549,0.30749399596938476,5.0,0.8660254037844386,0.03125,4.531437881712795,1.0,0.043241552111197824,4.999999999999997,0.8660254037844396,0.03125000000000005,3.3306690738754696e-16,0.1710646496745777,0.11215719999999958,0.266297612020677,0.30749399596938476,0.26629761202067725
structured,7,4,20,0.25624499664115397,0.01970636929472549,0.30749399596938476,5.0,0.8660254037844386,0.03125,4.673600784787309,1.0,0.039183748115644595,5.0,0.8660254037844386,0.03125,0.0,0.11572326574874843,0.15048144063999985,0.266297612020677,0.30749399596938476,0.266297612020677
structured,7,4,21,0.25624499664115397,0.01970636929472549,0.30749399596938476,6.0,0.5,0.015625,5.806053483525051,0.567401342187683,0.017873258847387004,5.999999999999995,0.5000000000000018,0.015625000000000056,8.881784197001252e-16,0.06740134218768304,0.1070711638399999,0.15374699798469238,0.1744725060276829,0.15374699798469293
structured,7,4,22,0.25624499664115397,0.01970636929472549,0.30749399596938476,5.0,0.8660254037844386,0.03125,4.708145686140518,0.9870221693464516,0.038256648836917984,5.000000000000001,0.8660254037844384,0.031249999999999986,1.1102230246251565e-16,0.10429786392703379,0.1583935999999995,0.266297612020677,0.3035033909627112,0.2662976120206769
structured,7,4,23,0.25624499664115397,0.01970636929472549,0.30749399596938476,7.0,0.0,0.0078125,7.0,0.0,0.0078125,7.0,0.0,0.0078125,3.642919299551295e-17,-0.0,3.642919299551295e-17,0.0,0.0,0.0
structured,7,4,24,0.25624499664115397,0.01970636929472549,0.30749399596938476,4.0,1.0,0.0625,3.3698230881784577,1.0,0.09673467354846081,4.0,1.0,0.06249999999999999,1.1102230246251565e-16,0.23993244174943834,0.10290258999999982,0.30749399596938476,0.30749399596938476,0.30749399596938476
structured,7,4,25,0.25624499664115397,0.01970636929472549,0.30749399596938476,3.9999999999999996,1.0,0.06250000000000003,3.5940333152629225,1.0,0.08281102623951261,3.999999999999999,1.0,0.06250000000000004,2.7755575615628914e-17,0.2052000976976126,0.16783198420239986,0.30749399596938476,0.30749399596938476,0.30749399596938476
structured,7,4,26,0.25624499664115397,0.01970636929472549,0.30749399596938476,4.999999999999999,0.8660254037844389,0.031250000000000014,4.484398515387905,1.0,0.044674688638150446,4.999999999999998,0.8660254037844394,0.03125000000000004,2.636779683484747e-16,0.1893766930737557,0.0994759999999999,0.2662976120206771,0.30749399596938476,0.2662976120206772
structured,7,4,27,0.25624499664115397,0.01970636929472549,0.30749399596938476,4.0,1.0,0.0625,3.542126107467967,1.0,0.08584476048194763,4.0,1.0,0.0625,0.0,0.19779683667693257,0.1528519525343997,0.30749399596938476,0.30749399596938476,0.30749399596938476
structured,7,4,28,0.25624499664115397,0.01970636929472549,0.30749399596938476,4.0,1.0,0.0625,3.5499444095164496,1.0,0.08538080591001665,4.0,1.0,0.0625,0.0,0.17409914412169566,0.15451619511999967,0.30749399596938476,0.30749399596938476,0.30749399596938476
structured,7,4,29,0.25624499664115397,0.01970636929472549,0.30749399596938476,4.0,1.0,0.0625,3.7977641145328995,1.0,0.07190499908131134,4.0,1.0,0.0625,0.0,0.16322682771118388,0.22242550640799974,0.30749399596938476,0.30749399596938476,0.30749399596938476
structured,7,8,0,0.40648326773293497,0.031120293880526624,0.48777992127952197,5.0,0.8660254037844386,0.03125,4.565102802921986,1.0,0.042244203206220264,5.0,0.8660254037844386,0.03125,6.591949208711867e-17,0.25186509861547846,0.2922589539999989,0.4224298032840397,0.48777992127952197,0.4224298032840397
structured,7,8,1,0.40648326773293497,0.031120293880526624,0.48777992127952197,6.0,0.5000000000000001,0.015625000000000003,5.739784720601605,0.5906172221044287,0.0187133969701985,5.999999999999997,0.5000000000000009,0.015625000000000028,3.694961003830599e-16,0.09061722210442832,0.19747399999999965,0.24388996063976104,0.28809122210442817,0.24388996063976143
structured,7,8,2,0.40648326773293497,0.031120293880526624,0.48777992127952197,6.0,0.5000000000000001,0.015625000000000003,5.508228297876819,0.6731161356682213,0.021971416628028727,6.000000000000004,0.49999999999999856,0.015624999999999955,7.494005416219807e-16,0.1731161356682217,0.15521639999999953,0.24388996063976104,0.328332535668221,0.2438899606397603
structured,7,8,3,0.40648326773293497,0.031120293880526624,0.48777992127952197,6.000000000000001,0.49999999999999983,0.015624999999999995,5.299586587874525,0.7499901233072108,0.025390162033073916,6.000000000000004,0.4999999999999984,0.01562499999999995,6.106226635438361e-16,0.24999012330721107,0.1158399999999992,0.2438899606397609,0.36583012330721026,0.2438899606397602
structured,7,8,4,0.40648326773293497,0.031120293880526624,0.48777992127952197,4.999999999999999,0.8660254037844389,0.031250000000000014,4.172293923234855,1.0,0.05546440755009939,5.000000000000001,0.8660254037844382,0.031249999999999972,2.914335439641036e-16,0.3118870159067334,0.2060801491199996,0.42242980328403984,0.48777992127952197,0.42242980328403945
structured,7,8,5,0.40648326773293497,0.031120293880526624,0.48777992127952197,6.0,0.4999999999999999,0.015624999999999997,5.3200097508258795,0.7423371628652996,0.025033264480340697,5.9999999999999964,0.5000000000000013,0.01562500000000004,7.216449660063518e-16,0.24233716286530013,0.1197599999999997,0.24388996063976093,0.3620971628652995,0.24388996063976162
structured,7,8,6,0.40648326773293497,0.031120293880526624,0.48777992127952197,5.0,0.8660254037844386,0.03125,4.841272767463699,0.9307533964838505,0.034884433908319495,5.0,0.8660254037844386,0.03125,0.0,0.06436756778867636,0.3374199816512633,0.4224298032840397,0.45400281846754026,0.4224298032840397
structured,7,8,7,0.40648326773293497,0.031120293880526624,0.48777992127952197,5.0,0.8660254037844386,0.03125,4.652770799860365,1.0,0.03975359659033636,5.000000000000001,0.8660254037844382,0.031249999999999972,2.220446049250313e-16,0.14874145666073738,0.3039621348543993,0.4224298032840397,0.48777992127952197,0.42242980328403945
structured,7,8,8,0.40648326773293497,0.031120293880526624,0.48777992127952197,5.0,0.8660254037844388,0.03125000000000001,4.348045195001307,1.0,0.04910299402855856,4.999999999999997,0.8660254037844397,0.031250000000000056,4.2847669856627135e-16,0.3494786090520442,0.2519741959199995,0.4224298032840398,0.48777992127952197,0.42242980328404023
structured,7,8,9,0.40648326773293497,0.031120293880526624,0.48777992127952197,6.0,0.5000000000000001,0.015625000000000003,5.910519749645146,0.53103050680767,0.01662479372376284,5.9999999999999964,0.5000000000000012,0.015625000000000038,5.447031714567174e-16,0.03103050680767027,0.2279955119999998,0.24388996063976104,0.25902601880766996,0.24388996063976157
structured,7,8,10,0.40648326773293497,0.031120293880526624,0.48777992127952197,6.0,0.5,0.015625,5.466928010607927,0.6881159381343651,0.022609485759829295,5.999999999999999,0.5000000000000004,0.015625000000000014,2.671474153004283e-16,0.1881159381343654,0.14753319999999975,0.24388996063976098,0.33564913813436503,0.2438899606397612
structured,7,8,11,0.40648326773293497,0.031120293880526624,0.48777992127952197,5.0,0.8660254037844386,0.03125,4.46488563226296,1.0,0.0452830319398906,4.999999999999998,0.8660254037844394,0.03125000000000004,3.469446951953614e-16,0.27173983688311965,0.27169198799999933,0.4224298032840397,0.48777992127952197,0.42242980328404006
structured,7,8,12,0.40648326773293497,0.031120293880526624,0.48777992127952197,4.0,1.0,0.06249999999999999,3.4581910309403145,1.0,0.09098729815389885,4.000000000000001,1.0,0.06249999999999997,1.5265566588595902e-16,0.37157491062145775,0.3318683338093752,0.48777992127952197,0.48777992127952197,0.48777992127952197
structured,7,8,13,0.40648326773293497,0.031120293880526624,0.48777992127952197,5.0,0.8660254037844386,0.03125,4.4301848084545625,1.0,0.04638541925443908,5.000000000000001,0.8660254037844384,0.031249999999999986,1.1102230246251565e-16,0.206792246848732,0.2599117999999994,0.4224298032840397,0.48777992127952197,0.42242980328403956
structured,7,8,14,0.40648326773293497,0.031120293880526624,0.48777992127952197,5.0,0.8660254037844386,0.03125,4.674640283206874,1.0,0.039155525398723495,4.999999999999998,0.8660254037844394,0.03125000000000004,3.3306690738754696e-16,0.1656162344351495,0.3117598759999993,0.4224298032840397,0.48777992127952197,0.42242980328404006
structured,7,8,15,0.40648326773293497,0.031120293880526624,0.48777992127952197,2.0,1.0,0.25,1.4190803612476575,1.0,0.37395060914921235,2.0,1.0,0.25,0.0,0.5315487843898559,0.36733883125620514,0.48777992127952197,0.48777992127952197,0.48777992127952197
structured,7,8,16,0.40648326773293497,0.031120293880526624,0.48777992127952197,3.9999999999999996,1.0,0.06250000000000001,3.490543840415366,1.0,0.08896959279597755,4.0,1.0,0.0625,8.326672684688674e-17,0.32651972772631344,0.3365397526399989,0.48777992127952197,0.48777992127952197,0.48777992127952197
structured,7,8,17,0.40648326773293497,0.031120293880526624,0.48777992127952197,5.999999999999999,0.5000000000000003,0.01562500000000001,5.220304949980641,0.7799897282394992,0.026824499254972746,6.0,0.5,0.015625,1.1102230246251565e-16,0.27998972823949875,0.10047359999999972,0.24388996063976115,0.38046332823949863,0.24388996063976098
structured,7,8,18,0.40648326773293497,0.031120293880526624,0.48777992127952197,2.9999999999999996,1.0,0.12500000000000006,2.7989112921924915,1.0,0.14369569123109804,3.053632540939317,1.0,0.12043840889578589,0.01858533481268034,0.3040892171302232,0.4275004493175588,0.48777992127952197,0.48777992127952197,0.48777992127952197
structured,7,8,19,0.40648326773293497,0.031120293880526624,0.48777992127952197,5.0,0.8660254037844385,0.031249999999999993,3.9562060470960048,1.0,0.06442631783876586,5.0,0.8660254037844386,0.03125,4.163336342344337e-17,0.41441706363775876,0.15356219999999932,0.4224298032840396,0.48777992127952197,0.4224298032840397
structured,7,8,20,0.40648326773293497,0.031120293880526624,0.48777992127952197,3.0000000000000004,1.0,0.12499999999999997,2.3940018671156937,1.0,0.19025392638079647,3.0,1.0,0.125,4.163336342344337e-17,0.36844745217930286,0.34419923193999885,0.48777992127952197,0.48777992127952197,0.48777992127952197
structured,7,8,21,0.40648326773293497,0.031120293880526624,0.48777992127952197,5.0,0.8660254037844386,0.03125,4.502731331697269,1.0,0.04411058390912514,5.000000000000001,0.8660254037844384,0.031249999999999986,1.457167719820518e-16,0.20499071590877815,0.27485170399999925,0.4224298032840397,0.48777992127952197,0.42242980328403956
structured,7,8,22,0.40648326773293497,0.031120293880526624,0.48777992127952197,6.0,0.5,0.015625,5.832345812901004,0.5582251486787911,0.017550478644295577,6.000000000000003,0.4999999999999991,0.015624999999999972,4.163336342344337e-16,0.05822514867879079,0.2140658703999992,0.24388996063976098,0.27229101907879016,0.24388996063976054
structured,7,8,23,0.40648326773293497,0.031120293880526624,0.48777992127952197,5.999999999999999,0.5000000000000004,0.015625000000000014,5.910519749645145,0.5310305068076705,0.016624793723762854,5.999999999999996,0.5000000000000014,0.015625000000000045,4.701100619897147e-16,0.03103050680767023,0.2279955119999999,0.2438899606397612,0.2590260188076702,0.24388996063976168
structured,7,8,24,0.40648326773293497,0.031120293880526624,0.48777992127952197,7.000000000000001,0.0,0.007812499999999997,7.0,0.0,0.0078125,7.0,0.0,0.007812499999999999,1.1102230246251565e-16,-0.0,1.1102230246251565e-16,0.0,0.0,0.0
structured,7,8,25,0.40648326773293497,0.031120293880526624,0.48777992127952197,5.0,0.8660254037844386,0.031249999999999997,4.645179498557061,1.0,0.03996332691166565,5.000000000000002,0.866025403784438,0.031249999999999965,2.7755575615628914e-16,0.19749081467570617,0.30470896494399924,0.4224298032840397,0.48777992127952197,0.4224298032840394
structured,7,8,26,0.40648326773293497,0.031120293880526624,0.48777992127952197,5.0,0.8660254037844386,0.03125,4.7104273545493225,0.9860416630713547,0.03819619254101634,5.000000000000002,0.8660254037844379,0.03124999999999996,3.3306690738754696e-16,0.13749160481112938,0.3145388894399992,0.4224298032840397,0.4809713247912743,0.42242980328403934
structured,7,8,27,0.40648326773293497,0.031120293880526624,0.48777992127952197,2.9999999999999996,1.0,0.12500000000000003,2.5954574313251855,1.0,0.16545864396715507,3.0000000000000004,1.0,0.12499999999999994,1.3877787807814457e-16,0.32188206611497655,0.3860431073842789,0.48777992127952197,0.48777992127952197,0.48777992127952197
structured,7,8,28,0.40648326773293497,0.031120293880526624,0.48777992127952197,3.0,1.0,0.125,2.4753254314254907,1.0,0.17982612920884397,3.0000000000000004,1.0,0.12499999999999994,1.1102230246251565e-16,0.40577304583636226,0.3623746161994228,0.48777992127952197,0.48777992127952197,0.48777992127952197
structured,7,8,29,0.40648326773293497,0.031120293880526624,0.48777992127952197,7.0,0.0,0.0078125,7.0,0.0,0.0078125,7.0,0.0,0.007812499999999999,1.717376241217039e-16,-0.0,1.717376241217039e-16,0.0,0.0,0.0
structured,7,16,0,0.622045865685674,0.039528966458727395,0.7464550388228087,5.0,0.8660254037844386,0.03125,4.083359413472877,1.0,0.0589910781291145,5.000000000000003,0.8660254037844376,0.031249999999999944,4.2500725161431774e-16,0.5027285185537345,0.48098463122601465,0.6464490264034517,0.7464550388228087,0.6464490264034509
structured,7,16,1,0.622045865685674,0.039528966458727395,0.7464550388228087,5.0,0.8660254037844386,0.03125,2.970251216806303,1.0,0.12760429401480355,4.999999999999999,0.8660254037844392,0.03125000000000003,2.5673907444456745e-16,0.9404595777017516,0.3213924919999982,0.6464490264034517,0.7464550388228087,0.6464490264034521
structured,7,16,2,0.622045865685674,0.039528966458727395,0.7464550388228087,6.0,0.5,0.015625,5.58940890863758,0.6439061678133912,0.02076922352962897,6.000000000000001,0.4999999999999998,0.015624999999999993,2.0816681711721685e-16,0.14390616781339227,0.3367408356799996,0.37322751941140436,0.4806470034933909,0.3732275194114042
structured,7,16,3,0.622045865685674,0.039528966458727395,0.7464550388228087,5.0,0.8660254037844386,0.03125,4.0846241470691,1.0,0.05893938646635388,4.999999999999999,0.8660254037844389,0.031250000000000014,2.1337098754514727e-16,0.46212363624738095,0.47726208089181416,0.6464490264034517,0.7464550388228087,0.6464490264034519
structured,7,16,4,0.622045865685674,0.039528966458727395,0.7464550388228087,5.999999999999999,0.5000000000000002,0.015625000000000007,4.122073076357864,1.0,0.05742914620409401,6.0000000000000036,0.49999999999999867,0.015624999999999958,7.424616477180734e-16,0.7600526491107458,0.180519999999999,0.37322751941140453,0.7464550388228087,0.37322751941140336
structured,7,16,5,0.622045865685674,0.039528966458727395,0.7464550388228087,5.0,0.8660254037844388,0.03125000000000001,3.8810198340181117,1.0,0.06787293290386028,4.999999999999999,0.866025403784439,0.03125000000000002,1.3357370765021415e-16,0.5606087328711333,0.4555173671335342,0.6464490264034519,0.7464550388228087,0.646449026403452
structured,7,16,6,0.622045865685674,0.039528966458727395,0.7464550388228087,5.0,0.8660254037844386,0.03125,4.131792058482734,1.0,0.057043564362929504,4.999999999999999,0.8660254037844392,0.03125000000000003,2.411265631607762e-16,0.37309310889951797,0.47814898391999816,0.6464490264034517,0.7464550388228087,0.6464490264034521
structured,7,16,7,0.622045865685674,0.039528966458727395,0.7464550388228087,4.0,1.0,0.0625,2.928782287504535,1.0,0.1313253843999262,4.0,1.0,0.062499999999999986,8.326672684688674e-17,0.8106093627621793,0.5609294157599994,0.7464550388228087,0.7464550388228087,0.7464550388228087
structured,7,16,8,0.622045865685674,0.039528966458727395,0.7464550388228087,5.999999999999999,0.5000000000000002,0.015625000000000007,4.465572296234003,1.0,0.04526148419276873,6.000000000000006,0.4999999999999978,0.01562499999999993,1.1431827706687159e-15,0.5946997278562742,0.2224443999999992,0.37322751941140453,0.7464550388228087,0.3732275194114027
structured,7,16,9,0.622045865685674,0.039528966458727395,0.7464550388228087,3.9999999999999996,1.0,0.06250000000000003,2.451611244178009,1.0,0.18280643434987243,3.9999999999999996,1.0,0.06250000000000001,1.4328815911568427e-15,0.976774604264496,0.49514674719999807,0.7464550388228087,0.7464550388228087,0.7464550388228087
structured,7,16,10,0.622045865685674,0.039528966458727395,0.7464550388228087,6.0,0.5,0.015625,5.361942207046049,0.7267161388821534,0.024316135828493287,6.000000000000003,0.499999999999999,0.015624999999999969,1.2385925618474403e-15,0.22671613888215297,0.3157447847802862,0.37322751941140436,0.5424609236624395,0.37322751941140364
structured,7,16,11,0.622045865685674,0.039528966458727395,0.7464550388228087,7.0,0.0,0.0078125,7.0,0.0,0.0078125,7.000000000000001,0.0,0.007812499999999997,5.702903427273753e-16,-0.0,2.927345865710862e-16,0.0,0.0,0.0
structured,7,16,12,0.622045865685674,0.039528966458727395,0.7464550388228087,6.0,0.49999999999999994,0.015624999999999998,5.6917803231239645,0.6075272882759164,0.019346543937496512,6.000000000000003,0.4999999999999991,0.015624999999999972,6.071532165918825e-16,0.1075272882759174,0.3459645172799982,0.3732275194114043,0.4534918055559149,0.3732275194114037
structured,7,16,13,0.622045865685674,0.039528966458727395,0.7464550388228087,4.0,1.0,0.0625,2.622413661484425,1.0,0.16239581265682745,4.0,1.0,0.062499999999999986,1.7694179454963432e-16,0.8713708136471663,0.5189345733599979,0.7464550388228087,0.7464550388228087,0.7464550388228087
structured,7,16,14,0.622045865685674,0.039528966458727395,0.7464550388228087,6.0,0.5000000000000001,0.015625000000000003,5.868984866816984,0.5454649197849719,0.01711037433487581,5.9999999999999964,0.5000000000000012,0.015625000000000038,6.487865800153259e-16,0.04546491978497161,0.36170011808959956,0.3732275194114044,0.4071650378745715,0.37322751941140525
structured,7,16,15,0.622045865685674,0.039528966458727395,0.7464550388228087,6.0,0.5000000000000001,0.015625000000000003,5.5734457244269855,0.6496228488835677,0.02100030768098758,5.999999999999999,0.5000000000000004,0.015625000000000014,2.0643209364124004e-16,0.1496228488835678,0.33529139999999946,0.3732275194114044,0.48491424888356716,0.3732275194114047
structured,7,16,16,0.622045865685674,0.039528966458727395,0.7464550388228087,3.9999999999999996,1.0,0.06250000000000001,3.2305217311320558,1.0,0.10654082545609672,3.999999999999999,1.0,0.06250000000000004,1.3530843112619095e-15,0.4198734115305807,0.5801899711215992,0.7464550388228087,0.7464550388228087,0.7464550388228087
structured,7,16,17,0.622045865685674,0.039528966458727395,0.7464550388228087,4.999999999999999,0.8660254037844389,0.031250000000000014,4.631699405507274,1.0,0.04033848172486488,4.999999999999998,0.8660254037844394,0.03125000000000004,2.112893193739751e-15,0.13216355599545843,0.5263318754431985,0.6464490264034519,0.7464550388228087,0.6464490264034523
structured,7,16,18,0.622045865685674,0.039528966458727395,0.7464550388228087,5.999999999999999,0.5000000000000002,0.015625000000000007,5.037038782088388,0.8512657811770264,0.03045791969384166,6.000000000000005,0.4999999999999982,0.015624999999999944,9.853229343548264e-16,0.3512657811770273,0.2841658505599993,0.37322751941140453,0.6354316317370259,0.37322751941140303
structured,7,16,19,0.622045865685674,0.039528966458727395,0.7464550388228087,5.999999999999999,0.5000000000000002,0.015625000000000007,5.740890275753351,0.5902287598427838,0.018699062154548453,6.000000000000004,0.49999999999999856,0.015624999999999955,8.508818649666239e-16,0.09022875984278528,0.3503504719999994,0.37322751941140453,0.4405792318427834,0.3732275194114033
structured,7,16,20,0.622045865685674,0.039528966458727395,0.7464550388228087,6.0,0.5000000000000001,0.015625000000000003,5.9311917215921195,0.5238558653397095,0.016388280239087998,6.0000000000000036,0.49999999999999867,0.015624999999999958,6.87817858224804e-16,0.023855865339709122,0.36717898495999957,0.3732275194114044,0.3910348502997089,0.37322751941140336
structured,7,16,21,0.622045865685674,0.039528966458727395,0.7464550388228087,6.0,0.5,0.015625,5.399763126095446,0.7127290684894005,0.02368696015843027,6.0,0.5,0.015625,1.9949319973733282e-16,0.2127290684894003,0.31929113599999936,0.37322751941140436,0.5320202044893998,0.37322751941140436
structured,7,16,22,0.622045865685674,0.039528966458727395,0.7464550388228087,6.0,0.5000000000000001,0.015625000000000003,5.828043655807031,0.5597254405636661,0.01760289277544344,6.0000000000000036,0.49999999999999867,0.015624999999999958,7.233796894823286e-16,0.05972544056366385,0.3580844349023995,0.3732275194114044,0.41780987546606513,0.37322751941140336
structured,7,16,23,0.622045865685674,0.039528966458727395,0.7464550388228087,6.0,0.5,0.015625,5.92177774375773,0.5271225402369528,0.01649556788830806,5.999999999999997,0.5000000000000008,0.015625000000000024,6.713379852030243e-16,0.027122540236955685,0.3663507359999987,0.37322751941140436,0.39347327623695216,0.3732275194114049
structured,7,16,24,0.622045865685674,0.039528966458727395,0.7464550388228087,7.0,7.450580596923828e-09,0.007812500000000002,7.0,0.0,0.0078125,7.0,0.0,0.0078125,2.0686577451023425e-16,-0.0,2.0686577451023425e-16,5.5615234287292415e-09,0.0,0.0
structured,7,16,25,0.622045865685674,0.039528966458727395,0.7464550388228087,4.999999999999999,0.8660254037844389,0.031250000000000014,4.082250924367601,1.0,0.05903642111113294,5.000000000000002,0.8660254037844379,0.03124999999999996,4.3021142204224816e-16,0.347862614613233,0.47164246599999826,0.6464490264034519,0.7464550388228087,0.6464490264034513
structured,7,16,26,0.622045865685674,0.039528966458727395,0.7464550388228087,4.999999999999999,0.8660254037844389,0.031250000000000014,3.5611010913747445,1.0,0.08472308356875062,4.999999999999997,0.8660254037844397,0.031250000000000056,3.8510861166685117e-16,0.7871089943370512,0.4261873494399985,0.6464490264034519,0.7464550388228087,0.6464490264034526
structured,7,16,27,0.622045865685674,0.039528966458727395,0.7464550388228087,7.0,0.0,0.0078125,7.0,0.0,0.0078125,7.0,0.0,0.0078125,2.185751579730777e-16,-0.0,2.185751579730777e-16,0.0,0.0,0.0
structured,7,16,28,0.622045865685674,0.039528966458727395,0.7464550388228087,3.9999999999999996,1.0,0.06250000000000003,2.970935104607471,1.0,0.12754381946055476,4.0,1.0,0.0625,7.632783294297951e-17,0.8450868769648425,0.5711775808143982,0.7464550388228087,0.7464550388228087,0.7464550388228087
structured,7,16,29,0.622045865685674,0.039528966458727395,0.7464550388228087,3.0,1.0,0.125,1.9299847375879287,1.0,0.26243194718434176,3.0,1.0,0.12499999999999999,1.1796119636642288e-16,0.8945001823598961,0.5997037124075981,0.7464550388228087,0.7464550388228087,0.7464550388228087
structured,8,2,0,0.19422216165128603,0.011907939704433225,0.23306659398154322,5.0,1.0,0.03125,4.545457897783262,1.0,0.042823368765559186,5.000000000000001,1.0,0.031249999999999972,2.220446049250313e-16,0.16826761583357694,0.07488321399999986,0.23306659398154322,0.23306659398154322,0.23306659398154322
structured,8,2,1,0.19422216165128603,0.011907939704433225,0.23306659398154322,3.9999999999999996,1.0,0.06250000000000001,3.6253045327387077,1.0,0.0810353649284137,3.9999999999999996,1.0,0.06250000000000003,8.326672684688674e-17,0.19017392174829972,0.11375614017999991,0.23306659398154322,0.23306659398154322,0.23306659398154322
structured,8,2,2,0.19422216165128603,0.011907939704433225,0.23306659398154322,3.0,1.0,0.125,2.7738447176934584,1.0,0.1462141947040782,3.0000000000000004,1.0,0.12499999999999994,1.1102230246251565e-16,0.20475178132796895,0.16486964987982372,0.23306659398154322,0.23306659398154322,0.23306659398154322
structured,8,2,3,0.19422216165128603,0.011907939704433225,0.23306659398154322,5.999999999999999,0.8660254037844389,0.015625000000000007,5.610213994337362,1.0,0.020471860127825744,6.0,0.8660254037844386,0.015625,1.1102230246251565e-16,0.1412385281904785,0.06647940000000009,0.20184159116152986,0.23306659398154322,0.20184159116152978
structured,8,2,4,0.19422216165128603,0.011907939704433225,0.23306659398154322,3.0,1.0,0.125,2.694410132037295,1.0,0.15449048252931627,3.0,1.0,0.125,0.0,0.20732387543078823,0.14154192617499994,0.23306659398154322,0.23306659398154322,0.23306659398154322
structured,8,2,5,0.19422216165128603,0.011907939704433225,0.23306659398154322,5.999999999999999,0.8660254037844389,0.015625000000000007,5.6786803712193885,0.999736422988853,0.019523014303914794,6.000000000000004,0.8660254037844368,0.01562499999999995,8.881784197001252e-16,0.11467017187674983,0.08685555999999996,0.20184159116152986,0.23300516298530335,0.20184159116152936
structured,8,2,6,0.19422216165128603,0.011907939704433225,0.23306659398154322,7.0,0.5,0.0078125,6.724262748119661,0.5960757432295223,0.009457910807291053,7.0,0.5000000000000001,0.007812500000000002,1.1102230246251565e-16,0.09607574322952155,0.042849599999999856,0.11653329699077161,0.1389253432295217,0.11653329699077164
structured,8,2,7,0.19422216165128603,0.011907939704433225,0.23306659398154322,5.0,1.0,0.031249999999999997,4.6817271630475705,1.0,0.0389636552814097,5.0,1.0,0.03125,5.551115123125783e-17,0.14098296493236268,0.11622733639999991,0.23306659398154322,0.23306659398154322,0.23306659398154322
structured,8,2,8,0.19422216165128603,0.011907939704433225,0.23306659398154322,5.999999999999999,0.8660254037844389,0.015625000000000007,5.6491421816555105,1.0,0.019926854675607356,6.000000000000002,0.8660254037844378,0.015624999999999977,4.440892098500626e-16,0.1259044771402664,0.07823959600000024,0.20184159116152986,0.23306659398154322,0.2018415911615296
structured,8,2,9,0.19422216165128603,0.011907939704433225,0.23306659398154322,3.0,1.0,0.125,2.7698818343000546,1.0,0.14661637695568483,3.0000000000000004,1.0,0.12499999999999994,1.1102230246251565e-16,0.20717971196878282,0.1638603496943919,0.23306659398154322,0.23306659398154322,0.23306659398154322
structured,8,2,10,0.19422216165128603,0.011907939704433225,0.23306659398154322,4.0,1.0,0.0625,3.7315830385406255,1.0,0.07528034038043864,4.0,1.0,0.0625,0.0,0.195011687345443,0.14635848930071185,0.23306659398154322,0.23306659398154322,0.23306659398154322
structured,8,2,11,0.19422216165128603,0.011907939704433225,0.23306659398154322,5.999999999999999,0.8660254037844389,0.015625000000000007,5.706025092473861,0.9879339735463389,0.019156461501360286,5.999999999999996,0.8660254037844406,0.015625000000000052,6.661338147750939e-16,0.10458666796452873,0.09458893600000007,0.20184159116152986,0.23025440629309724,0.20184159116153025
structured,8,2,12,0.19422216165128603,0.011907939704433225,0.23306659398154322,4.0,1.0,0.0625,3.67597906956148,1.0,0.07823841373072436,4.000000000000001,1.0,0.062499999999999944,2.220446049250313e-16,0.17933872589375904,0.12890733057279988,0.23306659398154322,0.23306659398154322,0.23306659398154322
structured,8,2,13,0.19422216165128603,0.011907939704433225,0.23306659398154322,4.0,1.0,0.0625,3.718094039091056,1.0,0.07598750194942831,3.9999999999999996,1.0,0.06250000000000003,1.1102230246251565e-16,0.18757935290185465,0.1419444609867997,0.23306659398154322,0.23306659398154322,0.23306659398154322
structured,8,2,14,0.19422216165128603,0.011907939704433225,0.23306659398154322,5.0,1.0,0.03125,4.747122204420753,1.0,0.037236926143825094,4.999999999999997,1.0,0.03125000000000005,3.3306690738754696e-16,0.14342462172540243,0.13586278064799984,0.23306659398154322,0.23306659398154322,0.23306659398154322
structured,8,2,15,0.19422216165128603,0.011907939704433225,0.23306659398154322,5.999999999999999,0.8660254037844389,0.015625000000000007,5.649509855228059,1.0,0.01992177692589326,6.000000000000003,0.8660254037844376,0.015624999999999972,5.551115123125783e-16,0.12586665377806538,0.07826860400000014,0.20184159116152986,0.23306659398154322,0.20184159116152955
structured,8,2,16,0.19422216165128603,0.011907939704433225,0.23306659398154322,5.999999999999999,0.8660254037844389,0.015625000000000007,5.613382562685377,1.0,0.020426947443101615,6.000000000000003,0.8660254037844376,0.01562499999999997,6.661338147750939e-16,0.1399862682257106,0.06743980000000005,0.20184159116152986,0.23306659398154322,0.20184159116152955
structured,8,2,17,0.19422216165128603,0.011907939704433225,0.23306659398154322,5.0,1.0,0.03125,4.638783562036143,1.0,0.0401408906506824,4.999999999999999,1.0,0.03125000000000003,2.220446049250313e-16,0.16140393966811448,0.103815334756,0.23306659398154322,0.23306659398154322,0.23306659398154322
structured,8,2,18,0.19422216165128603,0.011907939704433225,0.23306659398154322,5.0,1.0,0.03125,4.817811299309347,1.0,0.03545637120042269,5.000000000000003,1.0,0.031249999999999944,4.440892098500626e-16,0.1293086169554401,0.15646870795919987,0.23306659398154322,0.23306659398154322,0.23306659398154322
structured,8,2,19,0.19422216165128603,0.011907939704433225,0.23306659398154322,4.0,1.0,0.062499999999999986,3.6215581802675567,1.0,0.08124606888584221,3.9999999999999982,1.0,0.06250000000000008,3.3306690738754696e-16,0.19655641733603552,0.11269008441999959,0.23306659398154322,0.23306659398154322,0.23306659398154322
structured,8,2,20,0.19422216165128603,0.011907939704433225,0.23306659398154322,5.0,1.0,0.03125,4.715827532055209,1.0,0.03805348694089437,5.0,1.0,0.03125,0.0,0.14259017589558468,0.1265334742167999,0.23306659398154322,0.23306659398154322,0.23306659398154322
structured,8,2,21,0.19422216165128603,0.011907939704433225,0.23306659398154322,5.0,1.0,0.031249999999999997,4.699421622980753,1.0,0.038488689955675115,5.0,1.0,0.03125,5.551115123125783e-17,0.14495697359606488,0.12176852295999968,0.23306659398154322,0.23306659398154322,0.23306659398154322
structured,8,2,22,0.19422216165128603,0.011907939704433225,0.23306659398154322,5.0,1.0,0.03125,4.619884827447091,1.0,0.04067017961564423,5.000000000000001,1.0,0.031249999999999986,1.1102230246251565e-16,0.16543209170811787,0.09802442831999995,0.23306659398154322,0.23306659398154322,0.23306659398154322
structured,8,2,23,0.19422216165128603,0.011907939704433225,0.23306659398154322,6.0,0.8660254037844385,0.015624999999999997,5.585036197764975,1.0,0.020832269133470215,5.999999999999998,0.8660254037844394,0.01562500000000002,3.3306690738754696e-16,0.15124382974571596,0.05880599999999986,0.20184159116152975,0.23306659398154322,0.20184159116152997
structured,8,2,24,0.19422216165128603,0.011907939704433225,0.23306659398154322,5.0,1.0,0.03125,4.632649382775576,1.0,0.04031192862404629,5.0,1.0,0.03125,0.0,0.16154930634940012,0.10183818652000001,0.23306659398154322,0.23306659398154322,0.23306659398154322
structured,8,2,25,0.19422216165128603,0.011907939704433225,0.23306659398154322,7.0,0.5,0.0078125,6.726005675391377,0.5954623914100434,0.009446491555996372,6.9999999999999964,0.5000000000000011,0.007812500000000017,5.551115123125783e-16,0.09546239141004348,0.04331999999999997,0.11653329699077161,0.13878239141004337,0.11653329699077188
structured,8,2,26,0.19422216165128603,0.011907939704433225,0.23306659398154322,3.0,1.0,0.125,2.7631640527384493,1.0,0.14730067506762262,3.0,1.0,0.125,0.0,0.21486689600329445,0.16201170920248548,0.23306659398154322,0.23306659398154322,0.23306659398154322
structured,8,2,27,0.19422216165128603,0.011907939704433225,0.23306659398154322,3.0,1.0,0.125,2.6927890713463016,1.0,0.15466417079641775,2.9999999999999996,1.0,0.12500000000000006,1.1102230246251565e-16,0.19808906075855737,0.14074317603819983,0.23306659398154322,0.23306659398154322,0.23306659398154322
structured,8,2,28,0.19422216165128603,0.011907939704433225,0.23306659398154322,5.0,1.0,0.03125,4.653652456538109,1.0,0.03972930988001677,5.000000000000001,1.0,0.031249999999999972,2.220446049250313e-16,0.1403044937070781,0.107724582,0.23306659398154322,0.23306659398154322,0.23306659398154322
structured,8,2,29,0.19422216165128603,0.011907939704433225,0.23306659398154322,3.0,1.0,0.125,2.812971943875148,1.0,0.1423020209582454,2.9999999999999996,1.0,0.12500000000000006,1.1102230246251565e-16,0.21300743891977764,0.17664242987695583,0.23306659398154322,0.23306659398154322,0.23306659398154322
structured,8,4,0,0.2965778000290944,0.019994674355732264,0.3558933600349133,7.0,0.5000000000000001,0.007812500000000002,6.389215114784857,0.7166204652462826,0.011930388925153102,6.999999999999994,0.5000000000000021,0.007812500000000033,9.992007221626409e-16,0.21662046524628223,0.038419999999999906,0.17794668001745667,0.2550404652462823,0.1779466800174574
structured,8,4,1,0.2965778000290944,0.019994674355732264,0.3558933600349133,5.0,1.0,0.03125,4.561090817852225,1.0,0.04236184344466434,4.999999999999999,1.0,0.031250000000000014,1.1102230246251565e-16,0.24209271935876553,0.21077561848828752,0.3558933600349133,0.3558933600349133,0.3558933600349133
structured,8,4,2,0.2965778000290944,0.019994674355732264,0.3558933600349133,8.0,0.0,0.00390625,8.0,0.0,0.00390625,8.0,0.0,0.0039062499999999996,4.163336342344337e-17,-0.0,4.163336342344337e-17,0.0,0.0,0.0
structured,8,4,3,0.2965778000290944,0.019994674355732264,0.3558933600349133,3.0,1.0,0.125,2.5988914937407888,1.0,0.16506526935224938,3.0,1.0,0.125,1.1102230246251565e-16,0.3311154633088829,0.25194060707582105,0.3558933600349133,0.3558933600349133,0.3558933600349133
structured,8,4,4,0.2965778000290944,0.019994674355732264,0.3558933600349133,5.0,1.0,0.03125,4.319312929451596,1.0,0.050090716923621166,4.999999999999999,1.0,0.03125000000000003,2.3592239273284576e-16,0.2853568161262052,0.14423908549119951,0.3558933600349133,0.3558933600349133,0.3558933600349133
structured,8,4,5,0.2965778000290944,0.019994674355732264,0.3558933600349133,7.0,0.49999999999999994,0.007812499999999999,6.634752127876639,0.6277351837607448,0.010063304077049001,7.0,0.4999999999999999,0.007812499999999998,1.0755285551056204e-16,0.12773518376074589,0.09567159999999972,0.17794668001745662,0.2234067837607452,0.17794668001745662
structured,8,4,6,0.2965778000290944,0.019994674355732264,0.3558933600349133,6.0,0.8660254037844386,0.015625,5.29205862488437,1.0,0.02552299380707712,6.0,0.8660254037844386,0.015625,0.0,0.2685443827058838,0.0939487999999998,0.3082126908284364,0.3558933600349133,0.3082126908284364
structured,8,4,7,0.2965778000290944,0.019994674355732264,0.3558933600349133,2.0,1.0,0.25,1.5465539032473523,1.0,0.3423267880174253,2.0,1.0,0.25,0.0,0.38595917467912877,0.24309199900656947,0.3558933600349133,0.3558933600349133,0.3558933600349133
structured,8,4,8,0.2965778000290944,0.019994674355732264,0.3558933600349133,5.0,1.0,0.03125,4.573238268752227,1.0,0.042006655371994876,4.999999999999999,1.0,0.03125000000000003,2.220446049250313e-16,0.23896065950409057,0.21388452185519957,0.3558933600349133,0.3558933600349133,0.3558933600349133
structured,8,4,9,0.2965778000290944,0.019994674355732264,0.3558933600349133,6.999999999999999,0.5000000000000002,0.007812500000000003,6.48057717042845,0.6831477471243749,0.011198294443767326,7.0,0.5,0.0078125,1.3183898417423734e-16,0.18314774712437523,0.05997999999999999,0.17794668001745673,0.24312774712437504,0.17794668001745664
structured,8,4,10,0.2965778000290944,0.019994674355732264,0.3558933600349133,5.0,1.0,0.03125,4.579337495647157,1.0,0.04182944030110061,5.0,1.0,0.031249999999999993,1.1102230246251565e-16,0.2713412176741639,0.2169475079783196,0.3558933600349133,0.3558933600349133,0.3558933600349133
structured,8,4,11,0.2965778000290944,0.019994674355732264,0.3558933600349133,3.0,1.0,0.125,2.376711508000276,1.0,0.1925477929942378,3.0,1.0,0.125,0.0,0.3547777715517425,0.19176031642779962,0.3558933600349133,0.3558933600349133,0.3558933600349133
structured,8,4,12,0.2965778000290944,0.019994674355732264,0.3558933600349133,4.0,1.0,0.0625,3.592397738507098,1.0,0.08290496195761375,3.999999999999999,1.0,0.06250000000000004,1.1102230246251565e-16,0.28890886385946263,0.24143133262603161,0.3558933600349133,0.3558933600349133,0.3558933600349133
structured,8,4,13,0.2965778000290944,0.019994674355732264,0.3558933600349133,7.0,0.49999999999999994,0.007812499999999999,6.628967517100893,0.6297928430329305,0.01010373476774221,7.0,0.5,0.0078125,6.245004513516506e-17,0.12979284303293073,0.09434624799999972,0.17794668001745662,0.22413909103293037,0.17794668001745664
structured,8,4,14,0.2965778000290944,0.019994674355732264,0.3558933600349133,4.0,1.0,0.06249999999999999,3.3489512123148995,1.0,0.09814433372956365,4.000000000000001,1.0,0.06249999999999997,9.71445146547012e-17,0.32071637248639484,0.17387390403999964,0.3558933600349133,0.3558933600349133,0.3558933600349133
structured,8,4,15,0.2965778000290944,0.019994674355732264,0.3558933600349133,5.0,1.0,0.03125,4.595419359672081,1.0,0.04136575258894465,5.000000000000001,1.0,0.031249999999999972,2.220446049250313e-16,0.24185475876266255,0.22063006852543954,0.3558933600349133,0.3558933600349133,0.3558933600349133
structured,8,4,16,0.2965778000290944,0.019994674355732264,0.3558933600349133,4.0,1.0,0.0625,3.564151438665634,1.0,0.08454413943705635,4.0,1.0,0.0625,0.0,0.30566968177395715,0.23331742778239947,0.3558933600349133,0.3558933600349133,0.3558933600349133
structured,8,4,17,0.2965778000290944,0.019994674355732264,0.3558933600349133,6.0,0.8660254037844386,0.015625,5.703833463223777,0.988876845287742,0.01918558461165995,6.0,0.8660254037844386,0.015624999999999998,1.1102230246251565e-16,0.1785832855622971,0.20422096608502951,0.3082126908284364,0.3519347031301796,0.3082126908284364
structured,8,4,18,0.2965778000290944,0.019994674355732264,0.3558933600349133,5.0,1.0,0.03125,4.563886630124027,1.0,0.04227982952376455,4.999999999999999,1.0,0.03125000000000003,2.220446049250313e-16,0.2288874645700844,0.21146164165705572,0.3558933600349133,0.3558933600349133,0.3558933600349133
structured,8,4,19,0.2965778000290944,0.019994674355732264,0.3558933600349133,6.0,0.8660254037844386,0.015625,5.592203414716463,1.0,0.020729032398132872,6.0,0.8660254037844385,0.015624999999999997,1.1102230246251565e-16,0.15606527518937796,0.17388274088713557,0.3082126908284364,0.3558933600349133,0.30821269082843633
structured,8,4,20,0.2965778000290944,0.019994674355732264,0.3558933600349133,7.0,0.49999999999999994,0.007812499999999999,6.563800597212512,0.6530831603021531,0.01057058772297262,7.0000000000000036,0.49999999999999883,0.007812499999999982,5.551115123125783e-16,0.1530831603021536,0.07934479999999963,0.17794668001745662,0.23242796030215315,0.17794668001745623
structured,8,4,21,0.2965778000290944,0.019994674355732264,0.3558933600349133,4.0,1.0,0.0625,3.564421207440475,1.0,0.08452833205154964,4.0,1.0,0.0625,0.0,0.29386260202584885,0.23317951291747946,0.3558933600349133,0.3558933600349133,0.3558933600349133
structured,8,4,22,0.2965778000290944,0.019994674355732264,0.3558933600349133,5.0,1.0,0.03125,4.4353811275451935,1.0,0.04621864812494327,4.999999999999999,1.0,0.03125000000000003,2.220446049250313e-16,0.243044866040615,0.17586167418310378,0.3558933600349133,0.3558933600349133,0.3558933600349133
structured,8,4,23,0.2965778000290944,0.019994674355732264,0.3558933600349133,6.0,0.8660254037844385,0.015624999999999997,5.356365618426858,1.0,0.024410309230681562,6.000000000000002,0.8660254037844378,0.015624999999999977,2.7755575615628914e-16,0.24035122512411414,0.11210819999999952,0.30821269082843633,0.3558933600349133,0.3082126908284361
structured,8,4,24,0.2965778000290944,0.019994674355732264,0.3558933600349133,7.0,0.49999999999999994,0.007812499999999999,6.514143332748726,0.6709758496254999,0.010940759230947835,7.000000000000008,0.4999999999999971,0.007812499999999955,1.4432899320127035e-15,0.17097584962550016,0.06781999999999971,0.17794668001745662,0.23879584962549988,0.17794668001745562
structured,8,4,25,0.2965778000290944,0.019994674355732264,0.3558933600349133,5.0,1.0,0.03125,4.505025153703206,1.0,0.04404050573565569,5.000000000000001,1.0,0.031249999999999972,2.220446049250313e-16,0.2961441602845834,0.1995048723303996,0.3558933600349133,0.3558933600349133,0.3558933600349133
structured,8,4,26,0.2965778000290944,0.019994674355732264,0.3558933600349133,7.0,0.5,0.0078125,7.01330122155411,0.4953900821263009,0.007740802085454737,7.013301221554105,0.4953900821263028,0.007740802085454766,0.004609917873698828,-0.0,0.18091595872959984,0.17794668001745664,0.17630604085590088,0.17630604085590154
structured,8,4,27,0.2965778000290944,0.019994674355732264,0.3558933600349133,5.0,1.0,0.03125,4.4169435144050295,1.0,0.04681311203073429,5.000000000000002,1.0,0.031249999999999965,3.3306690738754696e-16,0.2765169755676471,0.1721374105975995,0.3558933600349133,0.3558933600349133,0.3558933600349133
structured,8,4,28,0.2965778000290944,0.019994674355732264,0.3558933600349133,5.0,1.0,0.03125,4.554226618229317,1.0,0.0425638771326342,5.000000000000001,1.0,0.031249999999999986,1.1102230246251565e-16,0.22320406452257358,0.20788741128679955,0.3558933600349133,0.3558933600349133,0.3558933600349133
structured,8,4,29,0.2965778000290944,0.019994674355732264,0.3558933600349133,5.0,1.0,0.031249999999999997,4.520563484209548,1.0,0.04356871928872459,5.000000000000002,1.0,0.031249999999999955,2.220446049250313e-16,0.24863420137209857,0.19999791158479932,0.3558933600349133,0.3558933600349133,0.3558933600349133
structured,8,8,0,0.4639348500753355,0.030164239691868683,0.5567218200904026,6.0,0.8660254037844388,0.015625000000000003,4.534635934592572,1.0,0.043145803802859074,6.000000000000004,0.866025403784437,0.015624999999999957,7.771561172376096e-16,0.622399156042531,0.1416453999999994,0.48213523903939864,0.5567218200904026,0.48213523903939765
structured,8,8,1,0.4639348500753355,0.030164239691868683,0.5567218200904026,5.999999999999999,0.8660254037844389,0.015625000000000007,5.499983089607032,1.0,0.02209734592219784,5.999999999999997,0.8660254037844397,0.015625000000000028,4.206704429243757e-16,0.22402948429686906,0.34005367082070326,0.4821352390393987,0.5567218200904026,0.48213523903939914
structured,8,8,2,0.4639348500753355,0.030164239691868683,0.5567218200904026,7.0,0.5,0.0078125,5.849592991450818,0.9272985195974016,0.017341914756992698,6.9999999999999964,0.5000000000000011,0.007812500000000017,5.390653201597928e-16,0.42729851959740184,0.08894879999999956,0.2783609100452013,0.5162473195974013,0.2783609100452019
structured,8,8,3,0.4639348500753355,0.030164239691868683,0.5567218200904026,3.0,1.0,0.125,2.093849708739518,1.0,0.23425476369425383,2.9999999999999996,1.0,0.12500000000000006,1.1102230246251565e-16,0.7002670586334483,0.383161639921739,0.5567218200904026,0.5567218200904026,0.5567218200904026
structured,8,8,4,0.4639348500753355,0.030164239691868683,0.5567218200904026,5.0,1.0,0.03125,4.269192556616198,1.0,0.05186148918053383,4.999999999999997,1.0,0.03125000000000005,3.3306690738754696e-16,0.3683392035534012,0.36699051546079886,0.5567218200904026,0.5567218200904026,0.5567218200904026
structured,8,8,5,0.4639348500753355,0.030164239691868683,0.5567218200904026,7.0,0.5,0.0078125,6.392151411273635,0.7155364698183135,0.011906131869375848,7.000000000000006,0.4999999999999979,0.007812499999999967,1.0711917464156784e-15,0.21553646981831306,0.18281829599999955,0.2783609100452013,0.3983547658183129,0.27836091004520014
structured,8,8,6,0.4639348500753355,0.030164239691868683,0.5567218200904026,5.0,1.0,0.03125,4.480654329367381,1.0,0.04479078218795687,5.000000000000002,1.0,0.03124999999999996,3.434752482434078e-16,0.323935809686113,0.4076011990399988,0.5567218200904026,0.5567218200904026,0.5567218200904026
structured,8,8,7,0.4639348500753355,0.030164239691868683,0.5567218200904026,6.0,0.8660254037844386,0.015625,5.05629830417328,1.0,0.03005401808562687,5.999999999999993,0.8660254037844415,0.015625000000000076,1.1379786002407855e-15,0.3601343744863756,0.25977763531558273,0.4821352390393985,0.5567218200904026,0.4821352390394001
structured,8,8,8,0.4639348500753355,0.030164239691868683,0.5567218200904026,8.0,0.0,0.003906249999999999,7.999999999999998,1.666000468656264e-08,0.003906250000000004,7.999999999999999,1.0536712127723509e-08,0.003906250000000002,3.365363543395006e-16,-0.0,2.393918396847994e-16,0.0,9.274988131817792e-09,5.86601755351485e-09
structured,8,8,9,0.4639348500753355,0.030164239691868683,0.5567218200904026,4.999999999999999,1.0,0.031250000000000014,4.2592986780764495,1.0,0.05221837315509395,5.0,1.0,0.03125,5.134781488891349e-16,0.432958171061662,0.3686218919823989,0.5567218200904026,0.5567218200904026,0.5567218200904026
structured,8,8,10,0.4639348500753355,0.030164239691868683,0.5567218200904026,7.0,0.5,0.0078125,6.5688060013385305,0.6512868152880399,0.010533976808875585,7.000000000000008,0.4999999999999971,0.007812499999999955,1.5404344466674047e-15,0.15128681528803942,0.2112987659199997,0.2783609100452013,0.3625855812080394,0.2783609100451997
structured,8,8,11,0.4639348500753355,0.030164239691868683,0.5567218200904026,5.999999999999999,0.8660254037844389,0.015625000000000007,5.035428339402243,1.0,0.030491938055192857,6.0000000000000036,0.8660254037844373,0.015624999999999964,7.008282842946301e-16,0.37005254150171885,0.25350514799999946,0.4821352390393987,0.5567218200904026,0.48213523903939776
structured,8,8,12,0.4639348500753355,0.030164239691868683,0.5567218200904026,7.0,0.5,0.0078125,6.56880600133853,0.6512868152880402,0.010533976808875592,7.000000000000008,0.4999999999999972,0.007812499999999957,1.4281111015979064e-15,0.15128681528804078,0.2112987659199993,0.2783609100452013,0.3625855812080396,0.27836091004519975
structured,8,8,13,0.4639348500753355,0.030164239691868683,0.5567218200904026,5.0,1.0,0.03125,4.248355175873876,1.0,0.052615979522322935,5.0,1.0,0.03125,1.249000902703301e-16,0.46667561464449087,0.3701609142447987,0.5567218200904026,0.5567218200904026,0.5567218200904026
structured,8,8,14,0.4639348500753355,0.030164239691868683,0.5567218200904026,5.0,1.0,0.03125,3.6531996607490353,1.0,0.0794835620894993,5.000000000000001,1.0,0.031249999999999972,2.220446049250313e-16,0.6583688940595284,0.23667405999999933,0.5567218200904026,0.5567218200904026,0.5567218200904026
structured,8,8,15,0.4639348500753355,0.030164239691868683,0.5567218200904026,7.0,0.5000000000000001,0.007812500000000002,6.243129669152065,0.7713043761137289,0.013201725634565446,7.000000000000006,0.4999999999999978,0.007812499999999965,1.119764003743029e-15,0.27130437611372804,0.15809759999999903,0.27836091004520136,0.4294019761137276,0.2783609100452001
structured,8,8,16,0.4639348500753355,0.030164239691868683,0.5567218200904026,6.0,0.8660254037844386,0.015625,4.848849971934325,1.0,0.03470169704585989,6.0,0.8660254037844388,0.015625000000000003,1.717376241217039e-16,0.4619131063693702,0.21278536399999928,0.4821352390393985,0.5567218200904026,0.48213523903939864
structured,8,8,17,0.4639348500753355,0.030164239691868683,0.5567218200904026,6.0,0.8660254037844385,0.015624999999999997,5.3720711380461,1.0,0.02414601402805331,6.0,0.8660254037844386,0.015625,6.938893903907228e-17,0.29080364404918635,0.31820934615999863,0.4821352390393984,0.5567218200904026,0.4821352390393985
structured,8,8,18,0.4639348500753355,0.030164239691868683,0.5567218200904026,4.999999999999999,1.0,0.031250000000000014,4.186610088356794,1.0,0.05491674439683129,5.000000000000002,1.0,0.031249999999999965,3.885780586188048e-16,0.4335174947839588,0.3525161426639991,0.5567218200904026,0.5567218200904026,0.5567218200904026
structured,8,8,19,0.4639348500753355,0.030164239691868683,0.5567218200904026,6.0,0.8660254037844386,0.015625,5.512202277941642,1.0,0.021910978473006024,6.021754356751623,0.857341324883625,0.015391158552393897,0.007539774523256564,0.31680266796313217,0.35066772757279907,0.4821352390393985,0.5567218200904026,0.4773006228279289
structured,8,8,20,0.4639348500753355,0.030164239691868683,0.5567218200904026,6.0,0.8660254037844386,0.015625,5.233742137735289,1.0,0.02657581714611412,6.0000000000000036,0.8660254037844372,0.015624999999999958,6.661338147750939e-16,0.28538826313795806,0.2910349752164468,0.4821352390393985,0.5567218200904026,0.4821352390393977
structured,8,8,21,0.4639348500753355,0.030164239691868683,0.5567218200904026,7.0,0.4999999999999999,0.007812499999999998,5.938158630935485,0.8909529453503559,0.01630933048169491,7.0,0.5000000000000001,0.007812500000000002,1.6523241108679088e-16,0.3909529453503557,0.10505999999999924,0.27836091004520125,0.4960129453503551,0.27836091004520136
structured,8,8,22,0.4639348500753355,0.030164239691868683,0.5567218200904026,6.999999999999999,0.5000000000000002,0.007812500000000003,5.992960238328785,0.8688449318180876,0.015701429930405898,6.999999999999989,0.5000000000000036,0.007812500000000056,1.6046192152785466e-15,0.3688449318180881,0.11485999999999985,0.2783609100452014,0.4837049318180875,0.2783609100452033
structured,8,8,23,0.4639348500753355,0.030164239691868683,0.5567218200904026,6.999999999999999,0.5000000000000002,0.007812500000000003,6.414086394644806,0.7074564330325402,0.01172647819748633,6.999999999999996,0.5000000000000017,0.007812500000000026,6.661338147750939e-16,0.2074564330325399,0.18639999999999984,0.2783609100452014,0.3938564330325398,0.27836091004520225
structured,8,8,24,0.4639348500753355,0.030164239691868683,0.5567218200904026,5.0,1.0,0.03125,4.27059705386553,1.0,0.05181102537983284,4.999999999999999,1.0,0.03125000000000002,2.8102520310824275e-16,0.4554641288375093,0.372775681644799,0.5567218200904026,0.5567218200904026,0.5567218200904026
structured,8,8,25,0.4639348500753355,0.030164239691868683,0.5567218200904026,5.0,1.0,0.03125000000000001,4.345650550357468,1.0,0.04918456487887203,5.0,1.0,0.03125,1.1102230246251565e-16,0.3679580282996724,0.38266572881390226,0.5567218200904026,0.5567218200904026,0.5567218200904026
structured,8,8,26,0.4639348500753355,0.030164239691868683,0.5567218200904026,7.0,0.5,0.0078125,6.317866810943949,0.7431387668736196,0.012535237919225686,6.999999999999992,0.5000000000000027,0.007812500000000042,1.321859288694327e-15,0.24313876687361863,0.1705827999999997,0.2783609100452013,0.4137215668736189,0.2783609100452028
structured,8,8,27,0.4639348500753355,0.030164239691868683,0.5567218200904026,6.0,0.8660254037844386,0.015625,5.4501545192660155,1.0,0.02287388896936634,6.0109480890009275,0.8616496294813807,0.015506876312271885,0.0037943551382134677,0.34894771963904814,0.3418828648847989,0.4821352390393985,0.5567218200904026,0.4796991500050953
structured,8,8,28,0.4639348500753355,0.030164239691868683,0.5567218200904026,7.0,0.5,0.0078125,6.534093081760167,0.6637715465715175,0.010790510406842879,7.0000000000000036,0.4999999999999988,0.007812499999999981,6.600622826091751e-16,0.16377154657151663,0.20576455695999943,0.2783609100452013,0.36953610353151667,0.27836091004520064
structured,8,8,29,0.4639348500753355,0.030164239691868683,0.5567218200904026,2.0,1.0,0.25,1.4025451526097739,1.0,0.3782612372838057,2.0,1.0,0.25,0.0,0.7530456586688543,0.45246222232646294,0.5567218200904026,0.5567218200904026,0.5567218200904026
structured,8,16,0,0.6886702794781067,0.034946010611217854,0.8264043353737279,8.0,0.0,0.00390625,7.999999999999989,4.280032699210963e-08,0.003906250000000029,8.000000000000004,0.0,0.0039062499999999918,1.7154246773065651e-15,-0.0,3.0205872525446154e-16,0.0,3.537037578169259e-08,0.0
structured,8,16,1,0.6886702794781067,0.034946010611217854,0.8264043353737279,6.999999999999999,0.5000000000000002,0.007812500000000003,3.914660174015095,1.0,0.06630860094885485,7.000000000000016,0.4999999999999945,0.007812499999999914,2.8705336718726215e-15,1.4984370044428985,0.15307999999999874,0.41320216768686413,0.8264043353737279,0.4132021676868594
structured,8,16,2,0.6886702794781067,0.034946010611217854,0.8264043353737279,6.0,0.8660254037844386,0.015625,4.368795292824371,1.0,0.04840180659250307,5.999999999999996,0.8660254037844406,0.015625000000000052,8.170547571850761e-16,0.7415803612608298,0.5073890087313273,0.7156871482312434,0.8264043353737279,0.715687148231245
structured,8,16,3,0.6886702794781067,0.034946010611217854,0.8264043353737279,7.0,0.5000000000000001,0.007812500000000002,6.4597565480312475,0.6907307337320118,0.011361077289405677,6.999999999999996,0.5000000000000016,0.007812500000000024,6.999609225566417e-16,0.19073073373201277,0.38009213919999874,0.4132021676868641,0.5708228729320106,0.41320216768686524
structured,8,16,4,0.6886702794781067,0.034946010611217854,0.8264043353737279,8.0,0.0,0.0039062499999999996,8.0,0.0,0.00390625,8.0,0.0,0.00390625,5.850354922731782e-16,-0.0,2.42861286636753e-16,0.0,0.0,0.0
structured,8,16,5,0.6886702794781067,0.034946010611217854,0.8264043353737279,5.0,1.0,0.03125,2.978395834538186,1.0,0.126885943933562,4.999999999999999,1.0,0.03125000000000003,1.9758500391375833e-15,1.3742403544492663,0.5812589424991991,0.8264043353737279,0.8264043353737279,0.8264043353737279
structured,8,16,6,0.6886702794781067,0.034946010611217854,0.8264043353737279,8.0,7.450580596923828e-09,0.003906250000000001,8.0,0.0,0.00390625,8.000000000000004,0.0,0.003906249999999992,1.6562272386888566e-15,-0.0,3.9920323990916273e-16,6.157192106349229e-09,0.0,0.0
structured,8,16,7,0.6886702794781067,0.034946010611217854,0.8264043353737279,7.0,0.5000000000000001,0.007812500000000002,4.90788836386867,1.0,0.03331028796146525,7.0000000000000115,0.4999999999999961,0.007812499999999939,2.0886070650760757e-15,0.8718084522023388,0.26185999999999743,0.4132021676868641,0.8264043353737279,0.41320216768686074
structured,8,16,8,0.6886702794781067,0.034946010611217854,0.8264043353737279,4.999999999999999,1.0,0.031250000000000014,3.098327230823575,1.0,0.11676443095078853,5.000000000000003,1.0,0.031249999999999944,4.9439619065339e-16,1.1661602073705684,0.5792685251306221,0.8264043353737279,0.8264043353737279,0.8264043353737279
structured,8,16,9,0.6886702794781067,0.034946010611217854,0.8264043353737279,5.0,1.0,0.031249999999999997,3.491077034789536,1.0,0.0889367172956459,4.999999999999999,1.0,0.031250000000000014,1.5092094240998222e-16,0.8283283341000153,0.614588362102398,0.8264043353737279,0.8264043353737279,0.8264043353737279
structured,8,16,10,0.6886702794781067,0.034946010611217854,0.8264043353737279,6.999999999999999,0.5000000000000002,0.007812500000000003,6.009925236329317,0.8620579800894048,0.01551787439118476,6.99999999999999,0.5000000000000033,0.007812500000000052,1.5530111918682366e-15,0.3620579800894034,0.35035047199999847,0.41320216768686413,0.712408452089403,0.41320216768686674
structured,8,16,11,0.6886702794781067,0.034946010611217854,0.8264043353737279,7.0,0.4999999999999999,0.007812499999999998,4.502217502786377,1.0,0.04412629709129484,6.999999999999991,0.500000000000003,0.007812500000000047,1.4493614641786223e-15,1.1043949058267617,0.2214839999999979,0.41320216768686385,0.8264043353737279,0.41320216768686646
structured,8,16,12,0.6886702794781067,0.034946010611217854,0.8264043353737279,6.0,0.8660254037844386,0.015625,3.9091249933399377,1.0,0.06656349548214056,5.999999999999999,0.8660254037844392,0.015625000000000014,2.1250362580715887e-15,1.2316400190474996,0.47649705381606244,0.7156871482312434,0.8264043353737279,0.7156871482312438
structured,8,16,13,0.6886702794781067,0.034946010611217854,0.8264043353737279,6.0,0.8660254037844386,0.015625,3.602195771181581,1.0,0.08234382231323678,6.000000000000001,0.8660254037844382,0.015624999999999988,3.3219954564955856e-16,1.464000660581029,0.4471691690399985,0.7156871482312434,0.8264043353737279,0.715687148231243
structured,8,16,14,0.6886702794781067,0.034946010611217854,0.8264043353737279,6.999999999999999,0.5000000000000002,0.007812500000000003,6.621969163665303,0.6322842870316121,0.010152865931673031,6.999999999999996,0.5000000000000016,0.007812500000000024,6.227657278756737e-16,0.13228428703161169,0.39023818895999884,0.41320216768686413,0.5225224759916108,0.41320216768686524
structured,8,16,15,0.6886702794781067,0.034946010611217854,0.8264043353737279,7.0,0.5,0.0078125,6.533004305385434,0.6641641670500114,0.010798656887394302,7.000000000000009,0.4999999999999968,0.00781249999999995,1.8041124150158794e-15,0.16416416705001136,0.38470397999999884,0.41320216768686396,0.5488681470500102,0.4132021676868613
structured,8,16,16,0.6886702794781067,0.034946010611217854,0.8264043353737279,7.999999999999999,1.0536712127723509e-08,0.003906250000000002,8.0,0.0,0.00390625,8.0,0.0,0.0039062499999999983,3.903127820947816e-16,-0.0,3.5518463170625125e-16,8.707584582935645e-09,0.0,0.0
structured,8,16,17,0.6886702794781067,0.034946010611217854,0.8264043353737279,5.0,1.0,0.03125,2.6575516303837285,1.0,0.15848831357153534,5.0,1.0,0.031249999999999997,1.491862189340054e-16,1.6361191055189146,0.5404714610399981,0.8264043353737279,0.8264043353737279,0.8264043353737279
structured,8,16,18,0.6886702794781067,0.034946010611217854,0.8264043353737279,7.0,0.5,0.0078125,6.261173296567342,0.7644665106453202,0.013037641342159867,6.999999999999999,0.5000000000000002,0.007812500000000003,2.749536709423239e-16,0.2644665106453211,0.36729192799999844,0.41320216768686396,0.6317584386453188,0.41320216768686413
structured,8,16,19,0.6886702794781067,0.034946010611217854,0.8264043353737279,7.0,0.5000000000000001,0.007812500000000002,6.304353305358134,0.7482012657379676,0.01265320521956089,6.999999999999999,0.5000000000000002,0.007812500000000003,1.6132928326584306e-16,0.24820126573796644,0.3701155039999996,0.4132021676868641,0.6183167697379671,0.41320216768686413
structured,8,16,20,0.6886702794781067,0.034946010611217854,0.8264043353737279,6.0,0.8660254037844386,0.015625,5.0531469404212075,1.0,0.030119738599966504,5.9999999999999964,0.8660254037844399,0.015625000000000035,3.0340313594834356e-15,0.37965100009122454,0.5574943776111986,0.7156871482312434,0.8264043353737279,0.7156871482312445
structured,8,16,21,0.6886702794781067,0.034946010611217854,0.8264043353737279,7.0,0.5,0.0078125,4.626756397078733,1.0,0.04047692777486394,7.000000000000008,0.49999999999999734,0.007812499999999958,1.3114509478384662e-15,1.0298769158305805,0.23441999999999907,0.41320216768686396,0.8264043353737279,0.41320216768686174
structured,8,16,22,0.6886702794781067,0.034946010611217854,0.8264043353737279,8.0,0.0,0.00390625,7.999999999999989,4.280032699210963e-08,0.003906250000000029,8.000000000000004,0.0,0.00390624999999999,1.3363875978056328e-15,-0.0,3.413068438984368e-16,0.0,3.537037578169259e-08,0.0
structured,8,16,23,0.6886702794781067,0.034946010611217854,0.8264043353737279,5.0,1.0,0.03125,3.792199899002278,1.0,0.07218285922584038,4.9999999999999964,1.0,0.031250000000000076,5.429684479807406e-16,0.6808178769062037,0.6402080616512,0.8264043353737279,0.8264043353737279,0.8264043353737279
structured,8,16,24,0.6886702794781067,0.034946010611217854,0.8264043353737279,8.0,0.0,0.00390625,7.999999999999979,6.05288029062447e-08,0.003906250000000057,8.000000000000002,0.0,0.0039062499999999965,1.2281842209915794e-15,-0.0,3.452099717193846e-16,0.0,5.0021265136702525e-08,0.0
structured,8,16,25,0.6886702794781067,0.034946010611217854,0.8264043353737279,5.0,1.0,0.03125,3.9516655142240826,1.0,0.06462940346830176,5.0,1.0,0.03125,4.2327252813834093e-16,0.5295749667722154,0.6531171498411084,0.8264043353737279,0.8264043353737279,0.8264043353737279
structured,8,16,26,0.6886702794781067,0.034946010611217854,0.8264043353737279,6.0,0.8660254037844386,0.015625,4.1269369568927745,1.0,0.057235856447643396,6.0,0.8660254037844388,0.015625000000000003,1.970645868709653e-15,0.813731793558393,0.4785429399999982,0.7156871482312434,0.8264043353737279,0.7156871482312436
structured,8,16,27,0.6886702794781067,0.034946010611217854,0.8264043353737279,6.0,0.8660254037844386,0.015625,4.690662552673251,1.0,0.03872307810021506,6.000000000000003,0.8660254037844376,0.015624999999999972,3.937822290467352e-16,0.5843496604898116,0.5304387302399982,0.7156871482312434,0.8264043353737279,0.7156871482312425
structured,8,16,28,0.6886702794781067,0.034946010611217854,0.8264043353737279,4.999999999999999,1.0,0.031250000000000014,3.812795969039475,1.0,0.07115968975691452,4.999999999999997,1.0,0.031250000000000056,4.2500725161431774e-16,0.6109165369859928,0.6416881705864,0.8264043353737279,0.8264043353737279,0.8264043353737279
structured,8,16,29,0.6886702794781067,0.034946010611217854,0.8264043353737279,8.0,7.450580596923828e-09,0.003906250000000001,8.0,0.0,0.00390625,8.0,0.0,0.0039062499999999996,2.5630539357557325e-16,-0.0,2.255140518769849e-16,6.157192106349229e-09,0.0,0.0
structured,9,2,0,0.22176176950730353,0.013548521875150831,0.2661141234087642,3.0,1.0,0.125,2.5723300577891757,1.0,0.16813243155821953,3.0,1.0,0.125,0.0,0.2895212675338603,0.14634223796155593,0.2661141234087642,0.2661141234087642,0.2661141234087642
structured,9,2,1,0.22176176950730353,0.013548521875150831,0.2661141234087642,5.0,1.0,0.03125,4.554016549388874,1.0,0.04257007525147472,5.000000000000001,1.0,0.031249999999999986,1.1102230246251565e-16,0.2263418812619301,0.12887055034959982,0.2661141234087642,0.2661141234087642,0.2661141234087642
structured,9,2,2,0.22176176950730353,0.013548521875150831,0.2661141234087642,6.0,1.0,0.015624999999999998,5.617290758049311,1.0,0.020371686653190352,5.999999999999997,1.0,0.015625000000000028,4.996003610813204e-16,0.18400244079337547,0.13176727409439976,0.2661141234087642,0.2661141234087642,0.2661141234087642
structured,9,2,3,0.22176176950730353,0.013548521875150831,0.2661141234087642,7.0,0.8660254037844386,0.007812499999999999,6.575269735438906,1.0,0.010486886799625473,6.999999999999995,0.8660254037844407,0.007812500000000028,9.43689570931383e-16,0.15434333910701942,0.08631519583999984,0.23046159117781695,0.2661141234087642,0.23046159117781753
structured,9,2,4,0.22176176950730353,0.013548521875150831,0.2661141234087642,6.0,1.0,0.015625,5.499372815021551,1.0,0.022106695300190674,5.999999999999997,1.0,0.015625000000000024,3.3306690738754696e-16,0.18667315576762156,0.0960820839999998,0.2661141234087642,0.2661141234087642,0.2661141234087642
structured,9,2,5,0.22176176950730353,0.013548521875150831,0.2661141234087642,8.0,0.49999999999999994,0.0039062499999999996,7.843719076523172,0.5542610527529775,0.004353166520303429,7.99999999999998,0.5000000000000072,0.003906250000000056,3.7192471324942744e-15,0.05426105275297753,0.09323564143999988,0.13305706170438208,0.14749669419297745,0.13305706170438403
structured,9,2,6,0.22176176950730353,0.013548521875150831,0.2661141234087642,1.0,1.0,0.5,0.7111159443482817,1.0,0.6108474571930186,1.0,1.0,0.5,0.0,0.3177728139688342,0.18923013584643392,0.2661141234087642,0.2661141234087642,0.2661141234087642
structured,9,2,7,0.22176176950730353,0.013548521875150831,0.2661141234087642,7.0,0.8660254037844386,0.007812499999999999,6.532190412369214,1.0,0.010804750643022103,7.0,0.8660254037844386,0.0078125,5.551115123125783e-17,0.17058396754827027,0.07439642799999975,0.23046159117781695,0.2661141234087642,0.23046159117781695
structured,9,2,8,0.22176176950730353,0.013548521875150831,0.2661141234087642,5.0,1.0,0.031249999999999997,4.504327106648113,1.0,0.04406181986164463,5.0,1.0,0.031249999999999993,5.551115123125783e-17,0.22987337021269513,0.11368890531999974,0.2661141234087642,0.2661141234087642,0.2661141234087642
structured,9,2,9,0.22176176950730353,0.013548521875150831,0.2661141234087642,6.0,1.0,0.015624999999999998,5.475643357991893,1.0,0.02247331316353606,6.0,1.0,0.015625,5.551115123125783e-17,0.20650321445139944,0.08925187599999988,0.2661141234087642,0.2661141234087642,0.2661141234087642
structured,9,2,10,0.22176176950730353,0.013548521875150831,0.2661141234087642,5.0,1.0,0.03125,4.564714912290378,1.0,0.04225556273351283,5.0,1.0,0.03125,0.0,0.21718846570657213,0.13177960379199982,0.2661141234087642,0.2661141234087642,0.2661141234087642
structured,9,2,11,0.22176176950730353,0.013548521875150831,0.2661141234087642,5.0,1.0,0.03125,4.592092145651779,1.0,0.04146126240758212,5.000000000000001,1.0,0.031249999999999972,2.220446049250313e-16,0.22441670568175653,0.14016773860719972,0.2661141234087642,0.2661141234087642,0.2661141234087642
structured,9,2,12,0.22176176950730353,0.013548521875150831,0.2661141234087642,6.0,1.0,0.015625,5.623802042704372,1.0,0.0202799507263798,5.999999999999998,1.0,0.01562500000000002,2.220446049250313e-16,0.17088935795984966,0.1330755191359998,0.2661141234087642,0.2661141234087642,0.2661141234087642
structured,9,2,13,0.22176176950730353,0.013548521875150831,0.2661141234087642,5.0,1.0,0.03125,4.532486312297034,1.0,0.04321013916853183,5.0,1.0,0.031249999999999997,1.1102230246251565e-16,0.23529540135094573,0.12230870349159982,0.2661141234087642,0.2661141234087642,0.2661141234087642
structured,9,2,14,0.22176176950730353,0.013548521875150831,0.2661141234087642,8.0,0.4999999999999999,0.003906249999999999,7.608837029274529,0.6369655213577137,0.0051228521515508125,8.0,0.4999999999999998,0.0039062499999999983,2.7755575615628914e-16,0.1369655213577148,0.0325400000000001,0.13305706170438208,0.16950552135771446,0.13305706170438206
structured,9,2,15,0.22176176950730353,0.013548521875150831,0.2661141234087642,6.0,1.0,0.015624999999999997,5.498695519366583,1.0,0.02211707606909736,6.0,1.0,0.015625,5.551115123125783e-17,0.19724918706563643,0.09615155031999989,0.2661141234087642,0.2661141234087642,0.2661141234087642
structured,9,2,16,0.22176176950730353,0.013548521875150831,0.2661141234087642,8.0,0.5000000000000001,0.003906250000000001,7.601355177342691,0.6396362363319612,0.00514948839710091,8.00000000000001,0.499999999999996,0.0039062499999999688,2.1788126858268697e-15,0.139636236331961,0.030580000000000013,0.13305706170438214,0.170216236331961,0.13305706170438106
structured,9,2,17,0.22176176950730353,0.013548521875150831,0.2661141234087642,6.0,1.0,0.015625000000000003,5.531397576596602,1.0,0.021621380091822243,5.999999999999995,1.0,0.015625000000000056,7.771561172376096e-16,0.17753249011364564,0.10566765999999976,0.2661141234087642,0.2661141234087642,0.2661141234087642
structured,9,2,18,0.22176176950730353,0.013548521875150831,0.2661141234087642,4.0,1.0,0.0625,3.7028069100904837,1.0,0.07679696407470728,4.000000000000001,1.0,0.06249999999999997,1.1102230246251565e-16,0.2476964779105577,0.1807019231958346,0.2661141234087642,0.2661141234087642,0.2661141234087642
structured,9,2,19,0.22176176950730353,0.013548521875150831,0.2661141234087642,5.0,1.0,0.03125,4.49860313716942,1.0,0.04423698473890929,5.0,1.0,0.03125,0.0,0.22347209506918042,0.11183514417999985,0.2661141234087642,0.2661141234087642,0.2661141234087642
structured,9,2,20,0.22176176950730353,0.013548521875150831,0.2661141234087642,7.0,0.8660254037844388,0.007812500000000002,6.585447098085832,1.0,0.010413168324064056,7.00000000000001,0.8660254037844347,0.007812499999999946,1.7763568394002505e-15,0.14966854632324864,0.08974596023999996,0.23046159117781703,0.2661141234087642,0.23046159117781592
structured,9,2,21,0.22176176950730353,0.013548521875150831,0.2661141234087642,3.0,1.0,0.125,2.613954530634056,1.0,0.16335080497676258,2.999999999999999,1.0,0.12500000000000008,1.1102230246251565e-16,0.2842350446368408,0.15859944012845784,0.2661141234087642,0.2661141234087642,0.2661141234087642
structured,9,2,22,0.22176176950730353,0.013548521875150831,0.2661141234087642,5.0,1.0,0.03125,4.514292701500838,1.0,0.043758506172907385,4.999999999999997,1.0,0.03125000000000005,3.3306690738754696e-16,0.22163328482633948,0.11671428580119976,0.2661141234087642,0.2661141234087642,0.2661141234087642
structured,9,2,23,0.22176176950730353,0.013548521875150831,0.2661141234087642,4.0,1.0,0.0625,3.5080277228760464,1.0,0.0878978859296324,4.0,1.0,0.062499999999999986,1.1102230246251565e-16,0.26543143144311515,0.12278099899000003,0.2661141234087642,0.2661141234087642,0.2661141234087642
structured,9,2,24,0.22176176950730353,0.013548521875150831,0.2661141234087642,5.0,1.0,0.031249999999999997,4.564613213428335,1.0,0.04225854152944094,5.000000000000001,1.0,0.031249999999999972,1.6653345369377348e-16,0.2287228782658083,0.13246377726799968,0.2661141234087642,0.2661141234087642,0.2661141234087642
structured,9,2,25,0.22176176950730353,0.013548521875150831,0.2661141234087642,2.0,1.0,0.25,1.6584053194613064,1.0,0.3167891173566289,2.0,1.0,0.25,0.0,0.31007019205421366,0.17341551555578325,0.2661141234087642,0.2661141234087642,0.2661141234087642
structured,9,2,26,0.22176176950730353,0.013548521875150831,0.2661141234087642,3.0,1.0,0.125,2.6389822230659408,1.0,0.16054145430838326,3.0,1.0,0.125,0.0,0.2853641349579473,0.16597009719438377,0.2661141234087642,0.2661141234087642,0.2661141234087642
structured,9,2,27,0.22176176950730353,0.013548521875150831,0.2661141234087642,3.0,1.0,0.125,2.5928347097454627,1.0,0.16575971011800303,3.0,1.0,0.125,0.0,0.2969824310789063,0.15263633578953073,0.2661141234087642,0.2661141234087642,0.2661141234087642
structured,9,2,28,0.22176176950730353,0.013548521875150831,0.2661141234087642,5.0,1.0,0.03125,4.554164702229915,1.0,0.04256570388150939,4.999999999999999,1.0,0.031250000000000014,1.3183898417423734e-16,0.22754146030907207,0.1288506650715998,0.2661141234087642,0.2661141234087642,0.2661141234087642
structured,9,2,29,0.22176176950730353,0.013548521875150831,0.2661141234087642,5.0,1.0,0.03125,4.495362173396003,1.0,0.044336473279405736,4.999999999999999,1.0,0.03125000000000003,2.220446049250313e-16,0.22455081392493068,0.11088434817999979,0.2661141234087642,0.2661141234087642,0.2661141234087642
structured,9,4,0,0.3368634965195887,0.022305702230440396,0.4042361958235064,4.0,1.0,0.0625,3.487105641105631,1.0,0.08918187604015532,4.0,1.0,0.0625,0.0,0.39430875105462504,0.2806838879990392,0.4042361958235064,0.4042361958235064,0.4042361958235064
structured,9,4,1,0.3368634965195887,0.022305702230440396,0.4042361958235064,7.0,0.8660254037844388,0.007812500000000002,6.233441098588881,1.0,0.01329068157630289,7.0,0.8660254037844386,0.0078125,1.1102230246251565e-16,0.2919947631059755,0.12921723599999985,0.3500788147123376,0.4042361958235064,0.35007881471233754
structured,9,4,2,0.3368634965195887,0.022305702230440396,0.4042361958235064,3.0,1.0,0.125,2.382316270771282,1.0,0.19180121030892508,2.9999999999999996,1.0,0.12500000000000006,1.1102230246251565e-16,0.514857340039288,0.259479999246356,0.4042361958235064,0.4042361958235064,0.4042361958235064
structured,9,4,3,0.3368634965195887,0.022305702230440396,0.4042361958235064,4.0,1.0,0.0625,3.4462174557267797,1.0,0.0917455850057597,4.0,1.0,0.0625,0.0,0.4397050121396219,0.2714955648580707,0.4042361958235064,0.4042361958235064,0.4042361958235064
structured,9,4,4,0.3368634965195887,0.022305702230440396,0.4042361958235064,5.0,1.0,0.03125,4.3413295557765865,1.0,0.049332097668098145,4.999999999999997,1.0,0.031250000000000056,4.440892098500626e-16,0.3749916680171278,0.23062331739190353,0.4042361958235064,0.4042361958235064,0.4042361958235064
structured,9,4,5,0.3368634965195887,0.022305702230440396,0.4042361958235064,7.0,0.8660254037844386,0.0078125,6.168845048538996,1.0,0.013899289535496595,6.999999999999995,0.8660254037844408,0.00781250000000003,9.992007221626409e-16,0.3168838011711468,0.11438924799999968,0.35007881471233754,0.4042361958235064,0.3500788147123384
structured,9,4,6,0.3368634965195887,0.022305702230440396,0.4042361958235064,6.0,1.0,0.015624999999999998,5.293013019705836,1.0,0.02550611500939569,5.999999999999998,1.0,0.01562500000000002,3.3306690738754696e-16,0.3474357034425867,0.1950909939999995,0.4042361958235064,0.4042361958235064,0.4042361958235064
structured,9,4,7,0.3368634965195887,0.022305702230440396,0.4042361958235064,6.0,1.0,0.015625,5.578641104143936,1.0,0.020924818160728165,5.999999999999997,1.0,0.015625000000000024,3.469446951953614e-16,0.26468661342402794,0.26655435741199907,0.4042361958235064,0.4042361958235064,0.4042361958235064
structured,9,4,8,0.3368634965195887,0.022305702230440396,0.4042361958235064,5.0,1.0,0.03125,4.172106242818293,1.0,0.05547162339263006,5.000000000000003,1.0,0.031249999999999944,4.440892098500626e-16,0.3828458573846002,0.18439193925999967,0.4042361958235064,0.4042361958235064,0.4042361958235064
structured,9,4,9,0.3368634965195887,0.022305702230440396,0.4042361958235064,4.0,1.0,0.0625,3.3553844601134113,1.0,0.09770766405576477,4.000000000000001,1.0,0.06249999999999997,1.1102230246251565e-16,0.47573292646665044,0.2509588581618666,0.4042361958235064,0.4042361958235064,0.4042361958235064
structured,9,4,10,0.3368634965195887,0.022305702230440396,0.4042361958235064,6.0,1.0,0.015625,5.190550819302386,1.0,0.027383471817071334,6.000000000000005,1.0,0.015624999999999938,1.1102230246251565e-15,0.326245195671622,0.16595784799999963,0.4042361958235064,0.4042361958235064,0.4042361958235064
structured,9,4,11,0.3368634965195887,0.022305702230440396,0.4042361958235064,4.999999999999999,1.0,0.031250000000000014,4.377804118272568,1.0,0.0481005060264979,5.000000000000002,1.0,0.031249999999999965,3.885780586188048e-16,0.3706421870506125,0.2436806570523035,0.4042361958235064,0.4042361958235064,0.4042361958235064
structured,9,4,12,0.3368634965195887,0.022305702230440396,0.4042361958235064,5.0,1.0,0.03125,4.479823566298739,1.0,0.04481658198786907,4.999999999999999,1.0,0.03125000000000002,1.1102230246251565e-16,0.31936561168978783,0.2656360807755993,0.4042361958235064,0.4042361958235064,0.4042361958235064
structured,9,4,13,0.3368634965195887,0.022305702230440396,0.4042361958235064,5.0,1.0,0.03125,4.2495466913601945,1.0,0.05257254215618301,4.999999999999997,1.0,0.03125000000000005,3.3306690738754696e-16,0.3924956298606502,0.20638792767563155,0.4042361958235064,0.4042361958235064,0.4042361958235064
structured,9,4,14,0.3368634965195887,0.022305702230440396,0.4042361958235064,7.0,0.8660254037844388,0.007812500000000002,6.270745836785898,1.0,0.012951420615997711,6.999999999999996,0.8660254037844403,0.007812500000000023,4.718447854656915e-16,0.2757324861229152,0.1389057119999996,0.3500788147123376,0.4042361958235064,0.3500788147123382
structured,9,4,15,0.3368634965195887,0.022305702230440396,0.4042361958235064,8.0,0.49999999999999994,0.0039062499999999996,7.273085586592136,0.7599656052046276,0.006465216571047156,7.999999999999999,0.5000000000000002,0.003906250000000002,5.551115123125783e-16,0.25996560520462747,0.04723999999999946,0.20211809791175317,0.3072056052046274,0.20211809791175328
structured,9,4,16,0.3368634965195887,0.022305702230440396,0.4042361958235064,8.0,0.4999999999999999,0.003906249999999999,7.4189137879041605,0.7056823476900123,0.005843652936260057,8.000000000000009,0.49999999999999667,0.003906249999999974,1.3877787807814457e-15,0.2056823476900114,0.07957999999999965,0.20211809791175314,0.2852623476900115,0.20211809791175184
structured,9,4,17,0.3368634965195887,0.022305702230440396,0.4042361958235064,8.0,0.5,0.00390625,7.694276044169878,0.6066459987437087,0.004828276310873061,8.000000000000014,0.4999999999999948,0.0039062499999999592,2.525757381022231e-15,0.1066459987437087,0.13858227199999967,0.2021180979117532,0.24522827074370845,0.2021180979117511
structured,9,4,18,0.3368634965195887,0.022305702230440396,0.4042361958235064,5.0,1.0,0.03125,4.421574608075731,1.0,0.04666308148922063,4.999999999999999,1.0,0.031250000000000014,1.1102230246251565e-16,0.35580575029826933,0.2547984975729994,0.4042361958235064,0.4042361958235064,0.4042361958235064
structured,9,4,19,0.3368634965195887,0.022305702230440396,0.4042361958235064,7.0,0.8660254037844386,0.0078125,6.165158488581738,1.0,0.01393485220593101,6.999999999999994,0.8660254037844413,0.007812500000000035,1.1796119636642288e-15,0.3207454792117929,0.11208859999999962,0.35007881471233754,0.4042361958235064,0.3500788147123386
structured,9,4,20,0.3368634965195887,0.022305702230440396,0.4042361958235064,7.0,0.8660254037844386,0.0078125,6.156136088556355,1.0,0.014022271766818264,7.0000000000000115,0.866025403784434,0.007812499999999938,2.1094237467877974e-15,0.3240024746626698,0.11014819999999945,0.35007881471233754,0.4042361958235064,0.35007881471233565
structured,9,4,21,0.3368634965195887,0.022305702230440396,0.4042361958235064,6.0,1.0,0.015625,5.274696614087683,1.0,0.02583200411147816,5.999999999999999,1.0,0.015625000000000014,2.220446049250313e-16,0.2796537422676511,0.18709909399999947,0.4042361958235064,0.4042361958235064,0.4042361958235064
structured,9,4,22,0.3368634965195887,0.022305702230440396,0.4042361958235064,5.999999999999999,1.0,0.015625000000000007,5.335499682689705,1.0,0.024765925014965454,6.000000000000003,1.0,0.01562499999999997,6.661338147750939e-16,0.3535023968756663,0.20846133313286364,0.4042361958235064,0.4042361958235064,0.4042361958235064
structured,9,4,23,0.3368634965195887,0.022305702230440396,0.4042361958235064,7.0,0.8660254037844385,0.007812499999999998,6.207053033240006,1.0,0.013536015790320413,6.999999999999996,0.8660254037844406,0.007812500000000026,9.159339953157541e-16,0.30243383489315234,0.12299801487999941,0.3500788147123375,0.4042361958235064,0.3500788147123383
structured,9,4,24,0.3368634965195887,0.022305702230440396,0.4042361958235064,8.0,0.49999999999999994,0.0039062499999999996,7.387208776060404,0.7173614727916395,0.0059734959581702355,8.000000000000018,0.499999999999994,0.003906249999999953,2.6506574712925612e-15,0.2173614727916409,0.0726219999999998,0.20211809791175317,0.28998347279164016,0.20211809791175078
structured,9,4,25,0.3368634965195887,0.022305702230440396,0.4042361958235064,8.0,0.4999999999999999,0.003906249999999999,7.472894075865002,0.6859429813210604,0.005629045106434567,7.999999999999991,0.5000000000000031,0.003906250000000024,1.3877787807814457e-15,0.18594298132106007,0.09133999999999964,0.20211809791175314,0.27728298132105994,0.20211809791175445
structured,9,4,26,0.3368634965195887,0.022305702230440396,0.4042361958235064,6.0,1.0,0.015624999999999998,5.142481831944924,1.0,0.028311228594736535,6.0,1.0,0.015625,5.551115123125783e-17,0.3500419887977114,0.15315924399999942,0.4042361958235064,0.4042361958235064,0.4042361958235064
structured,9,4,27,0.3368634965195887,0.022305702230440396,0.4042361958235064,8.0,0.5000000000000001,0.003906250000000001,7.565535446561409,0.652460410107165,0.005278942084040703,7.9999999999999805,0.5000000000000068,0.003906250000000053,3.12944115066216e-15,0.15246041010716588,0.11128770399999979,0.20211809791175325,0.26374811410716525,0.20211809791175595
structured,9,4,28,0.3368634965195887,0.022305702230440396,0.4042361958235064,6.0,1.0,0.015624999999999997,5.2657983883815325,1.0,0.02599182258731194,5.999999999999995,1.0,0.015625000000000062,1.0547118733938987e-15,0.3186399467991046,0.18646351891999938,0.4042361958235064,0.4042361958235064,0.4042361958235064
structured,9,4,29,0.3368634965195887,0.022305702230440396,0.4042361958235064,7.0,0.8660254037844386,0.0078125,6.645224908738078,1.0,0.009990517262056062,6.9999999999999964,0.8660254037844399,0.007812500000000017,5.551115123125783e-16,0.1398219518000053,0.23012743353830345,0.35007881471233754,0.4042361958235064,0.35007881471233804
structured,9,8,0,0.5185139795622258,0.03210036310039686,0.6222167754746709,5.0,1.0,0.031249999999999993,3.5960769432812754,1.0,0.08269380456644079,5.0,1.0,0.03125,3.469446951953614e-17,0.8425010390250851,0.35734168804999866,0.6222167754746709,0.6222167754746709,0.6222167754746709
structured,9,8,1,0.5185139795622258,0.03210036310039686,0.6222167754746709,5.999999999999999,1.0,0.015625000000000007,5.156967882884735,1.0,0.028028378947122658,5.9999999999999964,1.0,0.015625000000000038,4.90059381963448e-16,0.42938236870845214,0.4234143100077955,0.6222167754746709,0.6222167754746709,0.6222167754746709
structured,9,8,2,0.5185139795622258,0.03210036310039686,0.6222167754746709,9.0,7.450580596923828e-09,0.0019531250000000004,9.0,0.0,0.001953125,9.0,0.0,0.001953125,1.5308934675495323e-16,-0.0,1.2967057982926633e-16,4.635876234432093e-09,0.0,0.0
structured,9,8,3,0.5185139795622258,0.03210036310039686,0.6222167754746709,6.0,1.0,0.015624999999999997,4.347316168381985,1.0,0.049127813158632294,6.000000000000005,1.0,0.015624999999999944,8.170547571850761e-16,0.7520767444425115,0.2650475614303989,0.6222167754746709,0.6222167754746709,0.6222167754746709
structured,9,8,4,0.5185139795622258,0.03210036310039686,0.6222167754746709,5.0,1.0,0.03125000000000001,3.6853174149256565,1.0,0.07773362386607487,5.000000000000002,1.0,0.031249999999999955,4.371503159461554e-16,0.8382257036996572,0.3786667082559987,0.6222167754746709,0.6222167754746709,0.6222167754746709
structured,9,8,5,0.5185139795622258,0.03210036310039686,0.6222167754746709,8.0,0.49999999999999994,0.0039062499999999996,7.739123227435457,0.590849673117328,0.004680494814241041,8.000000000000004,0.49999999999999867,0.0039062499999999896,5.095750210681871e-16,0.09084967311732747,0.2767869052799993,0.3111083877373354,0.36763657839732716,0.3111083877373346
structured,9,8,6,0.5185139795622258,0.03210036310039686,0.6222167754746709,6.0,1.0,0.015625,4.72138281460584,1.0,0.03790723885616851,6.000000000000003,1.0,0.015624999999999969,5.551115123125783e-16,0.6076616926927954,0.3423092419599987,0.6222167754746709,0.6222167754746709,0.6222167754746709
structured,9,8,7,0.5185139795622258,0.03210036310039686,0.6222167754746709,6.0,1.0,0.015625000000000003,4.289815464564583,1.0,0.051125417704908284,6.0000000000000036,1.0,0.01562499999999996,6.245004513516506e-16,0.7881858226503643,0.25218785199999894,0.6222167754746709,0.6222167754746709,0.6222167754746709
structured,9,8,8,0.5185139795622258,0.03210036310039686,0.6222167754746709,8.0,0.5,0.00390625,6.997586760091336,0.8669914245438933,0.007825579142442574,7.999999999999988,0.5000000000000042,0.003906250000000033,2.3028454143592114e-15,0.36699142454389455,0.17246518399999922,0.31110838773733546,0.5394566085438928,0.31110838773733807
structured,9,8,9,0.5185139795622258,0.03210036310039686,0.6222167754746709,7.0,0.8660254037844386,0.0078125,5.939509447129621,1.0,0.016294066966956254,6.999999999999996,0.8660254037844406,0.007812500000000026,7.598088824778415e-16,0.4909386539605357,0.3161972013791988,0.5388555342219032,0.6222167754746709,0.5388555342219045
structured,9,8,10,0.5185139795622258,0.03210036310039686,0.6222167754746709,7.0,0.8660254037844386,0.0078125,5.953727468377474,1.0,0.016134274666573113,7.000000000000008,0.8660254037844356,0.007812499999999958,1.360456886034811e-15,0.5687610613396352,0.328983772547199,0.5388555342219032,0.6222167754746709,0.5388555342219014
structured,9,8,11,0.5185139795622258,0.03210036310039686,0.6222167754746709,8.0,0.5,0.00390625,7.139778756521667,0.8109613664951404,0.007091080765216137,7.999999999999999,0.5000000000000004,0.0039062500000000035,3.0531133177191805e-16,0.3109613664951392,0.1936323999999991,0.31110838773733546,0.5045937664951391,0.31110838773733573
structured,9,8,12,0.5185139795622258,0.03210036310039686,0.6222167754746709,5.0,1.0,0.031249999999999997,3.4043982037021174,1.0,0.09444392409802786,4.9999999999999964,1.0,0.031250000000000076,6.106226635438361e-16,0.8893848223023525,0.3154312843707988,0.6222167754746709,0.6222167754746709,0.6222167754746709
structured,9,8,13,0.5185139795622258,0.03210036310039686,0.6222167754746709,7.0,0.8660254037844386,0.0078125,5.931495679062562,1.0,0.016384827800873684,7.000000000000007,0.8660254037844359,0.007812499999999964,1.3123183095764546e-15,0.4634932849581733,0.3120470355999991,0.5388555342219032,0.6222167754746709,0.5388555342219016
structured,9,8,14,0.5185139795622258,0.03210036310039686,0.6222167754746709,7.0,0.8660254037844386,0.0078125,5.761706470754712,1.0,0.01843119636482843,6.999999999999987,0.866025403784444,0.007812500000000073,2.3757038003502373e-15,0.6128604255211246,0.2920976232608632,0.5388555342219032,0.6222167754746709,0.5388555342219067
structured,9,8,15,0.5185139795622258,0.03210036310039686,0.6222167754746709,8.0,0.5,0.00390625,6.903648920074188,0.905022716214012,0.00835207903799522,8.000000000000012,0.49999999999999545,0.0039062499999999644,2.2985086056692694e-15,0.4050227162140108,0.15809759999999914,0.31110838773733546,0.5631203162140107,0.3111083877373326
structured,9,8,16,0.5185139795622258,0.03210036310039686,0.6222167754746709,6.0,1.0,0.015625,4.739705354063185,1.0,0.03742885294573241,5.999999999999996,1.0,0.015625000000000052,7.563394355258879e-16,0.6099639894990098,0.35046892748559855,0.6222167754746709,0.6222167754746709,0.6222167754746709
structured,9,8,17,0.5185139795622258,0.03210036310039686,0.6222167754746709,9.0,0.0,0.001953125,9.0,0.0,0.001953125,9.0,0.0,0.0019531249999999998,2.0296264668928643e-16,-0.0,1.6306400674181987e-16,0.0,0.0,0.0
structured,9,8,18,0.5185139795622258,0.03210036310039686,0.6222167754746709,8.0,0.4999999999999999,0.003906249999999999,6.499669586562733,1.0,0.01105107414006288,7.999999999999982,0.5000000000000062,0.003906250000000049,2.9258279826693823e-15,0.5791373823235154,0.09231999999999946,0.3111083877373354,0.6222167754746709,0.31110838773733934
structured,9,8,19,0.5185139795622258,0.03210036310039686,0.6222167754746709,8.0,0.5,0.00390625,7.825121226694161,0.5607448369075532,0.004409646657175612,8.00000000000001,0.49999999999999645,0.0039062499999999722,1.79283671242203e-15,0.06074483690755312,0.2881600073771349,0.31110838773733546,0.348904844284688,0.31110838773733324
structured,9,8,20,0.5185139795622258,0.03210036310039686,0.6222167754746709,6.999999999999999,0.8660254037844389,0.007812500000000003,5.968877742657298,1.0,0.015965729208217046,6.99999999999999,0.8660254037844426,0.007812500000000054,1.6158949178723958e-15,0.4253603053424153,0.3190441027903987,0.5388555342219035,0.6222167754746709,0.5388555342219057
structured,9,8,21,0.5185139795622258,0.03210036310039686,0.6222167754746709,9.0,0.0,0.0019531249999999998,9.0,0.0,0.001953125,9.0,7.450580596923828e-09,0.0019531250000000004,2.6107588313450947e-16,-0.0,1.6393136847980827e-16,0.0,0.0,4.635876234432093e-09
structured,9,8,22,0.5185139795622258,0.03210036310039686,0.6222167754746709,5.0,1.0,0.03125,3.9066097065025023,1.0,0.06667964776311146,5.000000000000003,1.0,0.031249999999999944,4.440892098500626e-16,0.7697949583901262,0.42230052935792545,0.6222167754746709,0.6222167754746709,0.6222167754746709
structured,9,8,23,0.5185139795622258,0.03210036310039686,0.6222167754746709,7.0,0.8660254037844386,0.0078125,5.241380241959043,1.0,0.026435487792060987,7.000000000000011,0.8660254037844346,0.0078124999999999445,1.923374653989285e-15,0.7826697704153339,0.1709830719999994,0.5388555342219032,0.6222167754746709,0.5388555342219008
structured,9,8,24,0.5185139795622258,0.03210036310039686,0.6222167754746709,6.0,1.0,0.015625,4.66889709119425,1.0,0.03931170941138875,6.000000000000003,1.0,0.01562499999999997,5.828670879282072e-16,0.5790213704341016,0.3346927917199988,0.6222167754746709,0.6222167754746709,0.6222167754746709
structured,9,8,25,0.5185139795622258,0.03210036310039686,0.6222167754746709,6.0,1.0,0.015625,4.730154163287316,1.0,0.03767746826704147,5.9999999999999964,1.0,0.015625000000000035,5.672545766444159e-16,0.5839867559353313,0.34694454199999836,0.6222167754746709,0.6222167754746709,0.6222167754746709
structured,9,8,26,0.5185139795622258,0.03210036310039686,0.6222167754746709,8.0,0.5,0.00390625,6.778108414126649,0.9572156107629275,0.009111419730376909,8.000000000000004,0.49999999999999856,0.0039062499999999887,7.040808908120866e-16,0.45721561076292716,0.13837999999999898,0.31110838773733546,0.5955956107629264,0.31110838773733457
structured,9,8,27,0.5185139795622258,0.03210036310039686,0.6222167754746709,7.0,0.8660254037844388,0.007812500000000002,5.955040910149637,1.0,0.016119592570767494,7.000000000000011,0.8660254037844346,0.0078124999999999445,1.8318679906315083e-15,0.41930987257671415,0.3145266501023995,0.5388555342219034,0.6222167754746709,0.5388555342219008
structured,9,8,28,0.5185139795622258,0.03210036310039686,0.6222167754746709,6.0,1.0,0.015625,4.931699440794355,1.0,0.0327650276449893,5.999999999999996,1.0,0.015625000000000052,8.187894806610529e-16,0.5305422914366753,0.3833004153999986,0.6222167754746709,0.6222167754746709,0.6222167754746709
structured,9,8,29,0.5185139795622258,0.03210036310039686,0.6222167754746709,7.0,0.8660254037844386,0.007812499999999999,5.192290349950482,1.0,0.027350474072526394,7.000000000000012,0.8660254037844336,0.007812499999999932,2.2863655413374318e-15,0.8112471960370378,0.16018699999999925,0.5388555342219032,0.6222167754746709,0.5388555342219001
structured,9,16,0,0.746168698463864,0.03376844961042133,0.8954024381566368,7.0,0.8660254037844386,0.007812499999999999,3.5613538813078454,1.0,0.08470823963724225,7.0000000000000115,0.866025403784434,0.007812499999999938,1.9402882078800587e-15,2.0565124795127154,0.45644563735999816,0.7754412580541722,0.8954024381566368,0.7754412580541681
structured,9,16,1,0.746168698463864,0.03376844961042133,0.8954024381566368,8.0,0.5,0.00390625,5.816491394565516,1.0,0.017744412330633272,8.000000000000021,0.4999999999999927,0.0039062499999999428,3.731823877695106e-15,0.9217189519455061,0.3512916639999982,0.4477012190783184,0.8954024381566368,0.44770121907831184
structured,9,16,2,0.746168698463864,0.03376844961042133,0.8954024381566368,7.999999999999999,0.5000000000000002,0.003906250000000002,6.293956953012844,1.0,0.012744716103285082,8.00000000000001,0.4999999999999964,0.003906249999999972,1.940721888749053e-15,0.6752972650442457,0.37706677163519875,0.4477012190783186,0.8954024381566368,0.44770121907831517
structured,9,16,3,0.746168698463864,0.03376844961042133,0.8954024381566368,7.999999999999999,0.5000000000000002,0.003906250000000002,6.0696681302220945,1.0,0.014888393171130927,7.999999999999997,0.5000000000000008,0.003906250000000006,3.8163916471489756e-16,0.7867456337228322,0.3654095439999986,0.4477012190783186,0.8954024381566368,0.4477012190783191
structured,9,16,4,0.746168698463864,0.03376844961042133,0.8954024381566368,6.0,1.0,0.015625,3.9222076220193935,1.0,0.06596261381686692,6.0000000000000036,1.0,0.015624999999999965,6.487865800153259e-16,1.0162322036209277,0.6771817226215999,0.8954024381566368,0.8954024381566368,0.8954024381566368
structured,9,16,5,0.746168698463864,0.03376844961042133,0.8954024381566368,6.999999999999999,0.8660254037844389,0.007812500000000003,4.789440279509808,1.0,0.036160532179882264,6.99999999999999,0.8660254037844425,0.007812500000000052,1.5144135945277526e-15,1.0296976065236345,0.5644026525178227,0.7754412580541725,0.8954024381566368,0.7754412580541756
structured,9,16,6,0.746168698463864,0.03376844961042133,0.8954024381566368,7.0,0.8660254037844386,0.0078125,5.192008074843944,1.0,0.02735582594044634,7.000000000000014,0.866025403784433,0.007812499999999924,2.701398132964883e-15,0.8000731786425371,0.5878661248351986,0.7754412580541722,0.8954024381566368,0.7754412580541672
structured,9,16,7,0.746168698463864,0.03376844961042133,0.8954024381566368,6.0,1.0,0.015624999999999997,2.77285551439382,1.0,0.1463144828153917,6.000000000000006,1.0,0.01562499999999993,1.0512424264419451e-15,2.421078475892048,0.5968697682474233,0.8954024381566368,0.8954024381566368,0.8954024381566368
structured,9,16,8,0.746168698463864,0.03376844961042133,0.8954024381566368,7.999999999999999,0.5000000000000002,0.003906250000000002,6.652531758028026,1.0,0.009940045989017644,7.999999999999989,0.5000000000000036,0.003906250000000028,1.6820312503940116e-15,0.5111013236042443,0.39424126677439875,0.4477012190783186,0.8954024381566368,0.44770121907832156
structured,9,16,9,0.746168698463864,0.03376844961042133,0.8954024381566368,9.0,1.0536712127723509e-08,0.001953125000000001,9.0,0.0,0.001953125,9.000000000000002,0.0,0.0019531249999999983,5.14670771278869e-16,-0.0,3.211406834902064e-16,9.434597729318235e-09,0.0,0.0
structured,9,16,10,0.746168698463864,0.03376844961042133,0.8954024381566368,7.0,0.8660254037844386,0.0078125,5.1791704189604655,1.0,0.02760033486502379,7.000000000000018,0.8660254037844315,0.007812499999999903,3.1203338524132818e-15,0.8147360536580528,0.5863324238589618,0.7754412580541722,0.8954024381566368,0.7754412580541659
structured,9,16,11,0.746168698463864,0.03376844961042133,0.8954024381566368,8.0,0.5000000000000001,0.003906250000000001,5.816491394565529,1.0,0.017744412330633112,8.000000000000039,0.49999999999998623,0.0039062499999998924,6.850639847066908e-15,0.9217189519455055,0.3512916639999984,0.4477012190783185,0.8954024381566368,0.44770121907830607
structured,9,16,12,0.746168698463864,0.03376844961042133,0.8954024381566368,6.0,1.0,0.015625000000000003,3.070572261953888,1.0,0.11903252473918642,5.999999999999997,1.0,0.015625000000000028,6.054184931159057e-16,2.479419352687086,0.6406258225203256,0.8954024381566368,0.8954024381566368,0.8954024381566368
structured,9,16,13,0.746168698463864,0.03376844961042133,0.8954024381566368,6.999999999999999,0.8660254037844389,0.007812500000000003,4.526438751455041,1.0,0.04339164974621725,6.999999999999994,0.866025403784441,0.007812500000000033,9.185360805297194e-16,1.2287867778201598,0.5430237276321266,0.7754412580541725,0.8954024381566368,0.7754412580541744
structured,9,16,14,0.746168698463864,0.03376844961042133,0.8954024381566368,8.0,0.5,0.00390625,6.613105276897196,1.0,0.010215436938452532,8.000000000000004,0.4999999999999988,0.0039062499999999905,1.5189672436521917e-15,0.528385106913716,0.3924334251807988,0.4477012190783184,0.8954024381566368,0.4477012190783173
structured,9,16,15,0.746168698463864,0.03376844961042133,0.8954024381566368,8.0,0.5,0.00390625,6.6923694493961925,0.9938175402947811,0.009669322682793507,7.999999999999976,0.5000000000000084,0.003906250000000066,3.990731356484645e-15,0.4938175402947699,0.3960491083679987,0.4477012190783184,0.8898666486627786,0.44770121907832594
structured,9,16,16,0.746168698463864,0.03376844961042133,0.8954024381566368,6.999999999999999,0.8660254037844389,0.007812500000000003,3.056239115686287,1.0,0.12022100446828192,7.000000000000012,0.8660254037844336,0.007812499999999932,2.3162895212980317e-15,2.507427286022544,0.4092810479999981,0.7754412580541725,0.8954024381566368,0.7754412580541677
structured,9,16,17,0.746168698463864,0.03376844961042133,0.8954024381566368,7.999999999999999,0.5000000000000002,0.003906250000000002,6.440660259671105,1.0,0.011512458295643653,7.999999999999988,0.5000000000000043,0.003906250000000034,2.1740421962679335e-15,0.6061621318063525,0.38429813800959867,0.4477012190783186,0.8954024381566368,0.4477012190783223
structured,9,16,18,0.746168698463864,0.03376844961042133,0.8954024381566368,8.0,0.5,0.00390625,5.95213483082469,1.0,0.01615209564714258,7.99999999999998,0.5000000000000071,0.0039062500000000555,3.560086253573402e-15,0.8481350981389912,0.3589883556991982,0.4477012190783184,0.8954024381566368,0.4477012190783248
structured,9,16,19,0.746168698463864,0.03376844961042133,0.8954024381566368,9.0,0.0,0.001953125,9.0,0.0,0.001953125,9.000000000000004,0.0,0.001953124999999995,7.397511422868597e-16,-0.0,2.8015784137025435e-16,0.0,0.0,0.0
structured,9,16,20,0.746168698463864,0.03376844961042133,0.8954024381566368,8.0,0.5,0.00390625,5.7645008187826585,1.0,0.0183955316333124,7.999999999999977,0.500000000000008,0.0039062500000000625,4.3125225612783424e-15,0.9507336244341911,0.3482567999999982,0.4477012190783184,0.8954024381566368,0.44770121907832555
structured,9,16,21,0.746168698463864,0.03376844961042133,0.8954024381566368,6.0,1.0,0.015625,2.9533876854038272,1.0,0.12910460041734653,5.999999999999996,1.0,0.01562500000000005,6.765421556309548e-16,2.1796035687688846,0.6161176334588796,0.8954024381566368,0.8954024381566368,0.8954024381566368
structured,9,16,22,0.746168698463864,0.03376844961042133,0.8954024381566368,7.0,0.8660254037844388,0.007812500000000002,3.417506169503713,1.0,0.0935897166918239,7.000000000000015,0.8660254037844325,0.007812499999999917,2.723515857283587e-15,2.603468133283237,0.48063858658239844,0.7754412580541724,0.8954024381566368,0.7754412580541667
structured,9,16,23,0.746168698463864,0.03376844961042133,0.8954024381566368,6.999999999999999,0.8660254037844389,0.007812500000000003,4.6920390058632835,1.0,0.038686150624652325,6.999999999999994,0.8660254037844413,0.007812500000000035,1.025221574302293e-15,1.096405089677583,0.5568705294445484,0.7754412580541725,0.8954024381566368,0.7754412580541745
structured,9,16,24,0.746168698463864,0.03376844961042133,0.8954024381566368,7.0,0.8660254037844386,0.0078125,3.2926171120181826,1.0,0.1020524616662632,6.99999999999998,0.8660254037844468,0.007812500000000111,3.544473742289611e-15,2.8789238847580796,0.4880571349167988,0.7754412580541722,0.8954024381566368,0.7754412580541795
structured,9,16,25,0.746168698463864,0.03376844961042133,0.8954024381566368,8.0,0.5000000000000001,0.003906250000000001,6.153116005661329,1.0,0.014051656202298635,7.99999999999999,0.5000000000000033,0.003906250000000026,1.5224366906041453e-15,0.7444323982821452,0.36983540526079856,0.4477012190783185,0.8954024381566368,0.4477012190783214
structured,9,16,26,0.746168698463864,0.03376844961042133,0.8954024381566368,8.0,0.5,0.00390625,5.851123059573813,1.0,0.017323532323743576,8.000000000000023,0.4999999999999918,0.003906249999999936,4.272190240461882e-15,0.9026446939404105,0.3532867848813027,0.4477012190783184,0.8954024381566368,0.447701219078311
structured,9,16,27,0.746168698463864,0.03376844961042133,0.8954024381566368,5.999999999999999,1.0,0.015625000000000007,2.487115213485516,1.0,0.17836256862859007,5.999999999999985,1.0,0.01562500000000016,2.5326962749261384e-15,2.418842997671385,0.5619043163401911,0.8954024381566368,0.8954024381566368,0.8954024381566368
structured,9,16,28,0.746168698463864,0.03376844961042133,0.8954024381566368,6.0,1.0,0.015625,3.3706631751571137,1.0,0.09667836096589778,5.9999999999999964,1.0,0.015625000000000035,5.221517662690189e-16,1.6695142392070423,0.642201353933664,0.8954024381566368,0.8954024381566368,0.8954024381566368
structured,9,16,29,0.746168698463864,0.03376844961042133,0.8954024381566368,6.0,1.0,0.015625000000000003,3.6585100206703993,1.0,0.07919153193600896,6.000000000000003,1.0,0.015624999999999972,4.787836793695988e-16,1.432991733742829,0.6650503714128961,0.8954024381566368,0.8954024381566368,0.8954024381566368
structured,10,2,0,0.23466672229708618,0.013046735214911379,0.2816000667565034,5.999999999999999,1.0,0.015625000000000007,5.5948519968810855,1.0,0.020691011764421136,5.999999999999996,1.0,0.01562500000000005,6.661338147750939e-16,0.23786987541154966,0.1587757506004,0.2816000667565034,0.2816000667565034,0.2816000667565034
structured,10,2,1,0.23466672229708618,0.013046735214911379,0.2816000667565034,9.0,0.49999999999999994,0.0019531249999999998,8.616237865272753,0.6343263395676622,0.0025483199416769884,9.000000000000021,0.4999999999999929,0.0019531249999999722,3.497202527569243e-15,0.13432633956766224,0.044299999999999895,0.14080003337825167,0.1786263395676621,0.1408000333782497
structured,10,2,2,0.23466672229708618,0.013046735214911379,0.2816000667565034,7.0,1.0,0.0078125,6.4721725740324745,1.0,0.01126372187025015,6.999999999999994,1.0,0.007812500000000035,1.1102230246251565e-15,0.2000162352724975,0.10479749447999996,0.2816000667565034,0.2816000667565034,0.2816000667565034
structured,10,2,3,0.23466672229708618,0.013046735214911379,0.2816000667565034,7.0,1.0,0.0078125,6.435636055302883,1.0,0.01155262047445036,7.0000000000000036,1.0,0.007812499999999979,6.661338147750939e-16,0.21273963409478658,0.09356791947999982,0.2816000667565034,0.2816000667565034,0.2816000667565034
structured,10,2,4,0.23466672229708618,0.013046735214911379,0.2816000667565034,7.999999999999999,0.8660254037844389,0.003906250000000002,7.392610271967924,1.0,0.005951172815540408,7.999999999999989,0.866025403784443,0.0039062500000000295,1.762479051592436e-15,0.22703990148074557,0.04809460000000024,0.2438728115185258,0.2816000667565034,0.24387281151852697
structured,10,2,5,0.23466672229708618,0.013046735214911379,0.2816000667565034,5.999999999999999,1.0,0.015625000000000007,5.428055946033001,1.0,0.023226958399881828,5.999999999999996,1.0,0.01562500000000005,6.661338147750939e-16,0.23618951971999663,0.10810850895999985,0.2816000667565034,0.2816000667565034,0.2816000667565034
structured,10,2,6,0.23466672229708618,0.013046735214911379,0.2816000667565034,8.0,0.8660254037844384,0.0039062499999999983,7.46709625105949,1.0,0.005651712324863335,7.999999999999992,0.8660254037844417,0.003906250000000021,1.4432899320127035e-15,0.19685360691625292,0.06978043199999981,0.24387281151852566,0.2816000667565034,0.2438728115185266
structured,10,2,7,0.23466672229708618,0.013046735214911379,0.2816000667565034,7.0,1.0,0.0078125,6.504165000965916,1.0,0.0110166927655814,6.999999999999997,1.0,0.007812500000000014,4.440892098500626e-16,0.19874758259336203,0.1143264543903999,0.2816000667565034,0.2816000667565034,0.2816000667565034
structured,10,2,8,0.23466672229708618,0.013046735214911379,0.2816000667565034,8.000000000000002,0.8660254037844383,0.0039062499999999974,7.4766982233091435,1.0,0.005614221800374294,7.999999999999988,0.8660254037844438,0.003906250000000035,2.3869795029440866e-15,0.19293769897998858,0.07259361999999965,0.24387281151852563,0.2816000667565034,0.2438728115185272
structured,10,2,9,0.23466672229708618,0.013046735214911379,0.2816000667565034,6.0,1.0,0.015624999999999997,5.518894149331857,1.0,0.021809580801661854,6.000000000000001,1.0,0.015624999999999993,5.551115123125783e-17,0.25618068248318515,0.13677802475060774,0.2816000667565034,0.2816000667565034,0.2816000667565034
structured,10,2,10,0.23466672229708618,0.013046735214911379,0.2816000667565034,5.0,1.0,0.03125,4.639015840673657,1.0,0.04013442835575657,5.000000000000002,1.0,0.03124999999999996,3.3306690738754696e-16,0.2609553524140374,0.17906013647379973,0.2816000667565034,0.2816000667565034,0.2816000667565034
structured,10,2,11,0.23466672229708618,0.013046735214911379,0.2816000667565034,5.0,1.0,0.03125,4.576577295246584,1.0,0.04190954604299158,5.000000000000002,1.0,0.03124999999999997,2.498001805406602e-16,0.2810514908766174,0.1616520564482174,0.2816000667565034,0.2816000667565034,0.2816000667565034
structured,10,2,12,0.23466672229708618,0.013046735214911379,0.2816000667565034,6.0,1.0,0.015624999999999997,5.552533698080759,1.0,0.021306926362499083,6.0,1.0,0.015625,5.551115123125783e-17,0.24492389304415402,0.14644188634383984,0.2816000667565034,0.2816000667565034,0.2816000667565034
structured,10,2,13,0.23466672229708618,0.013046735214911379,0.2816000667565034,5.0,1.0,0.03125,4.622548321434759,1.0,0.04059516386866994,4.999999999999997,1.0,0.031250000000000056,4.440892098500626e-16,0.27604913836340805,0.17520052512635964,0.2816000667565034,0.2816000667565034,0.2816000667565034
structured,10,2,14,0.23466672229708618,0.013046735214911379,0.2816000667565034,6.0,1.0,0.015625,5.463083034096042,1.0,0.022669823451582395,5.999999999999997,1.0,0.015625000000000028,4.440892098500626e-16,0.22555543870360528,0.11864517201999995,0.2816000667565034,0.2816000667565034,0.2816000667565034
structured,10,2,15,0.23466672229708618,0.013046735214911379,0.2816000667565034,7.0,1.0,0.007812499999999999,6.639646723543759,1.0,0.010029220405117757,6.999999999999995,1.0,0.007812500000000028,9.43689570931383e-16,0.17927144492610314,0.15388549348157637,0.2816000667565034,0.2816000667565034,0.2816000667565034
structured,10,2,16,0.23466672229708618,0.013046735214911379,0.2816000667565034,6.0,1.0,0.015625,5.597040079582541,1.0,0.020659654250500033,6.0000000000000036,1.0,0.015624999999999965,5.551115123125783e-16,0.23105346860360296,0.15868294468293928,0.2816000667565034,0.2816000667565034,0.2816000667565034
structured,10,2,17,0.23466672229708618,0.013046735214911379,0.2816000667565034,5.0,1.0,0.03125,4.543607059178843,1.0,0.04287834227312808,5.0,1.0,0.03125,0.0,0.28125667490135087,0.15163575163209994,0.2816000667565034,0.2816000667565034,0.2816000667565034
structured,10,2,18,0.23466672229708618,0.013046735214911379,0.2816000667565034,9.0,0.4999999999999998,0.0019531249999999991,8.51741174981068,0.6697940488768216,0.002729000265276586,9.000000000000021,0.4999999999999927,0.0019531249999999714,3.552713678800501e-15,0.16979404887682173,0.01881999999999991,0.14080003337825164,0.18861404887682165,0.14080003337824964
structured,10,2,19,0.23466672229708618,0.013046735214911379,0.2816000667565034,3.9999999999999996,1.0,0.06250000000000003,3.4949948504600283,1.0,0.08869552635080497,3.9999999999999996,1.0,0.06250000000000003,0.0,0.32779663007088156,0.1415877728615561,0.2816000667565034,0.2816000667565034,0.2816000667565034
structured,10,2,20,0.23466672229708618,0.013046735214911379,0.2816000667565034,4.0,1.0,0.0625,3.643595019315345,1.0,0.08001448367635246,4.0,1.0,0.0625,0.0,0.29831593597231376,0.1845586476647197,0.2816000667565034,0.2816000667565034,0.2816000667565034
structured,10,2,21,0.23466672229708618,0.013046735214911379,0.2816000667565034,5.0,1.0,0.03125,4.622985840988684,1.0,0.0405828546248031,5.0,1.0,0.03125,0.0,0.2699067894549598,0.17482064633491573,0.2816000667565034,0.2816000667565034,0.2816000667565034
structured,10,2,22,0.23466672229708618,0.013046735214911379,0.2816000667565034,5.999999999999999,1.0,0.015625000000000007,5.473442091308759,1.0,0.022507629158147847,5.9999999999999964,1.0,0.015625000000000035,4.440892098500626e-16,0.24517654905956043,0.12227768619759995,0.2816000667565034,0.2816000667565034,0.2816000667565034
structured,10,2,23,0.23466672229708618,0.013046735214911379,0.2816000667565034,5.999999999999999,1.0,0.015625000000000007,5.429922527093634,1.0,0.023196926435519682,6.0,1.0,0.015625,1.1102230246251565e-16,0.25247001752381915,0.10891532727999997,0.2816000667565034,0.2816000667565034,0.2816000667565034
structured,10,2,24,0.23466672229708618,0.013046735214911379,0.2816000667565034,6.999999999999999,1.0,0.007812500000000003,6.462383037914371,1.0,0.011340412763709652,7.0000000000000036,1.0,0.007812499999999983,6.661338147750939e-16,0.2079197103045761,0.10195315227999983,0.2816000667565034,0.2816000667565034,0.2816000667565034
structured,10,2,25,0.23466672229708618,0.013046735214911379,0.2816000667565034,5.0,1.0,0.03125,4.594938773992531,1.0,0.0413795345035323,5.000000000000001,1.0,0.031249999999999972,2.220446049250313e-16,0.28458178083796615,0.16701338102714192,0.2816000667565034,0.2816000667565034,0.2816000667565034
structured,10,2,26,0.23466672229708618,0.013046735214911379,0.2816000667565034,7.0,1.0,0.007812499999999998,6.464124810323727,1.0,0.011326729692300147,7.000000000000007,1.0,0.007812499999999962,1.1657341758564144e-15,0.21361673764989442,0.10270854999999979,0.2816000667565034,0.2816000667565034,0.2816000667565034
structured,10,2,27,0.23466672229708618,0.013046735214911379,0.2816000667565034,6.000000000000001,1.0,0.015624999999999993,5.4512964322862265,1.0,0.022855791134094867,6.000000000000003,1.0,0.015624999999999972,3.3306690738754696e-16,0.24816407664485263,0.11560058739999983,0.2816000667565034,0.2816000667565034,0.2816000667565034
structured,10,2,28,0.23466672229708618,0.013046735214911379,0.2816000667565034,6.999999999999999,1.0,0.007812500000000003,6.505441262782576,1.0,0.011006951297928058,7.0,1.0,0.0078125,1.1102230246251565e-16,0.21132218331562455,0.11511986466399987,0.2816000667565034,0.2816000667565034,0.2816000667565034
structured,10,2,29,0.23466672229708618,0.013046735214911379,0.2816000667565034,8.0,0.8660254037844386,0.00390625,7.447220313186956,1.0,0.00573011451611797,8.00000000000001,0.866025403784434,0.0039062499999999688,1.9984014443252818e-15,0.20529546738889923,0.0637158,0.24387281151852572,0.2816000667565034,0.24387281151852444
structured,10,4,0,0.35190339743512145,0.021416163265379293,0.4222840769221457,8.0,0.8660254037844385,0.003906249999999999,7.438639615587253,1.0,0.005764296992557945,7.999999999999986,0.8660254037844443,0.003906250000000038,2.491062911502695e-15,0.2281350283005992,0.2001946142383675,0.3657087382282401,0.4222840769221457,0.36570873822824257
structured,10,4,1,0.35190339743512145,0.021416163265379293,0.4222840769221457,5.0,1.0,0.03125,4.2783667152744504,1.0,0.051532746135109546,5.0,1.0,0.03125,0.0,0.4843904375758056,0.2492188620183993,0.4222840769221457,0.4222840769221457,0.4222840769221457
structured,10,4,2,0.35190339743512145,0.021416163265379293,0.4222840769221457,6.0,1.0,0.015625,5.371349823705286,1.0,0.024158089498225576,5.999999999999995,1.0,0.015625000000000062,9.992007221626409e-16,0.393309432639156,0.2605084826156072,0.4222840769221457,0.4222840769221457,0.4222840769221457
structured,10,4,3,0.35190339743512145,0.021416163265379293,0.4222840769221457,9.0,0.5000000000000002,0.001953125000000001,8.206131803839645,0.7854033130723547,0.003386165485097778,9.00000000000004,0.499999999999986,0.0019531249999999454,7.053385653321698e-15,0.28540331307235434,0.0462599999999998,0.21114203846107293,0.3316633130723543,0.21114203846106694
structured,10,4,4,0.35190339743512145,0.021416163265379293,0.4222840769221457,8.999999999999998,0.5000000000000004,0.0019531250000000017,8.327327559467172,0.7396022559385463,0.003113326160114793,8.999999999999995,0.500000000000002,0.001953125000000008,7.771561172376096e-16,0.23960225593854553,0.07271999999999969,0.21114203846107304,0.31232225593854557,0.21114203846107368
structured,10,4,5,0.35190339743512145,0.021416163265379293,0.4222840769221457,6.999999999999999,1.0,0.007812500000000003,6.219313241938453,1.0,0.013421472372455723,6.999999999999998,1.0,0.00781250000000001,2.220446049250313e-16,0.3248533861356804,0.19596477375999977,0.4222840769221457,0.4222840769221457,0.4222840769221457
structured,10,4,6,0.35190339743512145,0.021416163265379293,0.4222840769221457,7.0,1.0,0.007812500000000002,6.200870142139631,1.0,0.013594150948821486,6.999999999999999,1.0,0.007812500000000007,1.5265566588595902e-16,0.40459376027984273,0.19406758533119967,0.4222840769221457,0.4222840769221457,0.4222840769221457
structured,10,4,7,0.35190339743512145,0.021416163265379293,0.4222840769221457,5.999999999999999,1.0,0.015625000000000007,5.290069136748326,1.0,0.02555821450130537,6.000000000000005,1.0,0.015624999999999944,9.992007221626409e-16,0.4533012130719342,0.24290948028291948,0.4222840769221457,0.4222840769221457,0.4222840769221457
structured,10,4,8,0.35190339743512145,0.021416163265379293,0.4222840769221457,6.0,1.0,0.015625,5.518345495484998,1.0,0.021817876516043316,5.999999999999995,1.0,0.015625000000000056,8.881784197001252e-16,0.3626359216838033,0.2985897505390266,0.4222840769221457,0.4222840769221457,0.4222840769221457
structured,10,4,9,0.35190339743512145,0.021416163265379293,0.4222840769221457,6.0,1.0,0.015625,5.458215196219043,1.0,0.02274644353019786,6.000000000000001,1.0,0.015624999999999986,2.220446049250313e-16,0.4042473409118085,0.2839233683906712,0.4222840769221457,0.4222840769221457,0.4222840769221457
structured,10,4,10,0.35190339743512145,0.021416163265379293,0.4222840769221457,6.0,1.0,0.015625,5.258953425198477,1.0,0.026115435542328445,6.0,1.0,0.015624999999999998,2.7755575615628914e-17,0.4222738386677624,0.23215141021919936,0.4222840769221457,0.4222840769221457,0.4222840769221457
structured,10,4,11,0.35190339743512145,0.021416163265379293,0.4222840769221457,4.0,1.0,0.0625,3.3958462890621512,1.0,0.09500542527271295,4.0,1.0,0.0625,0.0,0.549627451347236,0.2869953105722191,0.4222840769221457,0.4222840769221457,0.4222840769221457
structured,10,4,12,0.35190339743512145,0.021416163265379293,0.4222840769221457,6.0,1.0,0.015625,5.491501316561775,1.0,0.02222764144187789,6.008085772938203,1.0,0.015537672592609762,0.0028023300904251036,0.41146944118045525,0.2966524948796313,0.4222840769221457,0.4222840769221457,0.4222840769221457
structured,10,4,13,0.35190339743512145,0.021416163265379293,0.4222840769221457,8.0,0.8660254037844386,0.0039062499999999996,7.480455151041529,1.0,0.005599620803191267,7.99999999999999,0.8660254037844425,0.003906250000000026,1.6930901125533637e-15,0.22481021081977448,0.20933321599999946,0.3657087382282402,0.4222840769221457,0.3657087382282418
structured,10,4,14,0.35190339743512145,0.021416163265379293,0.4222840769221457,9.0,0.5,0.001953125,8.256142746549298,0.7663704293300821,0.0032707954490295873,9.00000000000003,0.4999999999999898,0.00195312499999996,5.10702591327572e-15,0.2663704293300827,0.05725559999999996,0.21114203846107285,0.3236260293300822,0.21114203846106855
structured,10,4,15,0.35190339743512145,0.021416163265379293,0.4222840769221457,8.0,0.8660254037844386,0.00390625,7.4333067562411745,1.0,0.00578564389482354,8.000000000000023,0.8660254037844297,0.0039062499999999393,3.885780586188048e-15,0.2080916188896681,0.19649521599999942,0.3657087382282402,0.4222840769221457,0.3657087382282364
structured,10,4,16,0.35190339743512145,0.021416163265379293,0.4222840769221457,4.0,1.0,0.0625,3.5213042751029087,1.0,0.0870927069818294,3.9999999999999996,1.0,0.06250000000000003,1.1102230246251565e-16,0.4857209765467905,0.31764075021846416,0.4222840769221457,0.4222840769221457,0.4222840769221457
structured,10,4,17,0.35190339743512145,0.021416163265379293,0.4222840769221457,8.0,0.8660254037844386,0.00390625,7.366569046703893,1.0,0.006059569232805341,8.000000000000007,0.8660254037844356,0.003906249999999979,1.3322676295501878e-15,0.23757053632934771,0.17946477599999927,0.3657087382282402,0.4222840769221457,0.3657087382282389
structured,10,4,18,0.35190339743512145,0.021416163265379293,0.4222840769221457,5.999999999999999,1.0,0.015625000000000007,5.161773817544304,1.0,0.02793516559224417,6.0,1.0,0.015625,1.1102230246251565e-16,0.4301744145274049,0.20613542812919972,0.4222840769221457,0.4222840769221457,0.4222840769221457
structured,10,4,19,0.35190339743512145,0.021416163265379293,0.4222840769221457,8.0,0.8660254037844384,0.0039062499999999983,7.029416504774093,1.0,0.00765481642463612,8.000000000000014,0.8660254037844327,0.00390624999999996,2.4338170367954604e-15,0.3809496328906812,0.09663238887999956,0.36570873822824007,0.4222840769221457,0.3657087382282377
structured,10,4,20,0.35190339743512145,0.021416163265379293,0.4222840769221457,8.0,0.8660254037844386,0.00390625,7.228851221461087,1.0,0.006666516343382717,8.000000000000014,0.8660254037844327,0.00390624999999996,2.55351295663786e-15,0.2904040099116337,0.14894203703999948,0.3657087382282402,0.4222840769221457,0.3657087382282377
structured,10,4,21,0.35190339743512145,0.021416163265379293,0.4222840769221457,4.0,1.0,0.0625,3.6059289456513586,1.0,0.08213102164214568,4.000000000000001,1.0,0.06249999999999997,1.1102230246251565e-16,0.5144492517823666,0.3390025497090645,0.4222840769221457,0.4222840769221457,0.4222840769221457
structured,10,4,22,0.35190339743512145,0.021416163265379293,0.4222840769221457,6.0,1.0,0.015625,5.208694496446298,1.0,0.027041247200023093,6.000000000000005,1.0,0.015624999999999944,9.159339953157541e-16,0.39823548789498264,0.21799795388679932,0.4222840769221457,0.4222840769221457,0.4222840769221457
structured,10,4,23,0.35190339743512145,0.021416163265379293,0.4222840769221457,6.0,1.0,0.015625,5.201936659828789,1.0,0.02716821027139279,5.999999999999998,1.0,0.01562500000000002,3.3306690738754696e-16,0.41496230433459713,0.21657749384719943,0.4222840769221457,0.4222840769221457,0.4222840769221457
structured,10,4,24,0.35190339743512145,0.021416163265379293,0.4222840769221457,9.0,0.5000000000000002,0.001953125000000001,8.349173863946964,0.7314598457814238,0.00306653713277572,9.0,0.4999999999999998,0.0019531249999999991,1.8388068845354155e-16,0.2314598457814239,0.07742399999999977,0.21114203846107293,0.3088838457814236,0.21114203846107277
structured,10,4,25,0.35190339743512145,0.021416163265379293,0.4222840769221457,4.0,1.0,0.0625,3.368546977177243,1.0,0.09682027638823261,4.000000000000001,1.0,0.06249999999999997,1.1102230246251565e-16,0.5319936989759195,0.2776170688515275,0.4222840769221457,0.4222840769221457,0.4222840769221457
structured,10,4,26,0.35190339743512145,0.021416163265379293,0.4222840769221457,6.0,1.0,0.015625,5.402077806311511,1.0,0.02364898693691036,5.9999999999999964,1.0,0.01562500000000004,6.661338147750939e-16,0.4174179227896603,0.26997429446906335,0.4222840769221457,0.4222840769221457,0.4222840769221457
structured,10,4,27,0.35190339743512145,0.021416163265379293,0.4222840769221457,6.0,1.0,0.015625,5.338484668526981,1.0,0.02471473643499164,6.000000000000001,1.0,0.015624999999999986,2.498001805406602e-16,0.34040243939247217,0.2509530797771993,0.4222840769221457,0.4222840769221457,0.4222840769221457
structured,10,4,28,0.35190339743512145,0.021416163265379293,0.4222840769221457,6.0,1.0,0.015625,5.36156417837911,1.0,0.02432250820835897,6.0,1.0,0.015625,0.0,0.4009104419700234,0.2605256344422671,0.4222840769221457,0.4222840769221457,0.4222840769221457
structured,10,4,29,0.35190339743512145,0.021416163265379293,0.4222840769221457,8.0,0.8660254037844385,0.003906249999999999,7.106652841499646,1.0,0.007255783671864884,7.999999999999982,0.8660254037844458,0.003906250000000049,3.184952301893418e-15,0.34747543156181493,0.11597096799999954,0.3657087382282401,0.4222840769221457,0.3657087382282432
structured,10,8,0,0.5352514541763891,0.030466191442653803,0.6423017450116669,8.0,0.8660254037844386,0.00390625,6.96161187166733,1.0,0.00802317025958854,8.000000000000007,0.8660254037844356,0.003906249999999979,1.3565537582138631e-15,0.40482633193320294,0.3422654668345425,0.5562496280751784,0.6423017450116669,0.5562496280751764
structured,10,8,1,0.5352514541763891,0.030466191442653803,0.6423017450116669,10.0,0.0,0.0009765625,10.0,0.0,0.0009765625,10.0,0.0,0.0009765625,1.8192912454306764e-16,-0.0,1.8192912454306764e-16,0.0,0.0,0.0
structured,10,8,2,0.5352514541763891,0.030466191442653803,0.6423017450116669,7.999999999999999,0.8660254037844389,0.003906250000000002,5.905310026195159,1.0,0.016684936126425867,8.00000000000001,0.8660254037844346,0.0039062499999999722,1.9099305470504646e-15,0.9814878989840243,0.13064979999999957,0.5562496280751785,0.6423017450116669,0.5562496280751758
structured,10,8,3,0.5352514541763891,0.030466191442653803,0.6423017450116669,7.0,1.0,0.007812500000000002,5.622900113504795,1.0,0.02029263310062622,6.999999999999992,1.0,0.007812500000000045,1.3994881642442891e-15,0.8940902123472263,0.3742991483160455,0.6423017450116669,0.6423017450116669,0.6423017450116669
structured,10,8,4,0.5352514541763891,0.030466191442653803,0.6423017450116669,9.0,0.5000000000000002,0.001953125000000001,8.360716413540748,0.727171065255784,0.003042100617754811,9.000000000000012,0.49999999999999556,0.0019531249999999827,2.264139396801479e-15,0.22717106525578262,0.2398921788799992,0.32115087250583363,0.4670632441357828,0.32115087250583063
structured,10,8,5,0.5352514541763891,0.030466191442653803,0.6423017450116669,8.0,0.8660254037844386,0.00390625,6.573728259615445,1.0,0.010498097707779876,7.999999999999971,0.8660254037844505,0.00390625000000008,5.07710193331512e-15,0.5829969182643999,0.2731893284319987,0.5562496280751784,0.6423017450116669,0.556249628075186
structured,10,8,6,0.5352514541763891,0.030466191442653803,0.6423017450116669,9.0,0.4999999999999999,0.0019531249999999996,8.332998176847168,0.7374855484509003,0.0031011130241168955,8.999999999999964,0.5000000000000124,0.0019531250000000486,6.276229536084088e-15,0.23748554845090042,0.23620270623999917,0.3211508725058334,0.4736882546908995,0.32115087250584146
structured,10,8,7,0.5352514541763891,0.030466191442653803,0.6423017450116669,7.0,1.0,0.0078125,5.780995184895349,1.0,0.018186412798470844,7.000000000000005,1.0,0.007812499999999969,9.992007221626409e-16,0.7816760569652126,0.39515139698392354,0.6423017450116669,0.6423017450116669,0.6423017450116669
structured,10,8,8,0.5352514541763891,0.030466191442653803,0.6423017450116669,7.0,1.0,0.007812500000000002,5.324389586452222,1.0,0.024957381968814366,6.999999999999999,1.0,0.007812500000000007,1.8821749714348357e-16,0.7756512783877024,0.29482794599999873,0.6423017450116669,0.6423017450116669,0.6423017450116669
structured,10,8,9,0.5352514541763891,0.030466191442653803,0.6423017450116669,6.0,1.0,0.015625,5.146128577296574,1.0,0.028239755787325512,5.999999999999995,1.0,0.015625000000000056,8.690964614643804e-16,0.6910869093789991,0.4922588139794096,0.6423017450116669,0.6423017450116669,0.6423017450116669
structured,10,8,10,0.5352514541763891,0.030466191442653803,0.6423017450116669,7.999999999999999,0.8660254037844389,0.003906250000000002,6.419371742487203,1.0,0.01168359656061223,7.999999999999995,0.8660254037844409,0.003906250000000016,8.881784197001252e-16,0.7602801207814219,0.2533038530991991,0.5562496280751785,0.6423017450116669,0.5562496280751799
structured,10,8,11,0.5352514541763891,0.030466191442653803,0.6423017450116669,8.0,0.8660254037844386,0.0039062499999999996,7.031182683604119,1.0,0.007645450964779377,7.999999999999996,0.8660254037844405,0.003906250000000012,8.049116928532385e-16,0.3767310715849859,0.3528331026096126,0.5562496280751784,0.6423017450116669,0.5562496280751795
structured,10,8,12,0.5352514541763891,0.030466191442653803,0.6423017450116669,8.0,0.8660254037844386,0.0039062499999999996,6.55638036482289,1.0,0.010625095621351178,7.999999999999988,0.8660254037844435,0.003906250000000033,2.1415161310933684e-15,0.5979660280023689,0.2678349039999982,0.5562496280751784,0.6423017450116669,0.5562496280751815
structured,10,8,13,0.5352514541763891,0.030466191442653803,0.6423017450116669,8.0,0.8660254037844386,0.00390625,6.943148220857741,1.0,0.008126510880770734,7.999999999999984,0.866025403784445,0.003906250000000043,2.7432483368228233e-15,0.47808696330210465,0.33921123780639884,0.5562496280751784,0.6423017450116669,0.5562496280751825
structured,10,8,14,0.5352514541763891,0.030466191442653803,0.6423017450116669,7.0,1.0,0.007812500000000002,5.423223589910211,1.0,0.023304888328883035,6.999999999999995,1.0,0.007812500000000028,8.27463098040937e-16,0.7707070359563153,0.31720075299651074,0.6423017450116669,0.6423017450116669,0.6423017450116669
structured,10,8,15,0.5352514541763891,0.030466191442653803,0.6423017450116669,6.0,1.0,0.015625,4.654383382333197,1.0,0.03970918655413047,6.000000000000003,1.0,0.015624999999999972,4.432218481120742e-16,0.9015366839679319,0.4029574155265906,0.6423017450116669,0.6423017450116669,0.6423017450116669
structured,10,8,16,0.5352514541763891,0.030466191442653803,0.6423017450116669,7.0,1.0,0.0078125,5.1360278164160675,1.0,0.02843816493467041,7.000000000000011,1.0,0.0078124999999999445,1.7919693506840417e-15,0.8720627076274816,0.25212003599999866,0.6423017450116669,0.6423017450116669,0.6423017450116669
structured,10,8,17,0.5352514541763891,0.030466191442653803,0.6423017450116669,7.0,1.0,0.0078125,5.795417975467865,1.0,0.01800550688424276,6.999999999999998,1.0,0.00781250000000001,3.3957212042246e-16,0.6346355986728409,0.3891046110264301,0.6423017450116669,0.6423017450116669,0.6423017450116669
structured,10,8,18,0.5352514541763891,0.030466191442653803,0.6423017450116669,9.0,0.5000000000000002,0.001953125000000001,7.986157681841358,0.8715738299874277,0.003943909926245912,9.00000000000004,0.499999999999986,0.0019531249999999454,7.105427357601002e-15,0.3715738299874277,0.18823956191999913,0.32115087250583363,0.5598133919074267,0.32115087250582447
structured,10,8,19,0.5352514541763891,0.030466191442653803,0.6423017450116669,9.0,0.5000000000000002,0.001953125000000001,8.050941996119793,0.8457575506200565,0.0037707259157454586,9.000000000000034,0.49999999999998823,0.001953124999999954,5.995204332975845e-15,0.345757550620056,0.19747399999999926,0.32115087250583363,0.5432315506200556,0.3211508725058259
structured,10,8,20,0.5352514541763891,0.030466191442653803,0.6423017450116669,7.0,1.0,0.0078125,5.332944803824995,1.0,0.024809822024250583,6.9999999999999885,1.0,0.007812500000000062,2.0001361678012586e-15,0.7939439703669057,0.2946340098799987,0.6423017450116669,0.6423017450116669,0.6423017450116669
structured,10,8,21,0.5352514541763891,0.030466191442653803,0.6423017450116669,6.0,1.0,0.015625,4.961028110668229,1.0,0.032105669400973966,6.0,1.0,0.015625,3.8163916471489756e-17,0.8068215605500434,0.46140526094019174,0.6423017450116669,0.6423017450116669,0.6423017450116669
structured,10,8,22,0.5352514541763891,0.030466191442653803,0.6423017450116669,7.0,1.0,0.0078125,5.773656407777256,1.0,0.018279160096865674,7.000000000000005,1.0,0.007812499999999969,1.0278236595162582e-15,0.7167468814381363,0.39139794901199865,0.6423017450116669,0.6423017450116669,0.6423017450116669
structured,10,8,23,0.5352514541763891,0.030466191442653803,0.6423017450116669,9.0,0.5,0.001953125,8.77683562493759,0.5776205895090514,0.0022798654118155624,8.99999999999996,0.500000000000014,0.0019531250000000546,7.0382068229069006e-15,0.07762058950905168,0.29338612308727996,0.32115087250583346,0.37100671259633144,0.32115087250584246
structured,10,8,24,0.5352514541763891,0.030466191442653803,0.6423017450116669,8.0,0.8660254037844386,0.00390625,6.596393905241955,1.0,0.010334454828320785,8.000000000000027,0.8660254037844282,0.003906249999999929,4.593547764386585e-15,0.5931560178082342,0.27735526264639865,0.5562496280751784,0.6423017450116669,0.5562496280751716
structured,10,8,25,0.5352514541763891,0.030466191442653803,0.6423017450116669,7.0,1.0,0.007812499999999999,5.5911664821443186,1.0,0.020743936681239063,7.000000000000008,1.0,0.007812499999999955,1.4563003580825296e-15,0.7752728585196408,0.3554019419999984,0.6423017450116669,0.6423017450116669,0.6423017450116669
structured,10,8,26,0.5352514541763891,0.030466191442653803,0.6423017450116669,9.0,0.4999999999999998,0.0019531249999999991,7.505000005054957,1.0,0.0055051591804843765,9.000000000000023,0.4999999999999918,0.001953124999999968,4.010680676458378e-15,0.5767175814502165,0.11485999999999935,0.3211508725058333,0.6423017450116669,0.3211508725058282
structured,10,8,27,0.5352514541763891,0.030466191442653803,0.6423017450116669,7.0,1.0,0.0078125,5.834128022286948,1.0,0.01752881133757604,7.000000000000007,1.0,0.007812499999999962,1.20346441145891e-15,0.5944962138148734,0.3944384909571665,0.6423017450116669,0.6423017450116669,0.6423017450116669
structured,10,8,28,0.5352514541763891,0.030466191442653803,0.6423017450116669,9.0,0.5,0.001953125,7.511044532198292,1.0,0.005482142207929172,8.999999999999952,0.5000000000000164,0.001953125000000064,8.153525597742739e-15,0.5739778420572133,0.11583999999999922,0.32115087250583346,0.6423017450116669,0.321150872505844
structured,10,8,29,0.5352514541763891,0.030466191442653803,0.6423017450116669,7.0,1.0,0.0078125,5.934881932408901,1.0,0.016346414890983256,6.999999999999994,1.0,0.007812500000000035,1.1162945567910754e-15,0.6533528329806222,0.42077431640215845,0.6423017450116669,0.6423017450116669,0.6423017450116669
structured,10,16,0,0.7610128065957495,0.03126891088338918,0.9132153679148994,9.0,0.4999999999999999,0.0019531249999999996,5.419588417886644,1.0,0.023363683914101048,8.999999999999956,0.5000000000000152,0.0019531250000000594,7.621724432138599e-15,1.8939722391894689,0.2922399999999975,0.4566076839574496,0.9132153679148994,0.4566076839574636
structured,10,16,1,0.7610128065957495,0.03126891088338918,0.9132153679148994,6.0,1.0,0.015625,3.1651500630333858,1.0,0.11147946870181814,6.000000000000008,1.0,0.015624999999999913,1.4415552085367267e-15,2.4346803262227206,0.7282624602525101,0.9132153679148994,0.9132153679148994,0.9132153679148994
structured,10,16,2,0.7610128065957495,0.03126891088338918,0.9132153679148994,10.0,0.0,0.0009765625,10.0,0.0,0.0009765625,10.000000000000004,0.0,0.0009765624999999974,6.747532220463537e-16,-0.0,3.2759168641649516e-16,0.0,0.0,0.0
structured,10,16,3,0.7610128065957495,0.03126891088338918,0.9132153679148994,8.0,0.8660254037844386,0.00390625,6.424727629500117,1.0,0.011640302579042677,7.999999999999976,0.8660254037844481,0.003906250000000064,4.056650848571763e-15,0.6769644059873172,0.6261614190278566,0.7908677077406554,0.9132153679148994,0.7908677077406642
structured,10,16,4,0.7610128065957495,0.03126891088338918,0.9132153679148994,8.0,0.8660254037844386,0.00390625,5.350004401297409,1.0,0.024518178260403298,7.999999999999989,0.8660254037844427,0.003906250000000028,1.833169033238491e-15,1.4393992728933451,0.5737756899939184,0.7908677077406554,0.9132153679148994,0.7908677077406592
structured,10,16,5,0.7610128065957495,0.03126891088338918,0.9132153679148994,9.0,0.5,0.001953125,7.0412036836079945,1.0,0.007592529458981353,8.999999999999941,0.5000000000000204,0.00195312500000008,1.0156372270975211e-14,0.8014175123684327,0.3870569599999989,0.4566076839574497,0.9132153679148994,0.45660768395746837
structured,10,16,6,0.7610128065957495,0.03126891088338918,0.9132153679148994,8.0,0.8660254037844386,0.00390625,5.512069773588453,1.0,0.0219129909796543,7.999999999999989,0.8660254037844427,0.003906250000000028,1.891715950552708e-15,1.286288803980715,0.5824630085543983,0.7908677077406554,0.9132153679148994,0.7908677077406592
structured,10,16,7,0.7610128065957495,0.03126891088338918,0.9132153679148994,8.0,0.8660254037844386,0.0039062499999999996,3.5437280165411202,1.0,0.08574949489962956,8.00000000000001,0.866025403784434,0.0039062499999999688,1.972814273054624e-15,3.1495273779365722,0.4115809511999978,0.7908677077406554,0.9132153679148994,0.7908677077406513
structured,10,16,8,0.7610128065957495,0.03126891088338918,0.9132153679148994,9.0,0.5,0.001953125,7.471054026491682,1.0,0.005636229111843948,9.00000000000004,0.499999999999986,0.0019531249999999454,7.007090220556567e-15,0.5921880115767886,0.40521486524755096,0.4566076839574497,0.9132153679148994,0.45660768395743695
structured,10,16,9,0.7610128065957495,0.03126891088338918,0.9132153679148994,9.0,0.4999999999999999,0.0019531249999999996,4.305358694987641,1.0,0.05057756195154658,9.000000000000014,0.4999999999999952,0.0019531249999999814,2.333094654971557e-15,3.06340509338974,0.19075119999999804,0.4566076839574496,0.9132153679148994,0.45660768395744533
structured,10,16,10,0.7610128065957495,0.03126891088338918,0.9132153679148994,9.0,0.5000000000000002,0.001953125000000001,7.702410234950107,0.9894894249455928,0.004801130164371718,9.000000000000044,0.49999999999998446,0.0019531249999999393,7.836179621856232e-15,0.48948942494559156,0.41412752430399913,0.45660768395744994,0.9036169492495918,0.4566076839574355
structured,10,16,11,0.7610128065957495,0.03126891088338918,0.9132153679148994,9.0,0.5,0.001953125,8.133532399353918,0.8133859452302736,0.0035609245933521314,8.99999999999999,0.500000000000004,0.0019531250000000156,2.0100024075708767e-15,0.3133859452302694,0.4294105999999992,0.4566076839574497,0.7427965452302726,0.4566076839574534
structured,10,16,12,0.7610128065957495,0.03126891088338918,0.9132153679148994,8.0,0.8660254037844386,0.0039062499999999996,6.093115993457852,1.0,0.014648370597914831,8.000000000000032,0.8660254037844255,0.003906249999999911,5.6538974890774085e-15,0.8816715922978124,0.6131768258242859,0.7908677077406554,0.9132153679148994,0.7908677077406435
structured,10,16,13,0.7610128065957495,0.03126891088338918,0.9132153679148994,8.0,0.8660254037844385,0.003906249999999999,5.016229381258115,1.0,0.030900427733658576,7.999999999999962,0.866025403784454,0.003906250000000104,6.7220534694101275e-15,1.7471720547108505,0.5533907648895982,0.7908677077406553,0.9132153679148994,0.7908677077406695
structured,10,16,14,0.7610128065957495,0.03126891088338918,0.9132153679148994,9.0,0.5,0.001953125,7.448827991014514,1.0,0.00572373267735588,9.000000000000055,0.499999999999981,0.0019531249999999258,9.53794335178948e-15,0.6023953761709635,0.40432902286668704,0.4566076839574497,0.9132153679148994,0.4566076839574324
structured,10,16,15,0.7610128065957495,0.03126891088338918,0.9132153679148994,9.0,0.4999999999999999,0.0019531249999999996,7.154969054994549,1.0,0.007016809668202598,8.999999999999956,0.5000000000000157,0.001953125000000061,7.849948989446798e-15,0.7435044330680398,0.39208292527999855,0.4566076839574496,0.9132153679148994,0.45660768395746404
structured,10,16,16,0.7610128065957495,0.03126891088338918,0.9132153679148994,10.0,0.0,0.0009765625,10.0,0.0,0.0009765625,10.0,0.0,0.0009765624999999998,2.850909612550634e-16,-0.0,2.446502202213541e-16,0.0,0.0,0.0
structured,10,16,17,0.7610128065957495,0.03126891088338918,0.9132153679148994,9.0,0.49999999999999994,0.0019531249999999998,5.281774806353051,1.0,0.02570557677779283,8.999999999999932,0.5000000000000235,0.001953125000000092,1.1821598387695698e-14,2.016073857245637,0.2816434559999974,0.45660768395744966,0.9132153679148994,0.4566076839574712
structured,10,16,18,0.7610128065957495,0.03126891088338918,0.9132153679148994,7.0,1.0,0.0078125,4.417102547259851,1.0,0.04680795195717737,6.999999999999981,1.0,0.0078125000000001,3.1793144505964932e-15,2.018893595189075,0.6982109750788377,0.9132153679148994,0.9132153679148994,0.9132153679148994
structured,10,16,19,0.7610128065957495,0.03126891088338918,0.9132153679148994,9.0,0.5,0.001953125,6.164226434032072,1.0,0.013943857739603516,9.000000000000027,0.4999999999999908,0.001953124999999964,4.636265329982514e-15,1.3219845173158096,0.3418797439999981,0.4566076839574497,0.9132153679148994,0.4566076839574413
structured,10,16,20,0.7610128065957495,0.03126891088338918,0.9132153679148994,9.0,0.5,0.001953125,7.01140367126579,1.0,0.007750990118855012,8.999999999999963,0.5000000000000131,0.001953125000000051,6.5682051811344344e-15,0.8169105779918673,0.38571239999999857,0.4566076839574497,0.9132153679148994,0.4566076839574617
structured,10,16,21,0.7610128065957495,0.03126891088338918,0.9132153679148994,5.0,1.0,0.03125000000000001,2.1339835337758406,1.0,0.22782792046225525,4.999999999999995,1.0,0.03125000000000011,8.465450562766819e-16,3.458844952059491,0.7577856899887299,0.9132153679148994,0.9132153679148994,0.9132153679148994
structured,10,16,22,0.7610128065957495,0.03126891088338918,0.9132153679148994,6.0,1.0,0.015625,2.1015691345688206,1.0,0.23300468452100428,5.999999999999994,1.0,0.01562500000000007,1.0946105133413653e-15,4.527492554030047,0.6498052543916841,0.9132153679148994,0.9132153679148994,0.9132153679148994
structured,10,16,23,0.7610128065957495,0.03126891088338918,0.9132153679148994,8.0,0.8660254037844385,0.003906249999999999,6.242611111764983,1.0,0.013206471670718825,8.000000000000021,0.8660254037844303,0.0039062499999999436,3.537534848385704e-15,0.9640947014144785,0.6258146097983985,0.7908677077406553,0.9132153679148994,0.7908677077406479
structured,10,16,24,0.7610128065957495,0.03126891088338918,0.9132153679148994,7.0,1.0,0.007812499999999998,3.806206625490457,1.0,0.07148544681222083,7.000000000000003,1.0,0.007812499999999986,4.0115480381963664e-16,1.9715024380506287,0.6399038932135357,0.9132153679148994,0.9132153679148994,0.9132153679148994
structured,10,16,25,0.7610128065957495,0.03126891088338918,0.9132153679148994,7.0,1.0,0.007812500000000002,3.6341785841718224,1.0,0.08053844432764416,7.000000000000023,1.0,0.007812499999999877,4.000272335602517e-15,2.75554803143849,0.6405384373303994,0.9132153679148994,0.9132153679148994,0.9132153679148994
structured,10,16,26,0.7610128065957495,0.03126891088338918,0.9132153679148994,8.0,0.8660254037844386,0.00390625,5.367229878391695,1.0,0.024227177043066827,8.000000000000016,0.8660254037844323,0.0039062499999999566,2.7807617319908218e-15,1.3570436892823476,0.5671409886383985,0.7908677077406554,0.9132153679148994,0.7908677077406496
structured,10,16,27,0.7610128065957495,0.03126891088338918,0.9132153679148994,9.0,0.5,0.001953125,7.36126531899965,1.0,0.00608188680596297,9.000000000000037,0.49999999999998723,0.0019531249999999501,6.367844619659113e-15,0.6432248345476648,0.400785653343231,0.4566076839574497,0.9132153679148994,0.45660768395743806
structured,10,16,28,0.7610128065957495,0.03126891088338918,0.9132153679148994,9.0,0.5,0.001953125,6.063028432264509,1.0,0.014957071761255896,9.000000000000044,0.4999999999999847,0.0019531249999999402,7.685800780532492e-15,1.391827257146245,0.3358184675199981,0.4566076839574497,0.9132153679148994,0.45660768395743573
structured,10,16,29,0.7610128065957495,0.03126891088338918,0.9132153679148994,8.0,0.8660254037844385,0.003906249999999999,4.329266063413003,1.0,0.049746331054335416,8.000000000000025,0.866025403784429,0.003906249999999935,4.094381084174259e-15,2.525795716256577,0.5068112345103981,0.7908677077406553,0.9132153679148994,0.7908677077406467
