mode,n_qubits,depth,instance,h2,tvd_q_uniform,renyi_factor,actual_tvd,qcap_error,alpha_fit,fit_residual_tvd,pred_qcap,pred_exact_qcap,pred_r2_qcap,pred_exact_fit,pred_r2_fit,error_qcap,error_exact_qcap,error_r2_qcap,error_exact_fit,error_r2_fit,covers_qcap,covers_exact_qcap,covers_r2_qcap,covers_exact_fit,covers_r2_fit,alpha_minus_qcap,alpha_over_qcap,model_fraction_unexplained,exact_fit_gap,gap_over_residual
random,4.0,1.0,0.0,3.1673304339078836,0.37452419927350955,0.4418647532111541,0.025872454990642096,0.0711655463625478,0.06462667392129158,0.01139472937704208,0.0711655463625478,0.026653219267295032,0.03144554658062412,0.02420425330208193,0.02855624932308923,0.045293091371905694,0.0007807642766529364,0.005573091589982027,-0.0016682016885601648,0.0026837943324471356,True,True,True,False,True,-0.006538872441256213,0.908117442000032,0.44041933327020893,0.0016682016885601648,0.14640116788742968
random,4.0,1.0,1.0,3.486790237473327,0.2735891898000823,0.32681110883698133,0.01499496666108818,0.0711655463625478,0.057613558913410905,0.006386051124567504,0.0711655463625478,0.019470124171009642,0.023257691117733847,0.0157624469046194,0.018828751072536568,0.05617057970145961,0.004475157509921463,0.008262724456645668,0.0007674802435312204,0.003833784411448389,True,True,True,True,True,-0.013551987449136889,0.8095709491205582,0.42587964807812856,-0.0007674802435312204,0.12018072335479434
random,4.0,1.0,2.0,2.970038909260948,0.4323678695304164,0.5103844578061869,0.030554357706650555,0.0711655463625478,0.06646753598698955,0.009417237948931834,0.0711655463625478,0.030769695664742865,0.03632178879473001,0.028738426927630956,0.03392399731643288,0.04061118865589724,0.00021533795809230982,0.005767431088079457,-0.0018159307790195992,0.0033696396097823225,True,True,True,False,True,-0.00469801037555824,0.9339847634749467,0.30821259734358775,0.0018159307790195992,0.19283050814549865
random,4.0,1.0,3.0,3.271643538862673,0.36952293014113696,0.40520075953143314,0.03054986065043164,0.0711655463625478,0.08776295210033416,0.0073763925060769,0.0711655463625478,0.026297301216983593,0.028836333438573784,0.03243042321795173,0.035561614849776185,0.040615685712116156,-0.004252559433448048,-0.001713527211857857,0.0018805625675200922,0.0050117541993445446,True,False,False,True,True,0.01659740573778637,1.2332224873709543,0.24145421121495944,-0.0018805625675200922,0.2549433975985994
random,4.0,1.0,4.0,3.0829122321299733,0.36953143709985237,0.471248265648011,0.027531420648541666,0.0711655463625478,0.06283532010757459,0.014014113409667274,0.0711655463625478,0.026297906619348457,0.033536640297243764,0.023219626139981287,0.029611035622132114,0.04363412571400613,-0.0012335140291932084,0.006005219648702098,-0.004311794508560379,0.0020796149735904483,True,False,True,False,True,-0.008330226254973205,0.8829457977806359,0.509022530604849,0.004311794508560379,0.30767515450431554
random,4.0,1.0,5.0,2.562699080132215,0.5342638435404439,0.6534786467917686,0.03933163948412836,0.0711655463625478,0.07933386782148642,0.010746358869263362,0.0711655463625478,0.03802117832731044,0.046505164935194604,0.042385217145236874,0.051842988588741985,0.031833906878419437,-0.0013104611568179186,0.007173525451066247,0.003053577661108517,0.012511349104613628,True,False,True,True,True,0.00816832145893863,1.1147791575620836,0.27322427974556923,-0.003053577661108517,0.2841499803102921
random,4.0,1.0,6.0,3.333604862886771,0.32140147823271614,0.38311301055234936,0.028145300131402706,0.0711655463625478,0.08727350889030086,0.008928538186053669,0.0711655463625478,0.022872711800161757,0.02726444671455848,0.028049834767898792,0.03343561673243039,0.04302024623114509,-0.0052725883312409495,-0.0008808534168442267,-9.546536350391391e-05,0.005290316601027682,True,False,False,False,True,0.016107962527753067,1.2263449569499854,0.31723016433893997,9.546536350391391e-05,0.010692160521083991
random,4.0,1.0,7.0,1.9335359617680692,0.5344618542887141,0.8928309130508979,0.044452990224526416,0.0711655463625478,0.07980234587982482,0.024248837110662017,0.0711655463625478,0.038035269870396744,0.06353879973663955,0.04265130975552049,0.07125000133548756,0.026712556138021377,-0.006417720354129672,0.019085809512113132,-0.0018016804690059243,0.026797011110961146,True,False,True,False,True,0.008636799517277027,1.1213620910500353,0.5454939473854113,0.0018016804690059243,0.07429966479562601
random,4.0,1.0,8.0,3.42105779404143,0.28450670108977066,0.35133801974635964,0.018846897110457134,0.0711655463625478,0.05977642935451075,0.005786348393615813,0.0711655463625478,0.020247074826859602,0.025003162133185288,0.017006794718577585,0.02100173231692197,0.05231864925209066,0.0014001777164024676,0.006156265022728154,-0.0018401023918795494,0.0021548352064648356,True,True,True,False,True,-0.01138911700803704,0.839963049675527,0.3070186227315518,0.0018401023918795494,0.3180075354449395
random,4.0,1.0,9.0,3.056350894113856,0.3792308159022986,0.4804651506101195,0.023839930519802162,0.0711655463625478,0.0417466755447351,0.015383482007656078,0.0711655463625478,0.02698816821120186,0.034192564951332965,0.015831625828038428,0.020057822753072944,0.04732561584274563,0.0031482376913996996,0.010352634431530804,-0.008008304691763734,-0.003782107766729218,True,True,True,False,False,-0.029418870817812692,0.5866135746651848,0.6452821661907989,0.008008304691763734,0.5205781556983099
random,4.0,1.0,10.0,3.2134612197497594,0.31174572810102297,0.42571444426460364,0.02529192959550322,0.0711655463625478,0.0638896336127017,0.012222974622866705,0.0711655463625478,0.02218555506649957,0.030296201020518918,0.01991732034869928,0.027198739867700442,0.04587361676704457,-0.003106374529003652,0.005004271425015697,-0.005374609246803941,0.0019068102721972215,True,False,True,False,True,-0.007275912749846097,0.8977607406710618,0.48327568589467723,0.005374609246803941,0.4397136877588813
random,4.0,1.0,11.0,3.0876280324601946,0.36967335501451437,0.46961085503724137,0.029709766397264973,0.0711655463625478,0.05797726669037794,0.019383584575568095,0.0711655463625478,0.026308006285284014,0.03342011307650851,0.021432650692003265,0.027226753783190557,0.041455779965282824,-0.0034017601119809594,0.003710346679243536,-0.008277115705261708,-0.002483012614074416,True,False,True,False,False,-0.013188279672169852,0.8146816774934447,0.652431403073991,0.008277115705261708,0.4270167714848027
random,4.0,1.0,12.0,2.7789521979909013,0.4603640992065931,0.5768794577794185,0.028934064518526044,0.0711655463625478,0.05547233191655987,0.01638478783063372,0.0711655463625478,0.03276206264573935,0.04105394179820264,0.02553747011365623,0.032000848757784986,0.04223148184402175,0.0038279981272133085,0.012119877279676596,-0.003396594404869814,0.003066784239258942,True,True,True,False,True,-0.015693214445987924,0.7794829766915585,0.5662801995945916,0.003396594404869814,0.20730170204092555
random,4.0,1.0,13.0,2.8306149393853635,0.480056846012625,0.5588287027386112,0.022129371087133313,0.0711655463625478,0.030792852177782336,0.015671749833411422,0.0711655463625478,0.03416350773156993,0.03976934995346707,0.01478231949619918,0.01720792963613192,0.049036175275414484,0.01203413664443662,0.01763997886633376,-0.0073470515909341335,-0.004921441451001391,True,True,True,False,False,-0.040372694184765454,0.43269325891085486,0.7081877642028179,0.0073470515909341335,0.4688086313929393
random,4.0,1.0,14.0,2.9885338526813925,0.4262259508667546,0.5039739054313728,0.01732887517098438,0.0711655463625478,0.033352007573340794,0.008020193523465405,0.0711655463625478,0.03033260266732904,0.035865578332490634,0.01421549114126238,0.01680854151071328,0.053836671191563414,0.01300372749634466,0.018536703161506254,-0.0031133840297219995,-0.0005203336602710995,True,True,True,False,False,-0.037813538789207,0.46865385397916254,0.4628225112322632,0.0031133840297219995,0.38819313032944786
random,4.0,1.0,15.0,3.4682869152510003,0.25552355940343485,0.33378314969443096,0.014329233944607911,0.0711655463625478,0.03778879501512724,0.008423094869527489,0.0711655463625478,0.01818447371344838,0.023753860214616257,0.009655927407832087,0.012613263023306382,0.056836312417939884,0.0038552397688404686,0.009424626270008346,-0.004673306536775824,-0.0017159709213015288,True,True,True,False,False,-0.033376751347420554,0.530998452855472,0.5878259020746255,0.004673306536775824,0.5548205985050223
random,4.0,1.0,16.0,2.465031779067654,0.4359918595694865,0.6888070260348703,0.02581341476848527,0.0711655463625478,0.0347802559241602,0.019384907761732552,0.0711655463625478,0.03102759889588572,0.04901932834613323,0.015163908456677255,0.02395688464785247,0.045352131594062525,0.0052141841274004515,0.02320591357764796,-0.010649506311808013,-0.0018565301206327975,True,True,True,False,False,-0.03638529043838759,0.4887232333884528,0.7509625493407767,0.010649506311808013,0.5493710077295823
random,4.0,1.0,17.0,2.643569640681066,0.506592870838384,0.6246015769036812,0.046180229788674934,0.0711655463625478,0.08959842393487938,0.014431293486271144,0.0711655463625478,0.0360519584365852,0.04445011247925939,0.04538992280376512,0.0559633168778102,0.02498531657387286,-0.010128271352089734,-0.001730117309415545,-0.000790306984909811,0.009783087089135264,True,False,False,False,True,0.018432877572331585,1.2590140667005718,0.31249938669231614,0.000790306984909811,0.05476341990145583
random,4.0,1.0,18.0,3.3442229350333355,0.3222461277476365,0.3792968170993605,0.030869113400015837,0.0711655463625478,0.07310280121708693,0.012329342897286287,0.0711655463625478,0.022932821744375925,0.026992865222451347,0.02355709461971147,0.027727659822688325,0.04029643296253196,-0.007936291655639912,-0.0038762481775644897,-0.007312018780304366,-0.003141453577327511,True,False,False,False,False,0.0019372548545391333,1.0272218082141873,0.39940709464237356,0.007312018780304366,0.5930582709248646
random,4.0,1.0,19.0,2.742048703558285,0.37398463772793644,0.5898217646437628,0.02815770889195427,0.0711655463625478,0.07332061053351834,0.01036540040137826,0.0711655463625478,0.0266148210751081,0.041974988137395454,0.027420781968368974,0.04324609188963784,0.04300783747059352,-0.0015428878168461703,0.013817279245441183,-0.0007369269235852974,0.015088382997683572,True,False,True,False,True,0.0021550641709705415,1.0302824088498066,0.3681194532251184,0.0007369269235852974,0.07109488249844262
random,4.0,1.0,20.0,3.1282949564424305,0.36268087456687925,0.45547343328113993,0.026920828661938456,0.0711655463625478,0.06637068397809927,0.00993628804854849,0.0711655463625478,0.025810382593798625,0.03241401573307778,0.024071377710779003,0.03023008330072242,0.04424471770060934,-0.0011104460681398316,0.005493187071139327,-0.002849450951159453,0.0033092546387839643,True,False,True,False,True,-0.0047948623844485255,0.9326238238933565,0.3690929493042217,0.002849450951159453,0.28677217661536153
random,4.0,1.0,21.0,3.3375160688351238,0.3392448707146275,0.38170847596865604,0.028457308733455262,0.0711655463625478,0.08025925581795632,0.002830332076336566,0.0711655463625478,0.024142546575098355,0.02716449224352485,0.027227540863614806,0.030635638220650595,0.04270823762909253,-0.004314762158356907,-0.001292816489930411,-0.0012297678698404563,0.0021783294871953324,True,False,False,False,True,0.009093709455408522,1.127782472280635,0.09945888076932388,0.0012297678698404563,0.43449596608190355
random,4.0,1.0,22.0,3.6074342665944448,0.22338365026503024,0.2796095140743292,0.020706104871088815,0.0711655463625478,0.09891470360771909,0.005339522010249341,0.0711655463625478,0.01589721951957117,0.019898563837266136,0.022095927556775845,0.027657492210560634,0.05045944149145898,-0.004808885351517644,-0.0008075410338226792,0.0013898226856870304,0.0069513873394718186,True,False,False,True,True,0.027749157245171296,1.3899240385762683,0.25787187129070915,-0.0013898226856870304,0.26028971938297707
random,4.0,1.0,23.0,2.965067928941747,0.34268181076973864,0.5121076952956568,0.020423859028051328,0.0711655463625478,0.05812395046287487,0.008892580264122601,0.0711655463625478,0.024387138291935666,0.036444423932180565,0.01991802059370855,0.029765722313021773,0.050741687334496466,0.003963279263884338,0.016020564904129238,-0.0005058384343427785,0.009341863284970445,True,True,True,False,True,-0.013041595899672923,0.8167428402329205,0.43540156891550263,0.0005058384343427785,0.056883201423955636
random,4.0,1.0,24.0,2.7296334298985596,0.45199362470228455,0.594186101634041,0.02094628649029853,0.0711655463625478,0.03142718317036672,0.011610884145067144,0.0711655463625478,0.03216637325432646,0.04228557856381888,0.014204886435356688,0.01867359545333914,0.05021925987224926,0.011220086764027932,0.02133929207352035,-0.006741400054941841,-0.0022726910369593872,True,True,True,False,False,-0.039738363192181075,0.44160671528134104,0.5543170695409344,0.006741400054941841,0.5806103971682387
random,4.0,1.0,25.0,3.3451164678748695,0.2918394363974676,0.37897521043635995,0.022132107015384633,0.0711655463625478,0.07385153280287723,0.005413907059140124,0.0711655463625478,0.0207689129413638,0.02696997790856508,0.021552789710280785,0.02798790018501814,0.04903343934716316,-0.0013631940740208327,0.004837870893180447,-0.0005793173051038478,0.005855793169633507,True,False,True,False,True,0.002685986440329441,1.0377427923709863,0.2446177878760829,0.0005793173051038478,0.10700540271111694
random,4.0,1.0,26.0,3.4177226767331876,0.2745192491269381,0.3525658668000871,0.01719121392153504,0.0711655463625478,0.05469896524110898,0.007131925874038646,0.0711655463625478,0.01953631235115492,0.025090542539613448,0.015015918866009724,0.019284988093299423,0.053974332441012754,0.0023450984296198817,0.007899328618078408,-0.002175295055525316,0.0020937741717643836,True,True,True,False,True,-0.01646658112143881,0.7686158265749694,0.4148587706831247,0.002175295055525316,0.3050080853256957
random,4.0,1.0,27.0,3.44358090590492,0.26783139171499515,0.3430067342145533,0.027829916166745364,0.0711655463625478,0.08129380622771475,0.009470045567575781,0.0711655463625478,0.019060367324439186,0.024410261646411902,0.02177303325977798,0.02788432298603915,0.04333563019580243,-0.008769548842306178,-0.0034196545203334615,-0.006056882906967383,5.440681929378549e-05,True,False,False,False,True,0.010128259865166953,1.1423197092251531,0.34028293548694794,0.006056882906967383,0.6395832906765909
random,4.0,1.0,28.0,2.098732563452225,0.565126350592478,0.8269540736384527,0.036062934999504796,0.0711655463625478,0.05884992844382368,0.024441401302626883,0.0711655463625478,0.040217525503786426,0.05885063846721507,0.03325764529408654,0.048666188059951446,0.035102611363043,0.00415459050428163,0.022787703467710273,-0.002805289705418254,0.01260325306044665,True,True,True,False,True,-0.012315617918724112,0.8269440965719131,0.6777429874457668,0.002805289705418254,0.11477614031552072
random,4.0,1.0,29.0,1.8568681931489306,0.6073124390517641,0.924283361900808,0.038439192380386136,0.0711655463625478,0.06657532158635994,0.022254295426623036,0.0711655463625478,0.043219721537890304,0.06577713044348349,0.040432020933267816,0.0615344620554682,0.03272635398216166,0.004780529157504168,0.027337938063097353,0.00199282855288168,0.02309526967508206,True,True,True,True,True,-0.004590224776187854,0.935499339064956,0.5789480488143254,-0.00199282855288168,0.08954804071207031
random,4.0,1.0,30.0,2.09064742464724,0.6571173060365516,0.8301212098482095,0.04234950862515593,0.0711655463625478,0.05114084521950956,0.028206141212350988,0.0711655463625478,0.04676411210837672,0.05907602944598702,0.03360553443907638,0.042453100306279294,0.028816037737391866,0.004414603483220793,0.016726520820831092,-0.00874397418607955,0.00010359168112336614,True,True,True,False,True,-0.020024701143038233,0.7186180368654261,0.6660323136688374,0.00874397418607955,0.31000249627377996
random,4.0,1.0,31.0,2.424125659025756,0.46451658755759406,0.7037686236546045,0.041860647025424524,0.0711655463625478,0.07477526353156824,0.02576889417295833,0.0711655463625478,0.03305757674800245,0.0500840786151982,0.03473435024940389,0.05262448429902212,0.02930489933712327,-0.008803070277422075,0.008223431589773678,-0.007126296776020634,0.010763837273597594,True,False,True,False,True,0.003609717169020449,1.0507228195878804,0.6155875745854408,0.007126296776020634,0.2765464721997622
random,4.0,1.0,32.0,2.8421133021980367,0.4139042269837261,0.5548205570575994,0.03364031079043861,0.0711655463625478,0.08096653973749923,0.011974201513535735,0.0711655463625478,0.029455720455064865,0.03948410807617718,0.03351239304159676,0.04492190068018558,0.037525235572109183,-0.004184590335373745,0.0058437972857385695,-0.00012791774884184787,0.011281589889746972,True,False,True,False,True,0.009800993374951439,1.1377210444647046,0.35594800500294704,0.00012791774884184787,0.01068277903100667
random,4.0,1.0,33.0,3.0405830681120785,0.40265556088472065,0.485933085094018,0.028031959221104547,0.0711655463625478,0.06293847262513089,0.015128188172767135,0.0711655463625478,0.028655202986279275,0.03458169349635422,0.025342525996099714,0.03058388617383525,0.04313358714144325,0.0006232437651747282,0.006549734275249672,-0.0026894332250048322,0.002551926952730703,True,True,True,False,True,-0.008227073737416907,0.8843952704936084,0.5396764476375775,0.0026894332250048322,0.17777629378289928
random,4.0,1.0,34.0,3.0261420794845346,0.35652313201234326,0.4909393429743277,0.030881028189817316,0.0711655463625478,0.0748390077348668,0.01661973606392019,0.0711655463625478,0.025372163480545162,0.03493796657363827,0.026681837434330696,0.036741413286206136,0.040284518172730474,-0.005508864709272154,0.004056938383820954,-0.00419919075548662,0.00586038509638882,True,False,True,False,True,0.003673461372319012,1.0516185367790873,0.538185968477577,0.00419919075548662,0.25266290266803026
random,4.0,1.0,35.0,3.004099866291008,0.3352465796493159,0.4985790927032567,0.03438345300828555,0.0711655463625478,0.09258808620418418,0.00938106695863553,0.0711655463625478,0.023858006006918963,0.03548165353717063,0.03103983921622876,0.046162484014813064,0.036782093354262246,-0.010525447001366584,0.0010982005288850821,-0.003343613792056787,0.011779031006527517,True,False,True,False,True,0.02142253984163639,1.3010240339124328,0.27283667397730327,0.003343613792056787,0.35642148241772204
random,4.0,1.0,36.0,2.5469737340839793,0.4844583383364809,0.659131525348608,0.02578724397868102,0.0711655463625478,0.04309131192245555,0.01609447134132037,0.0711655463625478,0.034476742337607696,0.04690745512621321,0.020875945370691804,0.028402842156720783,0.045378302383866774,0.008689498358926677,0.021120211147532188,-0.004911298607989216,0.0026155981780397637,True,True,True,False,True,-0.028074234440092244,0.6055080600790997,0.6241252983306819,0.004911298607989216,0.30515439145740214
random,4.0,1.0,37.0,2.6894440055129536,0.46838434584339106,0.608352512125328,0.028253387359280638,0.0711655463625478,0.05639131175078027,0.015567215051135914,0.0711655463625478,0.033332827879609464,0.04329373890642745,0.02641280766563995,0.03430579616562971,0.042912159003267156,0.005079440520328826,0.015040351547146814,-0.0018405796936406885,0.006052408806349073,True,True,True,False,True,-0.014774234611767523,0.7923962455581913,0.5509857934263735,0.0018405796936406885,0.1182343590420423
random,4.0,1.0,38.0,2.536684870345739,0.37857289183013604,0.6628371868703045,0.02510160882593086,0.0711655463625478,0.05837900747969116,0.012006826820703968,0.0711655463625478,0.026941346685141337,0.04717117055303941,0.022100709683759823,0.03869577709011895,0.04606393753661693,0.001839737859210478,0.022069561727108552,-0.0030008991421710367,0.013594168264188088,True,True,True,False,True,-0.012786538882856635,0.8203268359984686,0.47832897500579674,0.0030008991421710367,0.2499327413464844
random,4.0,1.0,39.0,3.386261118282544,0.31440239975775,0.36408096114515615,0.026055734303406207,0.0711655463625478,0.06862574985527979,0.008403932794169138,0.0711655463625478,0.022374618556456442,0.025910020520096572,0.02157610043967503,0.024985328966617325,0.04510981205914159,-0.0036811157469497646,-0.0001457137833096346,-0.004479633863731177,-0.0010704053367888815,True,False,False,False,False,-0.0025397965072680023,0.9643114310634364,0.3225367858111184,0.004479633863731177,0.5330401817157868
random,4.0,1.0,40.0,3.1792249867524776,0.39563454166530254,0.4377084133199526,0.033660560009342415,0.0711655463625478,0.09346011147304471,0.00826427267333376,0.0711655463625478,0.028155548317507436,0.03114975838139832,0.03697604836662613,0.0409082771015723,0.03750498635320538,-0.005505011691834979,-0.002510801627944096,0.003315488357283715,0.007247717092229884,True,False,False,True,True,0.02229456511049692,1.3132775092727997,0.2455179792326696,-0.003315488357283715,0.4011833210660831
random,4.0,1.0,41.0,3.4663240403924274,0.2793119563091252,0.33451942800830325,0.022347043043150466,0.0711655463625478,0.0726299658686769,0.006976296278080191,0.0711655463625478,0.019877387976330974,0.023806257863097875,0.020286417853445135,0.024296134638652385,0.04881850331939733,-0.002469655066819492,0.001459214819947409,-0.0020606251897053313,0.0019490915955019186,True,False,True,False,True,0.0014644195061291054,1.0205776472040098,0.31217983804879623,0.0020606251897053313,0.29537524032342205
random,4.0,1.0,42.0,3.123299733031824,0.3139761264940796,0.4572118775159067,0.021858378031036754,0.0711655463625478,0.06148522051244595,0.010355895135252063,0.0711655463625478,0.02234428258674759,0.03253773306686578,0.019304891373132106,0.02811177310997495,0.04930716833151104,0.00048590455571083727,0.010679355035829029,-0.002553486657904648,0.006253395078938195,True,True,True,False,True,-0.009680325850101847,0.8639745446372867,0.47377235037969,0.002553486657904648,0.24657324398857927
random,4.0,1.0,43.0,3.5887104496685436,0.2460940958285704,0.28717328759527994,0.023467994648208285,0.0711655463625478,0.08996345111618777,0.008182993155538536,0.0711655463625478,0.017513420786237407,0.020436843912447166,0.02213947416005602,0.025835100020452896,0.04769755171433951,-0.005954573861970878,-0.0030311507357611185,-0.0013285204881522648,0.0023671053722446114,True,False,False,False,True,0.018797904753639974,1.2641433350047704,0.34868736243568577,0.0013285204881522648,0.16235141138460754
random,4.0,1.0,44.0,2.407439541293902,0.5051974902928085,0.7099016105562318,0.036993690155283226,0.0711655463625478,0.0782236552940631,0.021807658085114274,0.0711655463625478,0.03595265541767565,0.05052053597888686,0.03951839433609044,0.0555310988768509,0.03417185620726457,-0.0010410347376075754,0.013526845823603632,0.002524704180807212,0.018537408721567672,True,False,True,True,True,0.007058108931515303,1.0991787359512182,0.589496695073547,-0.002524704180807212,0.11577144922913819
random,4.0,1.0,45.0,2.9363182909420007,0.4550345151482622,0.5220773389633078,0.021956254019719554,0.0711655463625478,0.04412824551962875,0.014590315480495384,0.0711655463625478,0.03238277988434311,0.03715391907082886,0.020079874804367744,0.02303835699400729,0.04920929234282824,0.01042652586462356,0.015197665051109303,-0.0018763792153518102,0.0010821029742877353,True,True,True,False,True,-0.02703730084291904,0.6200787849617645,0.664517520492858,0.0018763792153518102,0.12860443064854837
random,4.0,1.0,46.0,2.2960555314666937,0.46112837982946575,0.7513163195834148,0.02339655032501961,0.0711655463625478,0.044528797091661805,0.013717458796745262,0.0711655463625478,0.032816453093840396,0.05346783637425228,0.020533492058633036,0.03345521194638401,0.04776899603752818,0.009419902768820786,0.03007128604923267,-0.002863058266386574,0.010058661621364401,True,True,True,False,True,-0.02663674927088599,0.6257072328906608,0.5863026218047281,0.002863058266386574,0.2087163744254068
random,4.0,1.0,47.0,2.8293263237945268,0.41411314000489075,0.5592780887153487,0.01638799123102317,0.0711655463625478,0.03265277982714576,0.010269263043776122,0.0711655463625478,0.029470587864358296,0.03980133075202926,0.013521945184107684,0.018261984292969175,0.05477755513152462,0.013082596633335126,0.02341333952100609,-0.002866046046915486,0.0018739930619460048,True,True,True,False,True,-0.03851276653540203,0.45882848507617024,0.6266334231578039,0.002866046046915486,0.2790897491570738
random,4.0,1.0,48.0,1.8867731304883655,0.5225937297832572,0.9119456360155705,0.03632605038499313,0.0711655463625478,0.05869390771093317,0.020065929266853785,0.0711655463625478,0.03719066830566717,0.06489910943998922,0.030673068146210847,0.05352565299768615,0.03483949597755466,0.0008646179206740351,0.02857305905499609,-0.0056529822387822865,0.017199602612693016,True,True,True,False,True,-0.012471638651614624,0.8247517332603792,0.5523840069093594,0.0056529822387822865,0.28172043086587834
random,4.0,1.0,49.0,2.9212228708940273,0.4020373576733802,0.5273151147505396,0.021832197533310976,0.0711655463625478,0.05109713477066944,0.00657580302374227,0.0711655463625478,0.02861120821698115,0.03752666824645173,0.020542957047880544,0.026944291485019343,0.04933334882923682,0.0067790106836701745,0.015694470713140757,-0.0012892404854304325,0.0051120939517083665,True,True,True,False,True,-0.020068411591878353,0.7180038288522193,0.30119748658874523,0.0012892404854304325,0.1960582579459215
random,4.0,2.0,0.0,2.9809500052168354,0.4048168005165319,0.5066024150710782,0.04148989319919942,0.10210849343196082,0.0784594275109802,0.02056032418679845,0.10210849343196082,0.04133523361668969,0.05172840937190067,0.031761694415353765,0.039747735462156764,0.0606186002327614,-0.0001546595825097294,0.010238516172701252,-0.009728198783845655,-0.0017421577370426572,True,False,True,False,False,-0.023649065920980622,0.7683927641461189,0.4955501834648053,0.009728198783845655,0.4731539588316424
random,4.0,2.0,1.0,2.9366605856409946,0.4219474508161185,0.5219585984899601,0.0362684451316121,0.10210849343196082,0.07719489549462986,0.014999361180301006,0.10210849343196082,0.04308441851029025,0.053296406125667564,0.032572189369975746,0.04029253946295594,0.06584004830034873,0.006815973378678147,0.017027960994055465,-0.0036962557616363537,0.00402409433134384,True,True,True,False,True,-0.02491359793733096,0.7560085640286923,0.41356504603025696,0.0036962557616363537,0.246427545627125
random,4.0,2.0,2.0,2.560890491567835,0.4377281670804755,0.6541281346308285,0.04275250420762054,0.10210849343196082,0.09403202981776707,0.017161541117285437,0.10210849343196082,0.04469576367332098,0.06679203833861273,0.0411604680589878,0.06150899626024642,0.05935598922434028,0.0019432594657004393,0.02403953413099219,-0.001592036148632743,0.018756492052625875,True,True,True,False,True,-0.008076463614193757,0.9209031164525462,0.4014160441676871,0.001592036148632743,0.09276766799394336
random,4.0,2.0,3.0,3.0122579252189245,0.3603715577990501,0.49575167540406384,0.04563126437254872,0.10210849343196082,0.11790691558874553,0.021679772027892563,0.10210849343196082,0.036796996842589795,0.05062045669187943,0.04249029884599733,0.058452550944846124,0.056477229059412104,-0.008834267529958924,0.004989192319330711,-0.0031409655265513883,0.012821286572297405,True,False,True,False,True,0.015798422156784703,1.154721920045876,0.47510785260938077,0.0031409655265513883,0.14488000715645505
random,4.0,2.0,4.0,3.400883609837257,0.3340241015574183,0.3587438213016794,0.04327214727849965,0.10210849343196082,0.12000876768946811,0.01761990441454591,0.10210849343196082,0.034106697779992264,0.03663079112113906,0.04008582080648752,0.04305240391062531,0.05883634615346117,-0.009165449498507387,-0.006641356157360591,-0.003186326472012134,-0.0002197433678743435,True,False,False,False,False,0.017900274257507287,1.1753064182602497,0.4071881226772538,0.003186326472012134,0.18083676262067
random,4.0,2.0,5.0,3.260444705962754,0.3361124839442503,0.40916411500486416,0.04262906601183969,0.10210849343196082,0.1225346572525891,0.008922760341976976,0.10210849343196082,0.03431993935922152,0.04177913134956823,0.04118542801842506,0.050136784592179975,0.059479427420121134,-0.008309126652618168,-0.0008499346622714565,-0.001443637993414626,0.007507718580340286,True,False,False,False,True,0.02042616382062827,1.2000437293126756,0.20931165462313417,0.001443637993414626,0.16179275673504928
random,4.0,2.0,6.0,2.6464195301358266,0.46037190434059444,0.6235895087666942,0.038569401134384944,0.10210849343196082,0.08435892006937785,0.01751641748559879,0.10210849343196082,0.047007881570620885,0.06367378526014367,0.03883647668045547,0.05260533752615215,0.06353909229757587,0.008438480436235941,0.025104384125758723,0.00026707554607052764,0.014035936391767208,True,True,True,True,True,-0.017749573362582968,0.8261694716472312,0.4541532139575472,-0.00026707554607052764,0.015247155777721394
random,4.0,2.0,7.0,3.4836160018467535,0.27150436783191156,0.3280113001761427,0.018790542961603603,0.10210849343196082,0.07492842718740701,0.006934234146385249,0.10210849343196082,0.027722901959513418,0.0334927396896446,0.020343395256156357,0.024577370821894814,0.08331795047035723,0.008932358997909815,0.014702196728040996,0.0015528522945527541,0.005786827860291211,True,True,True,True,True,-0.02718006624455381,0.7338118962389252,0.36902787538149323,-0.0015528522945527541,0.22393998555157552
random,4.0,2.0,8.0,2.372646907271047,0.5266969023288114,0.7227476339640319,0.04538191430938047,0.10210849343196082,0.07903839054909846,0.019135424079332834,0.10210849343196082,0.05378022719207555,0.07379867203558158,0.04162927546726496,0.05712480976168601,0.056726579122580355,0.008398312882695082,0.028416757726201107,-0.003752638842115505,0.011742895452305543,True,True,True,False,True,-0.02307010288286236,0.7740628413224514,0.42165308296343795,0.003752638842115505,0.1961095205707269
random,4.0,2.0,9.0,2.7393696958351157,0.39112790995157865,0.59076306149275,0.04377124329944523,0.10210849343196082,0.10291457021745772,0.01839269888848654,0.10210849343196082,0.039937481624347335,0.060321926184277536,0.04025276075271922,0.06079812657387591,0.058337250132515596,-0.0038337616750978923,0.01655068288483231,-0.003518482546726008,0.017026883274430686,True,False,True,False,True,0.0008060767854968925,1.0078943167057304,0.42020051298656297,0.003518482546726008,0.19129778441208034
random,4.0,2.0,10.0,2.5695280292379343,0.4974617533706106,0.6510277989336327,0.05278666883691818,0.10210849343196082,0.09314814153236235,0.02638389965354841,0.10210849343196082,0.050795070176694705,0.06647546773143875,0.04633763780990277,0.06064202955657236,0.04932182459504264,-0.0019915986602234773,0.01368879889452057,-0.006449031027015412,0.007855360719654175,True,False,True,False,True,-0.00896035189959847,0.9122467524646308,0.49982126614316524,0.006449031027015412,0.24443054710254222
random,4.0,2.0,11.0,3.3141829272997634,0.32565821658786626,0.39006818763677537,0.03245852890759347,0.10210849343196082,0.10411570602184296,0.006743111804947809,0.10210849343196082,0.033252469869526215,0.03982927497532654,0.033906135141859944,0.04061222475246358,0.06964996452436735,0.0007939409619327417,0.007370746067733067,0.0014476062342664714,0.008153695844870107,True,True,True,True,True,0.0020072125898821375,1.019657645729732,0.20774545341056105,-0.0014476062342664714,0.21467925731325993
random,4.0,2.0,12.0,3.0637421071020827,0.3770685964469338,0.4779012316809656,0.04171823002379069,0.10210849343196082,0.11054095507118022,0.011924869591907215,0.10210849343196082,0.03850190630370043,0.04879777477622187,0.041681522778593494,0.05282765857970731,0.060390263408170136,-0.0032163237200902584,0.00707954475243118,-3.670724519719282e-05,0.011109428555916623,True,False,True,False,True,0.008432461639219402,1.0825833518426977,0.28584313344805884,3.670724519719282e-05,0.0030782093602184212
random,4.0,2.0,13.0,2.9070781530297714,0.4434529204046178,0.5322255178913219,0.04365459985939697,0.10210849343196082,0.10612642046470197,0.01387990179136874,0.10210849343196082,0.045280309610518765,0.05434474579792799,0.047062071087160484,0.05648318909377819,0.05845389357256385,0.0016257097511217927,0.010690145938531015,0.0034074712277635116,0.012828589234381217,True,True,True,True,True,0.004017927032741148,1.039349586872697,0.3179482078881314,-0.0034074712277635116,0.24549678225262792
random,4.0,2.0,14.0,2.503345321932988,0.48561978963691094,0.6748844650626082,0.06088760802296811,0.10210849343196082,0.12318055921190964,0.019662066854976318,0.10210849343196082,0.04958590510057072,0.06891143596817773,0.05981891725184461,0.08313264580984257,0.041220885408992713,-0.011301702922397391,0.008023827945209616,-0.0010686907711235025,0.022245037786874464,True,False,True,False,True,0.021072065779948815,1.2063693731216396,0.3229239494440209,0.0010686907711235025,0.054352921236915895
random,4.0,2.0,15.0,2.858857882318698,0.4478267051297433,0.5489889756049193,0.042654841146274866,0.10210849343196082,0.09955622687433528,0.017899461716414353,0.10210849343196082,0.04572691017939705,0.0560564372097738,0.044583937056282774,0.05465527100683227,0.05945365228568596,0.0030720690331221823,0.013401596063498937,0.001929095910007908,0.012000429860557403,True,True,True,True,True,-0.0025522665576255404,0.975004365730592,0.41963494026463044,-0.001929095910007908,0.10777396217668758
random,4.0,2.0,16.0,3.0353888224485517,0.36604167665704246,0.48773391554477535,0.031520858974078164,0.10210849343196082,0.07094487212860355,0.01255264071616183,0.10210849343196082,0.037375964136759546,0.04980177531194823,0.025968779944173525,0.03460222027110721,0.07058763445788266,0.005855105162681382,0.018280916337870066,-0.005552079029904639,0.003081361297029045,True,True,True,False,True,-0.031163621303357272,0.694798931451056,0.39823282501548435,0.005552079029904639,0.44230366784546
random,4.0,2.0,17.0,2.7501318526620255,0.39434770119286355,0.5869831489938208,0.026159034526462673,0.10210849343196082,0.05221184664577804,0.01704285379031372,0.10210849343196082,0.04026624965716036,0.05993596501370723,0.020589621699796893,0.030647474158921252,0.07594945890549815,0.014107215130697685,0.03377693048724456,-0.00556941282666578,0.004488439632458579,True,True,True,False,True,-0.04989664678618278,0.5113369602360159,0.6515092815475679,0.00556941282666578,0.326788746485119
random,4.0,2.0,18.0,3.136802375177205,0.30489404243611173,0.4525112340509376,0.035497596522970784,0.10210849343196082,0.12236682438311694,0.010424655927113073,0.10210849343196082,0.0311322713295317,0.046205240369978653,0.03730891574623829,0.05537236270849861,0.06661089690899004,-0.004365325193439084,0.01070764384700787,0.0018113192232675074,0.019874766185527824,True,False,True,True,True,0.020258330951156117,1.1984000573336742,0.29367216229321874,-0.0018113192232675074,0.17375338197556423
random,4.0,2.0,19.0,3.0446605163698237,0.3880628623529389,0.48451931303902357,0.02604794871255201,0.10210849343196082,0.049844723596205946,0.011000574287511361,0.10210849343196082,0.03962451423175298,0.04947353709310331,0.019342886111934753,0.024150731235453714,0.07606054471940882,0.01357656551920097,0.0234255883805513,-0.006705062600617255,-0.0018972174770982946,True,True,True,False,False,-0.05226376983575488,0.48815452976416285,0.4223201761070112,0.006705062600617255,0.609519323752881
random,4.0,2.0,20.0,2.8821827869978742,0.41847681013111127,0.5408751629921892,0.03205450921720722,0.10210849343196082,0.06390949729138097,0.016640412193911894,0.10210849343196082,0.04273003661870049,0.05522794802789869,0.026744642563580005,0.034567059764224556,0.0700539842147536,0.010675527401493273,0.02317343881069147,-0.005309866653627215,0.0025125505470173365,True,True,True,False,True,-0.03819899614057985,0.6258979556286035,0.519128590650177,0.005309866653627215,0.31909465893939193
random,4.0,2.0,21.0,3.277699239911109,0.3267026015507134,0.4030542764732601,0.0277218635604998,0.10210849343196082,0.08347733812957778,0.007536816388874856,0.10210849343196082,0.03335911044464553,0.0411552649419936,0.027272263537461625,0.03364589812173066,0.07438662987146102,0.005637246884145734,0.0134334013814938,-0.00044960002303817345,0.005924034561230862,True,True,True,False,True,-0.018631155302383046,0.8175356948656013,0.2718726456620283,0.00044960002303817345,0.05965383788595819
random,4.0,2.0,22.0,3.368609114032235,0.30129298317753495,0.3704921398901712,0.033815334208397614,0.10210849343196082,0.1084139206198691,0.013917458190943217,0.10210849343196082,0.03076457259387921,0.037830394232568655,0.03266435356153283,0.04016650544433846,0.06829315922356322,-0.003050761614518404,0.004015060024171041,-0.0011509806468647868,0.006351171235940846,True,False,True,False,True,0.006305427187908275,1.061752230162027,0.411572398047954,0.0011509806468647868,0.08270049250902634
random,4.0,2.0,23.0,3.3281850295960043,0.29250248976833165,0.38505709418202544,0.032312431949111674,0.10210849343196082,0.11151201364803158,0.008175192870491513,0.10210849343196082,0.02986698855534188,0.039317599772215266,0.03261754163112942,0.0429384919416974,0.06979606148284914,-0.002445443393769793,0.007005167823103592,0.0003051096820177457,0.010626059992585729,True,False,True,True,True,0.009403520216070757,1.0920934184807722,0.2530045675103159,-0.0003051096820177457,0.03732140474863215
random,4.0,2.0,24.0,3.3405526140338484,0.302354468289889,0.38061709770510377,0.029033760481193743,0.10210849343196082,0.0940996875334471,0.012872778959593146,0.10210849343196082,0.030872959239502135,0.03886423842111358,0.02845146099042009,0.03581594996393777,0.07307473295076708,0.001839198758308392,0.009830477939919834,-0.0005822994907736523,0.006782189482744026,True,True,True,False,True,-0.00800880589851373,0.9215657226022013,0.44337277521908774,0.0005822994907736523,0.0452349483045933
random,4.0,2.0,25.0,2.888811153040776,0.39027625604613014,0.538571228647496,0.03131492916388556,0.10210849343196082,0.08720960088061593,0.011905073933012177,0.10210849343196082,0.03985052052713654,0.05499269676299591,0.034035836522964075,0.04696858189613107,0.07079356426807526,0.00853559136325098,0.023677767599110347,0.0027209073590785116,0.015653652732245504,True,True,True,True,True,-0.014898892551344897,0.8540876272817338,0.38017246887921724,-0.0027209073590785116,0.2285502277758705
random,4.0,2.0,26.0,3.070924565188473,0.3696356082424306,0.47540913236612403,0.0287027609370853,0.10210849343196082,0.07923177508515018,0.013832580233626126,0.10210849343196082,0.03774293507644107,0.04854331026970057,0.029286885375726945,0.03766750944905913,0.07340573249487553,0.009040174139355768,0.019840549332615268,0.0005841244386416457,0.008964748511973833,True,True,True,True,True,-0.02287671834681064,0.7759567536656061,0.48192507556838515,-0.0005841244386416457,0.04222816197528182
random,4.0,2.0,27.0,3.2823520799691948,0.31865029688051644,0.40140340047388656,0.0298908809987585,0.10210849343196082,0.07534613605508483,0.009980532904061422,0.10210849343196082,0.03253690174611658,0.04098669648085459,0.024009068622752566,0.03024419522507916,0.07221761243320232,0.002646020747358077,0.011095815482096087,-0.005881812376005935,0.00035331422632066053,True,True,True,False,True,-0.02676235737687599,0.7379027299554775,0.3338989206934368,0.005881812376005935,0.5893284890241105
random,4.0,2.0,28.0,3.135231338779924,0.3634214988229007,0.45305839454270413,0.032234185510750066,0.10210849343196082,0.07808689285870003,0.009470453431081514,0.10210849343196082,0.03710842172559151,0.046261110103458424,0.028378455641132026,0.035377922313390785,0.06987430792121076,0.004874236214841447,0.014026924592708358,-0.0038557298696180395,0.003143736802640719,True,True,True,False,True,-0.02402160057326079,0.7647443443158096,0.2938015427107078,0.0038557298696180395,0.40713255153800165
random,4.0,2.0,29.0,3.541604745287231,0.2546671174943213,0.3057828558304056,0.02338378106202156,0.10210849343196082,0.08054287302775551,0.007512493764613514,0.10210849343196082,0.0260036756940053,0.031223026726165195,0.020511621308689613,0.024628629731212826,0.07872471236993926,0.0026198946319837407,0.007839245664143634,-0.002872159753331948,0.0012448486691912647,True,True,True,False,True,-0.021565620404205316,0.7887969973959571,0.3212694193761002,0.002872159753331948,0.3823177553718354
random,4.0,2.0,30.0,3.555652012598355,0.2543504700627135,0.3002911180238744,0.021972162826642782,0.10210849343196082,0.08896989744412022,0.005422651500862493,0.10210849343196082,0.02597134330181473,0.030662273652416954,0.02262953523634339,0.02671686997396431,0.08013633060531804,0.003999180475171948,0.008690110825774172,0.0006573724097006066,0.004744707147321527,True,True,True,True,True,-0.013138595987840604,0.8713270997716228,0.24679643709390087,-0.0006573724097006066,0.12122711732370209
random,4.0,2.0,31.0,3.117193597402223,0.3473156462021856,0.45933614478941914,0.03205459070310134,0.10210849343196082,0.08472060223032335,0.011663251739465278,0.10210849343196082,0.03546387737905309,0.04690212172329261,0.02942479071026308,0.03891523481271459,0.07005390272885947,0.0034092866759517504,0.01484753102019127,-0.0026297999928382616,0.006860644109613248,True,True,True,False,True,-0.017387891201637473,0.8297116075537462,0.3638558934504454,0.0026297999928382616,0.22547742701460624
random,4.0,2.0,32.0,1.9960508152540164,0.4801160803759698,0.8676065446273312,0.03855749513394943,0.10210849343196082,0.07461866622230469,0.02037667978177371,0.10210849343196082,0.04902392963964849,0.08858999716360608,0.035825621549535704,0.06473964316583393,0.06355099829801139,0.010466434505699056,0.050032502029656645,-0.0027318735844137285,0.026182148031884497,True,True,True,False,True,-0.027489827209656134,0.7307782508026743,0.5284751955744209,0.0027318735844137285,0.13406863206719782
random,4.0,2.0,33.0,3.0182767075044112,0.35629328806381644,0.4936656048003364,0.025122988340298694,0.10210849343196082,0.06253567654651226,0.009599480122982276,0.10210849343196082,0.036380570864115926,0.050407451165340116,0.022281041818052145,0.03087171258393219,0.07698550509166213,0.011257582523817231,0.02528446282504142,-0.0028419465222465495,0.0057487242436334955,True,True,True,False,True,-0.03957281688544856,0.6124434358458379,0.38209945381315036,0.0028419465222465495,0.2960521284316843
random,4.0,2.0,34.0,3.2634904367298008,0.36728740614561034,0.408086976750172,0.024645333417450132,0.10210849343196082,0.07185265704438254,0.007848906750285095,0.10210849343196082,0.03750316369806098,0.04166914638516369,0.026390576030501378,0.02932213358470902,0.07746316001451069,0.012857830280610851,0.017023812967713558,0.0017452426130512462,0.004676800167258889,True,True,True,True,True,-0.030255836387578283,0.703689327198437,0.318474358505845,-0.0017452426130512462,0.22235486655359407
random,4.0,2.0,35.0,3.1000214208504295,0.34770073180810124,0.4653058876429896,0.03260444558646616,0.10210849343196082,0.07836519161781819,0.012129542382882262,0.10210849343196082,0.035503197890115475,0.0475116831722469,0.027247634473797463,0.036463785046041856,0.06950404784549466,0.0028987523036493115,0.01490723758578074,-0.0053568111126687,0.0038593394595756933,True,True,True,False,True,-0.023743301814142637,0.7674698644930669,0.3720211205774079,0.0053568111126687,0.4416334057440176
random,4.0,2.0,36.0,3.3030765027873765,0.3690747291020589,0.39403181256587705,0.02757250911228721,0.10210849343196082,0.07995494384256045,0.009895220137745082,0.10210849343196082,0.037685664552420305,0.04023399474536647,0.029509349239063332,0.031504791445887005,0.07453598431967362,0.010113155440133095,0.012661485633079263,0.001936840126776123,0.003932282333599796,True,True,True,True,True,-0.02215354958940037,0.7830391102169947,0.3588799299130687,-0.001936840126776123,0.19573492047823093
random,4.0,2.0,37.0,3.0958592237788563,0.31180172316280547,0.4667519679417824,0.02393963411805873,0.10210849343196082,0.07200037515380868,0.007869268988134365,0.10210849343196082,0.03183760420164339,0.047659340252938276,0.02244984104132599,0.033606316795586816,0.07816885931390209,0.007897970083584657,0.023719706134879545,-0.0014897930767327414,0.009666682677528085,True,True,True,False,True,-0.030108118278152143,0.7051360051824245,0.32871300159922767,0.0014897930767327414,0.18931784883438574
random,4.0,2.0,38.0,2.610319017015269,0.40847907459567157,0.636436828827352,0.02773710763578964,0.10210849343196082,0.06573302315114245,0.010711476811574923,0.10210849343196082,0.04170918290544556,0.06498560575617564,0.02685056446715452,0.04183491680354801,0.07437138579617118,0.013972075269655923,0.037248498120386,-0.0008865431686351198,0.014097809167758373,True,True,True,False,True,-0.036375470280818376,0.6437566645221645,0.38617857897172125,0.0008865431686351198,0.08276572728768015
random,4.0,2.0,39.0,3.340787784358437,0.28200068215255636,0.38053253945415805,0.02192824343434617,0.10210849343196082,0.07994727855590232,0.008220754983004428,0.10210849343196082,0.028794664801382774,0.03885560430550227,0.022545187089004895,0.030422540931326462,0.08018024999761465,0.0068664213670366035,0.0169273608711561,0.0006169436546587248,0.008494297496980292,True,True,True,True,True,-0.022161214876058502,0.7829640401968574,0.3748934568159834,-0.0006169436546587248,0.0750470797310214
random,4.0,2.0,40.0,2.8540827553805532,0.45191205851527344,0.5506513799079671,0.03374610371864747,0.10210849343196082,0.07489537416736988,0.01036100973590668,0.10210849343196082,0.046144059458730693,0.05622618280863282,0.03384612271324776,0.04124124113398574,0.06836238971331335,0.012397955740083226,0.022480079089985353,0.00010001899460029134,0.00749513741533827,True,True,True,True,True,-0.02721311926459094,0.7334881913351882,0.307028326063651,-0.00010001899460029134,0.00965340224067831
random,4.0,2.0,41.0,2.894425993709941,0.4192406291554559,0.5366201559077625,0.03265517374961493,0.10210849343196082,0.0751903940486435,0.009767611424176242,0.10210849343196082,0.042808029028530994,0.054793475664965556,0.031522868107399946,0.04034868097714917,0.06945331968234589,0.010152855278916066,0.022138301915350628,-0.0011323056422149827,0.007693507227534244,True,True,True,False,True,-0.026918099383317323,0.7363774698991716,0.29911374837781785,0.0011323056422149827,0.11592451757574668
random,4.0,2.0,42.0,2.604626628135068,0.5209144452502277,0.6384681329590315,0.03378728435979873,0.10210849343196082,0.06638081924966271,0.013060406643050148,0.10210849343196082,0.05318978921144639,0.06519301916076356,0.03457872763469369,0.042382037730623094,0.06832120907216209,0.019402504851647656,0.03140573480096483,0.0007914432748949568,0.008594753370824361,True,True,True,True,True,-0.03572767418229811,0.650100858592092,0.38654798367251636,-0.0007914432748949568,0.060598670204201385
random,4.0,2.0,43.0,3.4769037542412553,0.2726627587151157,0.330543507567165,0.020579035260198407,0.10210849343196082,0.06636990979007922,0.006634918477668028,0.10210849343196082,0.02784118350740271,0.03375129957139916,0.018096602699036363,0.021938142778929106,0.08152945817176241,0.007262148247204302,0.013172264311200756,-0.0024824325611620436,0.001359107518730699,True,True,True,False,True,-0.03573858364188161,0.6499940167494908,0.3224115413466695,0.0024824325611620436,0.37414665598642644
random,4.0,2.0,44.0,3.0585581296348083,0.4268141377492896,0.4796995488594863,0.025567125081104834,0.10210849343196082,0.06185346320290873,0.009304445723853633,0.10210849343196082,0.04358134858104136,0.04898139823403343,0.026399932563756903,0.029671078393832154,0.07654136835085598,0.018014223499936526,0.023414273152928593,0.000832807482652069,0.00410395331272732,True,True,True,True,True,-0.040255030229052094,0.6057621763279104,0.36392225149827284,-0.000832807482652069,0.08950640450478593
random,4.0,2.0,45.0,2.9681453901485386,0.4203810294245951,0.5110408490302768,0.028895374636648104,0.10210849343196082,0.06835304899053747,0.010887274566113651,0.10210849343196082,0.042924473581922196,0.0521816111766717,0.028734325098951925,0.03493120018993237,0.07321311879531273,0.014029098945274092,0.023286236540023597,-0.00016104953769617916,0.006035825553284267,True,True,True,False,True,-0.03375544444142335,0.6694158996291918,0.3767826063173891,0.00016104953769617916,0.01479245670881136
random,4.0,2.0,46.0,2.5619151404139493,0.478899553274504,0.6537601490607243,0.026905755436359657,0.10210849343196082,0.052104130354740194,0.01312321461427913,0.10210849343196082,0.04889971189009867,0.0667544638864447,0.024952644750641604,0.03406360402739436,0.07520273799560116,0.02199395645373901,0.039848708450085035,-0.0019531106857180527,0.007157848591034705,True,True,True,False,True,-0.05000436307722063,0.5102820402443736,0.4877474875336449,0.0019531106857180527,0.14882867827162627
random,4.0,2.0,47.0,3.515805763340741,0.2876329190386424,0.3157548089585095,0.015041007517115491,0.10210849343196082,0.05164740789345342,0.004131973371696341,0.10210849343196082,0.029369764024472937,0.032241247836650014,0.014855494693173429,0.016307917412599602,0.08706748591484534,0.014328756507357446,0.017200240319534522,-0.00018551282394206267,0.0012669098954841106,True,True,True,False,True,-0.0504610855385074,0.5058091267193974,0.2747138692002167,0.00018551282394206267,0.04489690693865779
random,4.0,2.0,48.0,2.3880286285014516,0.5161625613438172,0.7170586420654429,0.04825560118609558,0.10210849343196082,0.08635842754818367,0.01633685842162587,0.10210849343196082,0.05270458150479924,0.07321777764367002,0.044574987156894945,0.06192405678860752,0.053852892245865244,0.004448980318703659,0.02496217645757444,-0.0036806140292006337,0.01366845560251194,True,True,True,False,True,-0.015750065883777156,0.845751657336203,0.338548438317523,0.0036806140292006337,0.22529509249639035
random,4.0,2.0,49.0,3.136805735708834,0.4055016267614844,0.4525100635748949,0.02979387191836448,0.10210849343196082,0.06841551085233694,0.007223751657477099,0.10210849343196082,0.041405160192824454,0.04620512085443333,0.027742600946340616,0.0309587071652999,0.07231462151359634,0.011611288274459973,0.01641124893606885,-0.002051270972023865,0.0011648352469354195,True,True,True,False,True,-0.03369298257962389,0.670027620159973,0.2424576328068488,0.002051270972023865,0.2839620005348125
random,4.0,4.0,0.0,3.1427409755208804,0.35863008809780594,0.4504423365044326,0.0756621031092391,0.16093625257277966,0.1980813551648157,0.022271944507726658,0.16093625257277966,0.05771658243830672,0.07249250163715037,0.07103793385329064,0.08922422843840394,0.08527414946354056,-0.01794552067093238,-0.0031696014720887233,-0.004624169255948454,0.013562125329164842,True,False,False,False,True,0.037145102592036044,1.2308063099408757,0.2943606322384532,0.004624169255948454,0.20762305933117883
random,4.0,4.0,1.0,3.257573688465373,0.3329361499485234,0.41017895145130767,0.05214351048395435,0.16093625257277966,0.130307005307918,0.026816505774307123,0.16093625257277966,0.0535814963187244,0.06601266333080558,0.04338391265854002,0.05344919080396179,0.1087927420888253,0.0014379858347700475,0.013869152846851224,-0.008759597825414335,0.0013056803200074338,True,True,True,False,True,-0.03062924726486166,0.8096808719277822,0.5142827079615041,0.008759597825414335,0.3266494859224687
random,4.0,4.0,2.0,3.2907242046040994,0.2911998873699313,0.39842915982897603,0.06094765859685238,0.16093625257277966,0.17423235158532538,0.015418212100971131,0.16093625257277966,0.04686461862293225,0.06412169589859648,0.05073644115784502,0.06941924945716794,0.09998859397592727,-0.01408303997392013,0.0031740373017440995,-0.01021121743900736,0.008471590860315563,True,False,True,False,True,0.01329609901254572,1.082617177919766,0.25297464178168444,0.01021121743900736,0.6622828491485206
random,4.0,4.0,3.0,3.4011197050195574,0.33235958089366807,0.35865744254943643,0.06366037211669263,0.16093625257277966,0.1938891570383726,0.016180610128892492,0.16093625257277966,0.053488705455686555,0.057720984761243314,0.0644409189731001,0.06953978920144878,0.09727588045608702,-0.010171666661006079,-0.00593938735544932,0.0007805468564074658,0.0058794170847561444,True,False,False,True,True,0.03295290446559293,1.2047574983187257,0.254170838009439,-0.0007805468564074658,0.04823964301653263
random,4.0,4.0,4.0,3.5151104057985063,0.2587578011312005,0.31602166180932934,0.053241846365562784,0.16093625257277966,0.19614853223415094,0.009386105892799127,0.16093625257277966,0.041643510838027975,0.05085934198341578,0.0507549628960213,0.06198718511809718,0.10769440620721688,-0.011598335527534809,-0.002382504382147002,-0.0024868834695414843,0.008745338752534394,True,False,False,False,True,0.035212279661371276,1.2187964433025886,0.17629189319155786,0.0024868834695414843,0.2649536983648759
random,4.0,4.0,5.0,3.1309215002490536,0.3831536889888459,0.4545590941772016,0.06212682598075317,0.16093625257277966,0.15978125137499,0.01529721721306616,0.16093625257277966,0.061663318865301166,0.07315503718975605,0.061220775895581524,0.0726300208915152,0.09880942659202649,-0.000463507115452004,0.01102821120900288,-0.000906050085171646,0.010503194910762029,True,False,True,False,True,-0.0011550011977896624,0.9928232379011849,0.24622563557013558,0.000906050085171646,0.05922973260768899
random,4.0,4.0,6.0,3.2098170495044327,0.39213620610027455,0.4269934845091687,0.05867401556507783,0.16093625257277966,0.15066175866057388,0.013805082916941838,0.16093625257277966,0.06310893150788537,0.06871873126989884,0.059079930445552625,0.06433158931275787,0.10226223700770183,0.004434915942807538,0.010044715704821017,0.0004059148804747975,0.005657573747680042,True,True,True,True,True,-0.010274493912205779,0.9361579895893289,0.23528444037770072,-0.0004059148804747975,0.029403291738049012
random,4.0,4.0,7.0,3.289991751803983,0.3589729144964994,0.3986895626249174,0.0638472112521838,0.16093625257277966,0.2021208509041881,0.01607030395279925,0.16093625257277966,0.05777175563419546,0.06416360414873476,0.07255591092958881,0.0805834736443669,0.09708904132059586,-0.0060754556179883415,0.00031639289655095715,0.008708699677405007,0.016736262392183093,True,False,True,True,True,0.041184598331408445,1.2559062838423163,0.25169938729703856,-0.008708699677405007,0.5419125676143828
random,4.0,4.0,8.0,3.2747604870013425,0.32789526772228605,0.40409623542818157,0.05988620103442394,0.16093625257277966,0.19563539448107012,0.010828738615978486,0.16093625257277966,0.05277023562357303,0.06503373380857926,0.06414792004932553,0.07905552642630768,0.10105005153835572,-0.007115965410850911,0.005147532774155313,0.004261719014901584,0.01916932539188374,True,False,True,True,True,0.03469914190829046,1.2156079898318657,0.18082193274797784,-0.004261719014901584,0.393556365707558
random,4.0,4.0,9.0,2.9183565083724945,0.3909726276982849,0.5283099763284096,0.07271533613666606,0.16093625257277966,0.1527981755353792,0.022210651641332794,0.16093625257277966,0.06292166956029453,0.08502422778710816,0.05973990419657099,0.08072480050012036,0.0882209164361136,-0.009793666576371526,0.012308891650442105,-0.012975431940095067,0.008009464363454302,True,False,True,False,True,-0.008138077037400465,0.9494329157830973,0.30544659244356115,0.012975431940095067,0.5841986155844481
random,4.0,4.0,10.0,3.1942485728327363,0.3363761808406086,0.43245116171861064,0.06520765072818699,0.16093625257277966,0.19128557964019346,0.01523682746389405,0.16093625257277966,0.05413512199923119,0.06959706938773831,0.06434391272925036,0.08272167113541948,0.09572860184459267,-0.011072528728955797,0.004389418659551322,-0.0008637379989366312,0.01751402040723249,True,False,True,False,True,0.030349327067413806,1.1885798046259903,0.23366625378680758,0.0008637379989366312,0.05668752245067998
random,4.0,4.0,11.0,2.0882044516143323,0.46222662893406535,0.8310792908816896,0.08869860613212399,0.16093625257277966,0.18716287834183504,0.023792175026496824,0.16093625257277966,0.07438902149999724,0.1337507866653422,0.086511666317543,0.1555471922117082,0.07223764644065567,-0.014309584632126754,0.04505218053321822,-0.002186939814580985,0.06684858607958422,True,False,True,False,True,0.02622662576905538,1.1629628213021488,0.26823617713965414,0.002186939814580985,0.09191844848759888
random,4.0,4.0,12.0,3.0216224920010464,0.3253990093886059,0.49250593156019756,0.07065887819982165,0.16093625257277966,0.19322027548299794,0.020583178684524882,0.16093625257277966,0.052368497161896975,0.07926205899516409,0.06287368623596107,0.09516213177307191,0.090277374372958,-0.01829038103792468,0.008603180795342433,-0.007785191963860585,0.024503253573250255,True,False,True,False,True,0.032284022910218285,1.2006013088668048,0.291303502248028,0.007785191963860585,0.3782307914235692
random,4.0,4.0,13.0,3.163439789024979,0.34701246919228124,0.44322320702383183,0.06622357617773644,0.16093625257277966,0.1704001913060094,0.01628029098758963,0.16093625257277966,0.055846886387832896,0.07133068199170481,0.05913099113593541,0.07552531926812395,0.09471267639504322,-0.010376689789903547,0.005107105813968366,-0.007092585041801033,0.009301743090387504,True,False,True,False,True,0.009463938733229732,1.05880551200824,0.2458382939618846,0.007092585041801033,0.43565468499350957
random,4.0,4.0,14.0,3.3638719340086967,0.3302786351652387,0.3722070967069368,0.07128936016807669,0.16093625257277966,0.20222534659532462,0.01531991771179619,0.16093625257277966,0.0531538058483458,0.05990161532500861,0.06679071146932117,0.07526970913679981,0.08964689240470297,-0.018135554319730886,-0.011387744843068079,-0.00449864869875552,0.003980348968723124,True,False,False,False,True,0.041289094022544964,1.2565555824898615,0.21489767443103572,0.00449864869875552,0.29364705368434213
random,4.0,4.0,15.0,2.9671296098107907,0.3751379149149147,0.5113929783193296,0.07651422307926668,0.16093625257277966,0.19728301784297608,0.018817321277715047,0.16093625257277966,0.06037329022437264,0.08230166952274566,0.07400833996173596,0.10088915006654499,0.08442202949351298,-0.01614093285489404,0.005787446443478977,-0.0025058831175307217,0.024374926987278306,True,False,True,False,True,0.036346765270196424,1.2258457289090874,0.2459323315381613,0.0025058831175307217,0.13316896069040315
random,4.0,4.0,16.0,3.171525456302822,0.3153337338640965,0.4403994471325214,0.07916761264554172,0.16093625257277966,0.2249697867520129,0.023992330077167893,0.16093625257277966,0.05074862943786992,0.07087623665663198,0.07094056286312178,0.09907656970710771,0.08176863992723794,-0.028418983207671798,-0.008291375988909735,-0.008227049782419935,0.019908957061565993,True,False,False,False,True,0.06403353417923324,1.3978813546082514,0.30305739020562733,0.008227049782419935,0.3429033260195574
random,4.0,4.0,17.0,2.9099167087449755,0.40013271873337836,0.5312398863112129,0.05671345940099721,0.16093625257277966,0.14982724833049008,0.017397913759322727,0.16093625257277966,0.06439586028470798,0.08549575652011611,0.059950784214820016,0.0795942103694114,0.10422279317178246,0.00768240088371077,0.0287822971191189,0.0032373248138228075,0.022880750968414194,True,True,True,True,True,-0.011109004242289583,0.9309726424923074,0.306768692001476,-0.0032373248138228075,0.18607546046077375
random,4.0,4.0,18.0,3.2464056578549845,0.3391997063940484,0.41412198888296486,0.06775265028459201,0.16093625257277966,0.18879566319441882,0.0200734336566224,0.16093625257277966,0.054589529620845276,0.06664724099881068,0.06403943352401652,0.0781844355345511,0.09318360228818764,-0.013163120663746739,-0.0011054092857813308,-0.0037132167605754968,0.01043178524995908,True,False,False,False,True,0.027859410621639158,1.1731083592184453,0.29627525376948105,0.0037132167605754968,0.18498164410205298
random,4.0,4.0,19.0,3.3851113430786324,0.3068563711426332,0.3644995886101751,0.05243070836523205,0.16093625257277966,0.14534642549918791,0.023812369782826852,0.16093625257277966,0.04938431444977743,0.058661197855241425,0.044600476687233895,0.05297871230041346,0.1085055442075476,-0.0030463939154546232,0.006230489490009372,-0.007830231677998158,0.0005480039351814098,True,False,True,False,True,-0.015589827073591744,0.9031304207450611,0.45416837813729316,0.007830231677998158,0.32883042508625965
random,4.0,4.0,20.0,3.364443574492039,0.3196660184319573,0.372000272164181,0.06622556711218244,0.16093625257277966,0.2134943608868849,0.020460748191208637,0.16093625257277966,0.051445851081300314,0.05986832975815741,0.06824689230238588,0.07941996035543906,0.09471068546059722,-0.014779716030882128,-0.006357237354025033,0.0020213251902034407,0.013194393243256622,True,False,False,True,True,0.052558108314105234,1.3265771849033023,0.30895542436879797,-0.0020213251902034407,0.0987903849514136
random,4.0,4.0,21.0,3.224100667275961,0.3273778428781725,0.42197662504965977,0.06801714786855659,0.16093625257277966,0.19731664982643793,0.015053435244193622,0.16093625257277966,0.05268696320817334,0.06791133670880119,0.06459709918412698,0.08326301395986581,0.09291910470422307,-0.015330184660383245,-0.00010581115975540067,-0.003420048684429605,0.015245866091309221,True,False,False,False,True,0.03638039725365827,1.2260547059600886,0.22131823688468158,0.003420048684429605,0.22719390152150012
random,4.0,4.0,22.0,3.0006355388799317,0.4448570900367883,0.49977973900149314,0.08007687485634338,0.16093625257277966,0.17689989025936637,0.017009322563014462,0.16093625257277966,0.07159363300095234,0.0804326783067022,0.07869517040860892,0.0884109809832189,0.08085937771643628,-0.008483241855391038,0.00035580345035882144,-0.001381704447734458,0.008334106126875518,True,False,True,False,True,0.015963637686586707,1.0991923039799099,0.2124124173618028,0.001381704447734458,0.08123218562148232
random,4.0,4.0,23.0,2.9246840615118876,0.3761214173875588,0.5261139319198668,0.08595833157330339,0.16093625257277966,0.2329672115717332,0.016985893285190273,0.16093625257277966,0.06053157142671604,0.08467080462951389,0.08762395782118758,0.12256729568841204,0.07497792099947627,-0.025426760146587353,-0.001287526943789502,0.0016656262478841888,0.03660896411510865,True,False,False,True,True,0.07203095899895354,1.4475744765237355,0.19760613048550243,-0.0016656262478841888,0.09805938492127592
random,4.0,4.0,24.0,2.4611361709468302,0.4940329120471453,0.6902274682110883,0.09579065149405853,0.16093625257277966,0.18893388624464283,0.023315560825863575,0.16093625257277966,0.07950780551248521,0.11108262215668994,0.09333955800582498,0.13040735796192157,0.06514560107872112,-0.016282845981573327,0.01529197066263141,-0.0024510934882335522,0.03461670646786304,True,False,True,False,True,0.02799763367186317,1.1739672275468318,0.2434012136070474,0.0024510934882335522,0.10512693675009498
random,4.0,4.0,25.0,3.306691239285774,0.29156462847010944,0.3927428429759895,0.05253627468711575,0.16093625257277966,0.17914771070848767,0.014040160505606518,0.16093625257277966,0.0469233186887542,0.06320656137333538,0.05223313571399085,0.07035898121629157,0.10839997788566391,-0.005612955998361549,0.010670286686219638,-0.0003031389731248946,0.017822706529175822,True,False,True,False,True,0.018211458135708014,1.113159451923191,0.26724697533701974,0.0003031389731248946,0.02159084812483768
random,4.0,4.0,26.0,3.026284344450915,0.38374959980092443,0.49089002940389376,0.0702982110876487,0.16093625257277966,0.18339524890155842,0.01634648091338235,0.16093625257277966,0.06175922251826469,0.07900200175760427,0.07037785337136397,0.09002689912582043,0.09063804148513097,-0.008538988569384003,0.00870379066995558,7.964228371527826e-05,0.019728688038171738,True,False,True,True,True,0.022458996328778763,1.1395521268187987,0.23253053897774656,-7.964228371527826e-05,0.004872136341594944
random,4.0,4.0,27.0,3.64368312279196,0.21804666594735994,0.2646476710416304,0.04473467411031333,0.16093625257277966,0.22693076186424813,0.019505575027720393,0.16093625257277966,0.03509161330355683,0.04259140442955373,0.0494814960253936,0.0600566976150761,0.11620157846246633,-0.009643060806756497,-0.0021432696807595977,0.004746821915080267,0.01532202350476277,True,False,False,True,True,0.06599450929146847,1.4100661487791508,0.4360281015934235,-0.004746821915080267,0.24335718933352696
random,4.0,4.0,28.0,3.4010149743337164,0.3010401326114836,0.3586957605704866,0.051699863292727806,0.16093625257277966,0.17285268084440483,0.012157211121210598,0.16093625257277966,0.04844827081650481,0.05772715151995713,0.05203559396365008,0.062001523822131366,0.10923638928005186,-0.003251592476222996,0.006027288227229324,0.00033573067092227543,0.01030166052940356,True,False,True,True,True,0.011916428271625173,1.0740444000722351,0.23514977307339713,-0.00033573067092227543,0.02761576381087341
random,4.0,4.0,29.0,3.160037426668702,0.3838646074195884,0.44441076287529274,0.05658884408979631,0.16093625257277966,0.14503579530281738,0.011594780056961549,0.16093625257277966,0.061777731413429786,0.07152180278015981,0.05567410862570377,0.06445546843474988,0.10434740848298335,0.005188887323633477,0.014932958690363499,-0.0009147354640925351,0.007866624344953568,True,True,True,False,True,-0.01590045726996228,0.9012002764089982,0.20489515634146405,0.0009147354640925351,0.07889200654076439
random,4.0,4.0,30.0,3.4503061040183765,0.2706614607272849,0.3405051711483474,0.052580669467106426,0.16093625257277966,0.21947347693952007,0.01727346932504119,0.16093625257277966,0.043559241205323805,0.054799626226268,0.059403011859346586,0.07473185382781415,0.10835558310567323,-0.009021428261782621,0.002218956759161575,0.006822342392240159,0.022151184360707725,True,False,True,True,True,0.058537224366740415,1.363729261934121,0.3285136819310979,-0.006822342392240159,0.39496074956696
random,4.0,4.0,31.0,2.8971340089529396,0.40780009749846113,0.5356793416790505,0.07365425696802824,0.16093625257277966,0.17613350249559412,0.019596101932938557,0.16093625257277966,0.06562981949021651,0.08621022583048,0.07182725949044873,0.09435107866446525,0.08728199560475142,-0.00802443747781173,0.012555968862451763,-0.0018269974775795145,0.02069682169643701,True,False,True,False,True,0.01519724992281446,1.0944302460127302,0.26605525246755,0.0018269974775795145,0.0932326992292566
random,4.0,4.0,32.0,2.739506802205015,0.4808241979366939,0.5907148817604736,0.06525288910589873,0.16093625257277966,0.14242061725822255,0.022822075779144184,0.16093625257277966,0.07738204456224397,0.09506743940950325,0.06847927906283373,0.0841299780839446,0.09568336346688093,0.012129155456345242,0.029814550303604526,0.0032263899569349996,0.018877088978045867,True,True,True,True,True,-0.018515635314557105,0.8849505004710866,0.3497481275059914,-0.0032263899569349996,0.14137145052701194
random,4.0,4.0,33.0,3.4705947242656454,0.28756298050865525,0.33291668821550835,0.06565025782314704,0.16093625257277966,0.22197774836609835,0.018160287008944835,0.16093625257277966,0.046279308461722256,0.05357836422034439,0.06383258292675552,0.07390009684357693,0.09528599474963262,-0.019370949361424784,-0.012071893602802648,-0.0018176748963915218,0.008249839020429889,True,False,False,False,True,0.06104149579331869,1.3792899040302564,0.2766217165188628,0.0018176748963915218,0.10009064809913122
random,4.0,4.0,34.0,2.908577361748002,0.43336147450517637,0.5317049337254708,0.08725776388236228,0.16093625257277966,0.21986148802484298,0.02678549177196294,0.16093625257277966,0.06974357171627728,0.08557059950823544,0.09527949863734814,0.11690143791903253,0.07367848869041738,-0.017514192166085005,-0.0016871643741268455,0.008021734754985854,0.029643674036670245,True,False,False,True,True,0.058925235452063324,1.3661402232875763,0.306969724872553,-0.008021734754985854,0.29948058535861605
random,4.0,4.0,35.0,3.191052055707774,0.3623368021017722,0.43357047156846446,0.06855469673669762,0.16093625257277966,0.16118067999878896,0.02282716889010723,0.16093625257277966,0.058313127099464096,0.06977720692044158,0.05840169215135027,0.0698831834348007,0.09238155583608204,-0.010241569637233522,0.0012225101837439606,-0.010153004585347347,0.001328486698103079,True,False,True,False,True,0.0002444274260093027,1.0015187841278879,0.3329774614536038,0.010153004585347347,0.44477721412695315
random,4.0,4.0,36.0,3.289458060236085,0.31712053522475975,0.3988792776569058,0.059200709294044834,0.16093625257277966,0.19010072892669758,0.017519821936471024,0.16093625257277966,0.051036190552947,0.06419413617503969,0.0602848449038513,0.07582724143633239,0.10173554327873482,-0.008164518741097831,0.004993426880994856,0.0010841356098064692,0.016626532142287556,True,False,True,True,True,0.029164476353917917,1.1812175683706128,0.2959393923719997,-0.0010841356098064692,0.061880515323596036
random,4.0,4.0,37.0,3.282109407211637,0.3159134859649839,0.4014895392967488,0.061569251730584085,0.16093625257277966,0.1996753364585492,0.010938700448672662,0.16093625257277966,0.05084193256840793,0.06461422190159051,0.06308013160185133,0.08016755884366623,0.09936700084219557,-0.010727319162176153,0.0030449701710064253,0.0015108798712672455,0.01859830711308215,True,False,True,True,True,0.03873908388576955,1.2407107364964318,0.17766498927968846,-0.0015108798712672455,0.13812242856056825
random,4.0,4.0,38.0,2.993419373779387,0.3866937040749593,0.5022806791371931,0.08562231904088263,0.16093625257277966,0.1987067454020568,0.018861445839521814,0.16093625257277966,0.06223303562731136,0.0808351702400506,0.07683864740420122,0.09980655902968641,0.07531393353189703,-0.02338928341357127,-0.004787148800832031,-0.008783671636681409,0.014184239988803776,True,False,False,False,True,0.037770492829277136,1.2346922599816117,0.22028655671561428,0.008783671636681409,0.4656945025007742
random,4.0,4.0,39.0,2.5095368526392026,0.4362797496343947,0.6726424815807382,0.09219317344204017,0.16093625257277966,0.20556045611454968,0.019428014621404463,0.16093625257277966,0.07021322797955001,0.10825256030685898,0.0896818643283877,0.13826869531575914,0.06874307913073949,-0.021979945462490158,0.01605938686481881,-0.0025113091136524657,0.046075521873718966,True,False,True,False,True,0.04462420354177002,1.27727875372014,0.21073159645186126,0.0025113091136524657,0.1292622618723828
random,4.0,4.0,40.0,3.0753108766621704,0.4056660382150437,0.4738868934848824,0.08972677461481009,0.16093625257277966,0.20543473377951393,0.01938418033264616,0.16093625257277966,0.06528637198637516,0.07626558078081297,0.08333789456409763,0.09735282780466768,0.07120947795796957,-0.02444040262843493,-0.013461193833997118,-0.006388880050712462,0.007626053189857596,True,False,False,False,True,0.044498481206734275,1.276497560340613,0.21603563056691727,0.006388880050712462,0.3295924790769993
random,4.0,4.0,41.0,3.099598169102181,0.36847030027670813,0.4654529533161977,0.06545705424882657,0.16093625257277966,0.18572646025735084,0.023342467841700784,0.16093625257277966,0.05930022931090026,0.0749082540556418,0.06843468458035616,0.08644692943574736,0.09547919832395309,-0.006156824937926311,0.009451199806815233,0.0029776303315295904,0.02098987518692079,True,False,True,True,True,0.024790207684571186,1.154037435868344,0.3566073681373958,-0.0029776303315295904,0.1275627903494472
random,4.0,4.0,42.0,2.766668418733228,0.43333314769853637,0.5811826213214223,0.08406551754882233,0.16093625257277966,0.1739593035573165,0.029098923854782056,0.16093625257277966,0.06973901290616928,0.09353335313589457,0.07538233258193716,0.10110212404469023,0.07687073502395733,-0.014326504642653046,0.009467835587072246,-0.008683184966885166,0.017036606495867898,True,False,True,False,True,0.01302305098453685,1.0809205556631654,0.34614577657102286,0.008683184966885166,0.2984022711705261
random,4.0,4.0,43.0,3.6251810737894687,0.22112204109485983,0.27234022724914175,0.046450572098698434,0.16093625257277966,0.21026635371193014,0.01138230294185106,0.16093625257277966,0.035586552655050924,0.04382941559829609,0.04649452530635575,0.057263986552755476,0.11448568047408123,-0.01086401944364751,-0.002621156500402344,4.395320765731431e-05,0.010813414454057042,True,False,False,True,True,0.049330101139150484,1.306519509125777,0.24504117877527706,-4.395320765731431e-05,0.0038615390823683675
random,4.0,4.0,44.0,2.821166230794107,0.4664556432789464,0.5621247488172664,0.07888728999298059,0.16093625257277966,0.15071923409762306,0.027204626215748234,0.16093625257277966,0.07506962322073893,0.09046625055306591,0.07030383729551687,0.08472301160905713,0.08204896257979907,-0.003817666772241657,0.011578960560085325,-0.008583452697463717,0.005835721616076539,True,False,True,False,True,-0.010217018475156603,0.9365151212866958,0.34485436396875735,0.008583452697463717,0.31551445071849293
random,4.0,4.0,45.0,2.7099638371411627,0.4111748624273739,0.6011118552324116,0.08327699975304051,0.16093625257277966,0.17468607939084352,0.026029818164120783,0.16093625257277966,0.06617294151118977,0.09674068935817556,0.0718265246615074,0.1050058732659063,0.07765925281973915,-0.01710405824185074,0.013463689605135054,-0.011450475091533116,0.021728873512865787,True,False,True,False,True,0.01374982681806386,1.0854364793404507,0.31256911561791,0.011450475091533116,0.43989838958292554
random,4.0,4.0,46.0,3.173622188382728,0.29434883138450285,0.4396668365908565,0.06573113021225743,0.16093625257277966,0.22533737221167183,0.01670071903374145,0.16093625257277966,0.047371397872198885,0.07075833306146112,0.06632779217776034,0.09907336960600212,0.09520512236052223,-0.018359732340058547,0.005027202849203688,0.0005966619655029121,0.033342239393744685,True,False,True,True,True,0.06440111963889217,1.4001653984689886,0.25407624940894635,-0.0005966619655029121,0.03572672316068791
random,4.0,4.0,47.0,2.774859572281272,0.3926298477385141,0.5783126401262638,0.08320955673571549,0.16093625257277966,0.20256821866746733,0.031713403953802094,0.16093625257277966,0.06318837634325752,0.09307146911739142,0.07953432885206974,0.11714776134325734,0.07772669583706417,-0.02002118039245797,0.009861912381675927,-0.003675227883645757,0.03393820460754185,True,False,True,False,True,0.04163196609468767,1.2586860662476318,0.3811269426002117,0.003675227883645757,0.1158887859846132
random,4.0,4.0,48.0,3.443283223151926,0.263993233027062,0.34311731002936485,0.07543569780146117,0.16093625257277966,0.29649369111982965,0.0220895547624402,0.16093625257277966,0.04248608162794793,0.055220014068978605,0.07827232809085094,0.10173211773771333,0.08550055477131849,-0.03294961617351324,-0.020215683732482566,0.002836630289389769,0.02629641993625216,True,False,False,True,True,0.13555743854705,1.8423051759935027,0.2928262799474273,-0.002836630289389769,0.12841500518666002
random,4.0,4.0,49.0,3.4942388587872877,0.2926589055365503,0.32398775398633095,0.056324190791644,0.16093625257277966,0.1642336514812221,0.018835931259566778,0.16093625257277966,0.04709942753910352,0.052141375006031755,0.048064440694765696,0.053209691872375,0.10461206178113566,-0.009224763252540479,-0.004182815785612241,-0.0082597500968783,-0.0031144989192689945,True,False,False,False,False,0.0032973989084424393,1.020488851055801,0.334419917886529,0.0082597500968783,0.4385103121823706
random,4.0,8.0,0.0,3.1880708082747424,0.37434342275993465,0.4346140326110634,0.11595174303218597,0.26728151976155323,0.2869643120023299,0.019357682854465014,0.26728151976155323,0.10005507894801695,0.11616429914598228,0.10742320276490197,0.12471871685479198,0.15132977672936726,-0.015896664084169024,0.00021255611379630834,-0.008528540267284002,0.008766973822606008,True,False,True,False,True,0.01968279224077668,1.0736406776582836,0.16694602727180818,0.008528540267284002,0.44057650553546607
random,4.0,8.0,1.0,2.9380916819416276,0.4053005683106024,0.5214621701943863,0.13192384366649576,0.26728151976155323,0.3021009394440184,0.019142732485849887,0.26728151976155323,0.10832935185827904,0.1393772013477133,0.12244168244382754,0.15753421150024072,0.13535767609505747,-0.023594491808216725,0.007453357681217548,-0.00948216122266822,0.025610367833744957,True,False,True,False,True,0.03481941968246516,1.130272454726867,0.14510441747166514,0.00948216122266822,0.4953400059096755
random,4.0,8.0,2.0,3.243363634683293,0.30084251009918667,0.4151947919006676,0.08340376484978018,0.26728151976155323,0.29511107546329474,0.018336221292568983,0.26728151976155323,0.08040964330819104,0.11097389497629227,0.08878195670044808,0.12252858156456486,0.18387775491177305,-0.002994121541589137,0.02757013012651209,0.005378191850667902,0.03912481671478468,True,False,True,True,True,0.027829555701741504,1.1041207627320018,0.21984884406111208,-0.005378191850667902,0.29330971549997004
random,4.0,8.0,3.0,2.704022310342922,0.4320817607815103,0.6032067215830538,0.13240926217883114,0.26728151976155323,0.31847172794961287,0.01865027323622621,0.26728151976155323,0.11548746968292996,0.16122600927510272,0.13760582497159884,0.19210428693337617,0.1348722575827221,-0.016921792495901186,0.028816747096271578,0.0051965627927677005,0.05969502475454502,True,False,True,True,True,0.05119020818805964,1.1915216893174185,0.14085323737426514,-0.0051965627927677005,0.2786319925154726
random,4.0,8.0,4.0,3.4236686977073636,0.30197063754205133,0.3503757820915302,0.08638256980369491,0.26728151976155323,0.2823907195853501,0.011047028680367096,0.26728151976155323,0.08071117092560462,0.093648971525067,0.08527370562914681,0.09894286923010703,0.18089894995785832,-0.005671398878090289,0.007266401721372093,-0.0011088641745480993,0.012560299426412125,True,False,True,False,True,0.015109199823796882,1.0565291601053304,0.1278849275435028,0.0011088641745480993,0.1003766901156675
random,4.0,8.0,5.0,3.3986363131456114,0.32181402278694765,0.35956569401674837,0.0782186458081359,0.26728151976155323,0.25337935632143815,0.011007210048354539,0.26728151976155323,0.08601494109107449,0.09610526515091414,0.08154102994896943,0.09110652410523488,0.18906287395341734,0.007796295282938598,0.017886619342778243,0.003322384140833537,0.01288787829709899,True,True,True,True,True,-0.013902163440115078,0.947986813856351,0.14072360796624309,-0.003322384140833537,0.30183708008099636
random,4.0,8.0,6.0,2.7449929626638974,0.4222807215952427,0.588787552530575,0.10764692099058906,0.26728151976155323,0.25952839311078896,0.015789182151889215,0.26728151976155323,0.11286783303398182,0.15737203185705745,0.10959383711727778,0.1528070873918944,0.15963459877096417,0.005220912043392756,0.049725110866468386,0.001946916126688722,0.045160166401305324,True,True,True,True,True,-0.007753126650764275,0.9709926572638431,0.14667565041892439,-0.001946916126688722,0.12330696472811092
random,4.0,8.0,7.0,3.1179586078946278,0.33240243298482536,0.4590700513767561,0.092472730640195,0.26728151976155323,0.25484514956882764,0.014469358936812577,0.26728151976155323,0.08884502746062198,0.12270094100899369,0.08471114775106002,0.1169917759056788,0.17480878912135822,-0.003627703179573019,0.03022821036879869,-0.007761582889134977,0.024519045265483805,True,False,True,False,True,-0.012436370192725588,0.9534708938956188,0.1564716304648973,0.007761582889134977,0.5364151185294156
random,4.0,8.0,8.0,3.32714408506326,0.3005280789225716,0.38543019029735615,0.07699346590438447,0.26728151976155323,0.2848533161882711,0.014023391151727774,0.26728151976155323,0.08032560166544495,0.10301836702466202,0.08560641988878498,0.10979106786527829,0.19028805385716877,0.0033321357610604785,0.026024901120277555,0.008612953984400512,0.03279760196089382,True,True,True,True,True,0.017571796426717856,1.0657426538220598,0.18213741889659754,-0.008612953984400512,0.6141848210045356
random,4.0,8.0,9.0,2.839016530131012,0.463848371558183,0.5558997393842043,0.14151674684448115,0.26728151976155323,0.2974238764025512,0.013024438133769628,0.26728151976155323,0.12397809768899277,0.1485817271776615,0.13795958073184567,0.165337855378818,0.12576477291707208,-0.017538649155488376,0.007064980333180343,-0.0035571661126354848,0.02382110853433686,True,False,True,False,True,0.030142356640997958,1.1127738149195219,0.09203460667508662,0.0035571661126354848,0.27311474599526114
random,4.0,8.0,10.0,3.1999949814387425,0.3699950823516067,0.43043791166668943,0.09038230118757407,0.26728151976155323,0.2453275589051756,0.016252263612228923,0.26728151976155323,0.09889284791523849,0.11504809919326196,0.0907699903602391,0.10559828212943052,0.17689921857397917,0.008510546727664423,0.024665798005687897,0.00038768917266503167,0.015215980941856458,True,True,True,True,True,-0.02195396085637763,0.9178620322274313,0.17981688227322226,-0.00038768917266503167,0.02385447233167675
random,4.0,8.0,11.0,2.755633296371853,0.42748014327845274,0.5850524197801005,0.11233913710838075,0.26728151976155323,0.24097822955780807,0.02318436268028347,0.26728151976155323,0.11425754236335137,0.15637369989899946,0.10301340809835967,0.14098489631712013,0.15494238265317248,0.001918405254970612,0.04403456279061871,-0.009325729010021086,0.02864575920873938,True,True,True,False,True,-0.026303290203745167,0.901589566584286,0.20637832261356992,0.009325729010021086,0.4022421982706433
random,4.0,8.0,12.0,2.9267886012232394,0.4313454685024106,0.5253836341927638,0.11628353481820407,0.26728151976155323,0.26591100433610676,0.015567518007687227,0.26728151976155323,0.11529067236358351,0.14042533620488984,0.11469950674530452,0.13970528982995153,0.15099798494334915,-0.0009928624546205606,0.02414180138668577,-0.0015840280728995487,0.023421755011747467,True,False,True,False,True,-0.0013705154254464724,0.994872389880643,0.13387551412179935,0.0015840280728995487,0.1017521272252492
random,4.0,8.0,13.0,2.9586583232699217,0.365853955811637,0.5143298533556108,0.11284632879012813,0.26728151976155323,0.2803511357033703,0.016824780802892444,0.26728151976155323,0.09778600132011048,0.13747086486362445,0.10256757201336307,0.14419295851439337,0.1544351909714251,-0.015060327470017648,0.024624536073496323,-0.010278756776765055,0.031346629724265246,True,False,True,False,True,0.013069615941817048,1.0488983149806865,0.14909462260117662,0.010278756776765055,0.6109296101496892
random,4.0,8.0,14.0,3.183425837134461,0.3283775815146531,0.43623927391533723,0.08813540005863188,0.26728151976155323,0.26519299823250764,0.01685913959962869,0.26728151976155323,0.08776925904285982,0.11659869611176785,0.08708343539421054,0.11568760099638044,0.17914611970292135,-0.0003661410157720646,0.028463296053135967,-0.0010519646644213398,0.02755220093774856,True,False,True,False,True,-0.002088521529045595,0.9921860608585704,0.19128681084346566,0.0010519646644213398,0.06239729247182393
random,4.0,8.0,15.0,3.357169550289897,0.32029157428608224,0.3746296420398137,0.0862143958809278,0.26728151976155323,0.25015612201400356,0.0204305158436779,0.26728151976155323,0.08560801874200448,0.10013158007212808,0.08012289813716647,0.0937158984441741,0.18106712388062543,-0.0006063771389233225,0.013917184191200277,-0.006091497743761332,0.007501502563246304,True,False,True,False,True,-0.017125397747549675,0.9359274903748394,0.23697336894751128,0.006091497743761332,0.2981568253278494
random,4.0,8.0,16.0,3.1138904733586603,0.33327109072690264,0.4604849211058573,0.08325298211230225,0.26728151976155323,0.25517743841827595,0.019848750858246823,0.26728151976155323,0.08907720362207702,0.12307910954045248,0.08504326323055586,0.11750536259803457,0.18402853764925098,0.0058242215097747685,0.039826127428150226,0.001790281118253606,0.034252380485732314,True,True,True,True,True,-0.012104081343277284,0.9547141105974122,0.23841489343255348,-0.001790281118253606,0.09019616050597835
random,4.0,8.0,17.0,3.4452264911593935,0.27696951397230396,0.34239524094543267,0.07882573307194449,0.26728151976155323,0.2733710473210498,0.01392765058586217,0.26728151976155323,0.07402883262213615,0.09151592035901844,0.07571544611061086,0.09360094561499611,0.18845578668960875,-0.004796900449808336,0.012690187287073953,-0.0031102869613336276,0.014775212543051627,True,False,True,False,True,0.006089527559496544,1.0227831971508137,0.17668913491930816,0.0031102869613336276,0.22331741754713832
random,4.0,8.0,18.0,3.3218142060923697,0.33318378848851504,0.3873390994016092,0.10036542737585238,0.26728151976155323,0.30072709404162506,0.018547151426327582,0.26728151976155323,0.0890538693471222,0.10352858315113345,0.10019739249393057,0.11648336177174609,0.16691609238570085,-0.011311558028730184,0.0031631557752810624,-0.00016803488192181082,0.016117934395893707,True,False,True,False,True,0.03344557428007183,1.125132385919944,0.18479621829209658,0.00016803488192181082,0.009059875452533709
random,4.0,8.0,19.0,2.6172101034859567,0.45471768146076585,0.6339798248906467,0.12107769867728879,0.26728151976155323,0.2602289294014001,0.009871296527630646,0.26728151976155323,0.12153763296328336,0.16945109109493545,0.11833069542642197,0.1649798910933801,0.14620382108426444,0.0004599342859945704,0.048373392417646655,-0.002747003250866825,0.04390219241609131,True,True,True,False,True,-0.007052590360153155,0.9736136251902305,0.08152861043337833,0.002747003250866825,0.27828190989681206
random,4.0,8.0,20.0,3.028647565402901,0.3452844551255247,0.49007084801152,0.12332528404256637,0.26728151976155323,0.34075014069577925,0.016442168502527534,0.26728151976155323,0.09228815391599007,0.13098688104735223,0.11765572666408801,0.16699171041082528,0.14395623571898686,-0.0310371301265763,0.007661597004785858,-0.005669557378478365,0.043666426368258904,True,False,True,False,True,0.07346862093422601,1.2748735527984454,0.13332358104970943,0.005669557378478365,0.344818104595317
random,4.0,8.0,21.0,2.927990161637537,0.3510430529445427,0.5249667025229251,0.10749944880012179,0.26728151976155323,0.30377606826060566,0.021749773800407136,0.26728151976155323,0.09382732069275276,0.14031389807453865,0.10663847841369281,0.15947232086014915,0.15978207096143143,-0.013672128107369022,0.03281444927441686,-0.0008609703864289747,0.05197287206002736,True,False,True,False,True,0.036494548499052426,1.1365397373211956,0.20232451462004608,0.0008609703864289747,0.03958525703898852
random,4.0,8.0,22.0,3.0039137221308776,0.3972462853751812,0.4986436056026869,0.11858787123065002,0.26728151976155323,0.27840755252557897,0.02901094439653451,0.26728151976155323,0.10617659087471011,0.13327822072486672,0.1105963660611819,0.13882614581837413,0.14869364853090322,-0.012411280355939913,0.0146903494942167,-0.00799150516946813,0.020238274587724106,True,False,True,False,True,0.01112603276402574,1.0416266443484439,0.24463669088138915,0.00799150516946813,0.27546518514656665
random,4.0,8.0,23.0,2.631346513470311,0.4634462904302584,0.6289464202458268,0.1284586620929245,0.26728151976155323,0.2769116013217519,0.012552938810571998,0.26728151976155323,0.12387062883405366,0.16810575505189312,0.12833365440966857,0.17416256037585542,0.13882285766862873,-0.004588033258870847,0.03964709295896862,-0.00012500768325593437,0.04570389828293092,True,False,True,False,True,0.009630081560198678,1.0360297321295908,0.09771967577781128,0.00012500768325593437,0.009958439624564549
random,4.0,8.0,24.0,2.2489144273189803,0.5235752882093527,0.7691094822383377,0.16375702490072344,0.26728151976155323,0.30752538239249133,0.016778557823739645,0.26728151976155323,0.13994199874218904,0.20556875127568425,0.16101269071784005,0.23652068762703585,0.10352449486082979,-0.023815026158534397,0.041811726374960806,-0.00274433418288339,0.0727636627263124,True,False,True,False,True,0.0402438626309381,1.1505673219264856,0.10246007970596394,0.00274433418288339,0.163561982603802
random,4.0,8.0,25.0,3.1625783295663243,0.3673168191760652,0.4435239253577362,0.11223623181763027,0.26728151976155323,0.29721602544801884,0.012704759718920142,0.26728151976155323,0.09817699766335834,0.11854574882022544,0.10917244507571872,0.13182241828593014,0.15504528794392297,-0.014059234154271932,0.006309517002595161,-0.003063786741911559,0.019586186468299863,True,False,True,False,True,0.029934505686465607,1.1119961668624554,0.1131965989339679,0.003063786741911559,0.24115267110080926
random,4.0,8.0,26.0,2.5994363845631705,0.45051777476335153,0.6403215995069973,0.12592337085696367,0.26728151976155323,0.27052059146843915,0.025917973055963578,0.26728151976155323,0.12041507551834173,0.17114613025237888,0.1218743348960269,0.17322017782864993,0.14135814890458956,-0.005508295338621946,0.0452227593954152,-0.004049035960936767,0.047296806971686256,True,False,True,False,True,0.003239071706885921,1.0121185771084193,0.20582337400579753,0.004049035960936767,0.15622502393199714
random,4.0,8.0,27.0,2.796675488312291,0.39292481056503714,0.5706787362560221,0.11835720068259684,0.26728151976155323,0.29758786723010383,0.014024133023573585,0.26728151976155323,0.10502154051984354,0.15253187992211217,0.11692965635784197,0.16982706799600053,0.1489243190789564,-0.013335660162753296,0.03417467923951534,-0.0014275443247548647,0.051469867313403694,True,False,True,False,True,0.0303063474685506,1.113387365858992,0.11848990127083738,0.0014275443247548647,0.10179198402890664
random,4.0,8.0,28.0,2.888064594068908,0.4335422647170085,0.5388306856478736,0.1304029981692409,0.26728151976155323,0.285675154485355,0.016852180188201296,0.26728151976155323,0.11587783539442766,0.14401948455412342,0.12385225344896209,0.15393053936390608,0.13687852159231234,-0.014525162774813236,0.013616486384882526,-0.006550744720278806,0.023527541194665186,True,False,True,False,True,0.01839363472380179,1.0688174578631964,0.1292315393418335,0.006550744720278806,0.38871793721177833
random,4.0,8.0,29.0,2.1322875993186683,0.43350428164314186,0.8138695153219763,0.13853032349089828,0.26728151976155323,0.3270503637835493,0.01574190993041303,0.26728151976155323,0.11586768322071936,0.21753228094285654,0.14177773301311575,0.2661763210583933,0.12875119627065496,-0.02266264027017892,0.07900195745195826,0.0032474095222174704,0.127645997567495,True,False,True,True,True,0.05976884402199606,1.2236175702507115,0.11363511997752106,-0.0032474095222174704,0.2062906938594246
random,4.0,8.0,30.0,3.219349174655166,0.33944580182124184,0.42364657317353144,0.1008009529152395,0.26728151976155323,0.306448676172253,0.02105355360916345,0.26728151976155323,0.09072758978746054,0.11323289991959555,0.10402271660034852,0.12982593151394023,0.16648056684631374,-0.010073363127778956,0.012431947004356056,0.0032217636851090276,0.029024978598700735,True,False,True,True,True,0.03916715641069979,1.1465389617869635,0.20886264465046034,-0.0032217636851090276,0.15302707300238244
random,4.0,8.0,31.0,3.0837501019504816,0.4253184761964076,0.47095736737565175,0.1357748247528921,0.26728151976155323,0.3271690094387798,0.012710382368256112,0.26728151976155323,0.11367976870044383,0.12587820089506435,0.13915102455318992,0.1540826553721875,0.13150669500866113,-0.02209505605244827,-0.009896623857827747,0.0033761998002978244,0.01830783061929539,True,False,False,True,True,0.05988748967722657,1.2240614679632669,0.09361369010336633,-0.0033761998002978244,0.2656253527612046
random,4.0,8.0,32.0,3.015789479933578,0.38193003856476665,0.49452767309920204,0.127708294857529,0.26728151976155323,0.3344242147991504,0.01951773336717488,0.26728151976155323,0.10208284115017946,0.1321781080300993,0.12772665325523133,0.16538202877265157,0.13957322490402424,-0.025625453707349533,0.004469813172570308,1.835839770233938e-05,0.037673733915122576,True,False,True,True,True,0.06714269503759718,1.2512059011692855,0.1528305846456474,-1.835839770233938e-05,0.0009406009067228431
random,4.0,8.0,33.0,2.9460159423625485,0.44624122129800387,0.5187136969217484,0.1579990124718502,0.26728151976155323,0.33011940371311815,0.022390783586550403,0.26728151976155323,0.11927203180878207,0.13864258523437864,0.14731288588711064,0.17123745632563467,0.10928250728970304,-0.03872698066306812,-0.019356427237471552,-0.010686126584739553,0.013238443853784476,True,False,False,False,True,0.06283788395156492,1.2350999949701864,0.14171470591020083,0.010686126584739553,0.4772555879267418
random,4.0,8.0,34.0,3.053974202400679,0.3995267272670703,0.4812894756660078,0.1334489896524614,0.26728151976155323,0.33070028659951395,0.022801898917684256,0.26728151976155323,0.10678611084930213,0.12863978250125166,0.132123603211386,0.15916256754007857,0.13383253010909182,-0.026662878803159276,-0.004809207151209749,-0.0013253864410754101,0.02571357788761716,True,False,False,False,True,0.06341876683796072,1.2372732948186533,0.17086602886291455,0.0013253864410754101,0.058126143171676484
random,4.0,8.0,35.0,2.8821650865605677,0.39489914304777063,0.5408813164487009,0.1468613216025229,0.26728151976155323,0.3887175996962343,0.028326744168003286,0.26728151976155323,0.10554924310634314,0.14456758027103836,0.15350424700762927,0.21025008705047835,0.12042019815903032,-0.041312078496179766,-0.00229374133148455,0.006642925405106359,0.06338876544795544,True,False,False,True,True,0.12143607993468108,1.4543377336488374,0.19288090192099064,-0.006642925405106359,0.2345107282964744
random,4.0,8.0,36.0,2.7488490630676936,0.44544788906187205,0.5874334880357323,0.1512458241621126,0.26728151976155323,0.3543423961178523,0.02417139901428108,0.26728151976155323,0.11905998876303292,0.15701011544102073,0.15784107235582298,0.2081525897104491,0.11603569559944063,-0.03218583539907968,0.0057642912789081235,0.006595248193710379,0.056906765548336485,True,False,True,True,True,0.08706087635629906,1.3257272572902445,0.15981531489010237,-0.006595248193710379,0.2728533913082043
random,4.0,8.0,37.0,3.4204930897439403,0.31150542187210895,0.3515460214291966,0.11828980822352114,0.26728151976155323,0.3807395002074218,0.015995455443429035,0.26728151976155323,0.08325964257194106,0.09396175487372323,0.11860241863548884,0.1338474564988599,0.1489917115380321,-0.035030165651580084,-0.024328053349797915,0.0003126104119677009,0.015557648275338759,True,False,False,True,True,0.11345798044586858,1.4244886834940422,0.13522260018550308,-0.0003126104119677009,0.019543701839144684
random,4.0,8.0,38.0,3.6187502322726384,0.24898596662994182,0.27498620926687595,0.0911237302059611,0.26728151976155323,0.3622217980854304,0.016667544926396043,0.26728151976155323,0.06654934756015023,0.07349873192631912,0.09018814453073651,0.09960599916934426,0.17615778955559214,-0.02457438264581087,-0.01762499827964198,-0.0009355856752245872,0.008482268963383166,True,False,False,False,True,0.09494027832387719,1.3552070431527596,0.18291113509865614,0.0009355856752245872,0.056132182595345505
random,4.0,8.0,39.0,3.0393564695203703,0.4252629908566534,0.48635835962715174,0.16105842754907201,0.26728151976155323,0.3754305138583551,0.01653964048153901,0.26728151976155323,0.11366493849450984,0.12999460150988118,0.15965670318225436,0.18259376887412823,0.10622309221248122,-0.04739348905456217,-0.031063826039190834,-0.0014017243668176527,0.021535341325056218,True,False,False,False,True,0.10814899409680184,1.4046257825579693,0.10269341836520562,0.0014017243668176527,0.08474938547680103
random,4.0,8.0,40.0,3.5218954306048866,0.27477954048812814,0.31341363964560326,0.10299285476231104,0.26728151976155323,0.3833936942796511,0.017977964731157717,0.26728151976155323,0.07344349318104813,0.08376967391847663,0.10534874314020841,0.12016081314135915,0.1642886649992422,-0.02954936158126291,-0.01922318084383441,0.0023558883778973666,0.01716795837904811,True,False,False,True,True,0.11611217451809785,1.4344190149086389,0.17455545603282502,-0.0023558883778973666,0.13104310822316625
random,4.0,8.0,41.0,3.2656392817922493,0.33167467696712627,0.4073266843195038,0.13742387035811665,0.26728151976155323,0.4107168179494718,0.0267019023569776,0.26728151976155323,0.08865051172619574,0.10887089522435141,0.13622436791835707,0.1672959196496156,0.12985764940343658,-0.04877335863192091,-0.028552975133765243,-0.001199502439759581,0.029872049291498948,True,False,False,False,True,0.14343529818791856,1.5366450262475304,0.19430323340038652,0.001199502439759581,0.04492198434865947
random,4.0,8.0,42.0,3.083726216202743,0.3864193504717918,0.47096566036666165,0.13194139571650754,0.26728151976155323,0.3644409648013664,0.019169524899428754,0.26728151976155323,0.1032827512593728,0.12588041745830483,0.14082704090385714,0.17163917965233882,0.1353401240450457,-0.028658644457134744,-0.006060978258202704,0.008885645187349606,0.03969778393583129,True,False,False,True,True,0.09715944503981316,1.3635097747367304,0.14528817734061913,-0.008885645187349606,0.4635297553782564
random,4.0,8.0,43.0,3.344398793684809,0.28061235554685693,0.37923352662546544,0.10952078939033097,0.26728151976155323,0.3553690382082972,0.01921167672947677,0.26728151976155323,0.07500249685443325,0.10136211334098787,0.09972094290005128,0.13476785361323232,0.15776073037122226,-0.03451829253589772,-0.008158676049343103,-0.009799846490279693,0.02524706422290135,True,False,False,False,True,0.08808751844674395,1.3295683088203347,0.1754157985568069,0.009799846490279693,0.5100984483693523
random,4.0,8.0,44.0,3.2123224880918326,0.29285837924108254,0.4261141844462381,0.13376339015152894,0.26728151976155323,0.42474572876210537,0.019554576119218237,0.26728151976155323,0.07827563267846185,0.11389244681074533,0.12439034571484263,0.18099017980848758,0.1335181296100243,-0.055487757473067084,-0.01987094334078361,-0.00937304443668631,0.047226789656958645,True,False,False,False,True,0.15746420900055214,1.58913242165425,0.14618780293372166,0.00937304443668631,0.4793274157180263
random,4.0,8.0,45.0,2.9421268691856,0.448061187828352,0.5200625228238989,0.16960135151454458,0.26728151976155323,0.37141681235699125,0.026250922078042752,0.26728151976155323,0.11975847522892868,0.13900310147139916,0.16641745812409364,0.19315996445358752,0.09768016824700865,-0.0498428762856159,-0.030598250043145425,-0.0031838933904509426,0.023558612939042933,True,False,False,False,True,0.10413529259543802,1.389609026049908,0.15478014675957072,0.0031838933904509426,0.12128691635994263
random,4.0,8.0,46.0,3.515847930799977,0.2309381526197781,0.31573862351116005,0.10291275415816166,0.26728151976155323,0.4664348937707925,0.01792606735810895,0.26728151976155323,0.061725500403139816,0.08439109913948374,0.10771761268482927,0.1472715113167642,0.1643687656033916,-0.041187253755021844,-0.01852165501867792,0.0048048585266676075,0.04435875715860253,True,False,False,True,True,0.19915337400923927,1.745107159622961,0.17418703351927828,-0.0048048585266676075,0.2680375137882155
random,4.0,8.0,47.0,2.724110249146023,0.3867067148147246,0.5961294142097584,0.17548439764877094,0.26728151976155323,0.437729961804498,0.01959077539928298,0.26728151976155323,0.10335955843767713,0.1593343758045487,0.16927311550539229,0.2609437057125753,0.09179712211278229,-0.0721248392110938,-0.016150021844222234,-0.006211282143378655,0.08545930806380436,True,False,False,False,True,0.1704484420429448,1.637711287316104,0.1116382747513177,0.006211282143378655,0.3170513681457441
random,4.0,8.0,48.0,3.2027692472148943,0.3720231148778783,0.42946545134064473,0.15926243246257052,0.26728151976155323,0.43203499983422644,0.016066188819467524,0.26728151976155323,0.09943490353098622,0.11478817851940891,0.16072700637459256,0.18554410619876144,0.10801908729898271,-0.0598275289315843,-0.04447425394316161,0.001464573912022038,0.02628167373619092,True,False,False,True,True,0.1647534800726732,1.616404307412098,0.10087871050973281,-0.001464573912022038,0.09115876381630736
random,4.0,8.0,49.0,3.3456581083493355,0.3245747918622959,0.3787802234690867,0.13361864476605068,0.26728151976155323,0.40077844345454605,0.023478985017095402,0.26728151976155323,0.08675284364524426,0.10124095378443825,0.1300825798671542,0.1518069483733057,0.13366287499550256,-0.04686580112080642,-0.03237769098161243,-0.0035360648988964627,0.018188303607255013,True,False,False,False,True,0.13349692369299282,1.4994618550960346,0.1757163834299033,0.0035360648988964627,0.15060552644510827
random,4.0,16.0,0.0,3.2527237020607465,0.30906531347319055,0.4118921960628271,0.19296805592294214,0.4412448732866928,0.6218984638310051,0.016024319273179082,0.4412448732866928,0.13637348508078995,0.18174531985951978,0.19220724367242525,0.2561551239954514,0.24827681736375068,-0.05659457084215219,-0.011222736063422362,-0.0007608122505168846,0.06318706807250923,True,False,False,False,True,0.1806535905443123,1.4094179932305642,0.08304130544579912,0.0007608122505168846,0.04747860034156361
random,4.0,16.0,1.0,2.7205177845434156,0.3884158000690512,0.5973940018753972,0.22486463107791974,0.4412448732866928,0.5748258831223494,0.027909965116532157,0.4412448732866928,0.1713864804840179,0.26359704065973993,0.22327145529336626,0.3433975347000196,0.21638024220877308,-0.053478150593901846,0.0387324095818202,-0.00159317578455348,0.11853290362209987,True,False,True,False,True,0.13358100983565657,1.3027366841469548,0.12411896429750591,0.00159317578455348,0.057082686341652936
random,4.0,16.0,2.0,3.312953376981216,0.2819353971424623,0.3905074594815272,0.1572999332048613,0.4412448732866928,0.5610689544354786,0.016942388046295977,0.4412448732866928,0.1244025485871592,0.1723094144764348,0.15818519849307272,0.21910161199055547,0.2839449400818315,-0.0328973846177021,0.015009481271573505,0.0008852652882114231,0.061801678785694175,True,False,True,True,True,0.11982408114878573,1.271559146412862,0.10770753490550355,-0.0008852652882114231,0.05225150585575001
random,4.0,16.0,3.0,3.3481161885598527,0.3172924967958444,0.3778949883712752,0.18994978486120734,0.4412448732866928,0.5676878178899208,0.016186731110479753,0.4412448732866928,0.14000368754350076,0.1667442262595596,0.18012308513887762,0.21452638134002625,0.2512950884254855,-0.04994609731770658,-0.023205558601647747,-0.009826699722329718,0.024576596478818907,True,False,False,False,True,0.12644294460322802,1.2865595778176293,0.08521584334674076,0.009826699722329718,0.6070836449471648
random,4.0,16.0,4.0,3.0720100306716502,0.3748614945367309,0.47503245262507393,0.22886425698730944,0.4412448732866928,0.5731587160365375,0.021855820787728606,0.4412448732866928,0.1654057126569201,0.20960563436561766,0.2148551329002102,0.27226899062227466,0.21238061629938337,-0.06345854433038933,-0.019258622621691784,-0.014009124087099256,0.04340473363496522,True,False,False,False,True,0.13191384274984463,1.2989583579005923,0.09549687258041571,0.014009124087099256,0.6409790885073949
random,4.0,16.0,5.0,2.682807054165277,0.4208349723349234,0.6106979742311421,0.25568581556480185,0.4412448732866928,0.6000003354328981,0.022333016449859435,0.4412448732866928,0.18569127404253216,0.26946735025606033,0.25250112456284846,0.36641898938687667,0.18555905772189096,-0.0699945415222697,0.013781534691258479,-0.003184691001953399,0.11073317382207482,True,False,True,False,True,0.15875546214620528,1.3597899301666359,0.08734554320319456,0.003184691001953399,0.14260012789152107
random,4.0,16.0,6.0,3.390197926482337,0.27778753897993097,0.3626464643734665,0.14730919125071368,0.4412448732866928,0.5577794235306166,0.0260399483318567,0.4412448732866928,0.12257232743782188,0.16001589322033738,0.15494417335621458,0.20227673584364841,0.29393568203597914,-0.024736863812891793,0.012706701969623702,0.007634982105500898,0.054967544592934736,True,False,True,True,True,0.11653455024392378,1.2641040322483408,0.17677069645666485,-0.007634982105500898,0.2932026595521478
random,4.0,16.0,7.0,3.123648566056828,0.381584300440879,0.4570904956551627,0.20230561180850729,0.4412448732866928,0.5401522170297897,0.01831082279714686,0.4412448732866928,0.16837211629622698,0.20168883783591388,0.20611360586690214,0.24689844461138155,0.23893926147818553,-0.03393349551228031,-0.0006167739725934096,0.0038079940583948535,0.044592832802874266,True,False,False,True,True,0.09890734374309684,1.2241552247539274,0.09051070127742675,-0.0038079940583948535,0.20796411502536108
random,4.0,16.0,8.0,3.3347293732966743,0.3082651776270207,0.3827093311424077,0.1821612385102765,0.4412448732866928,0.5731164212492003,0.017118344897822872,0.4412448732866928,0.1360204292407346,0.16886853032556665,0.17667183539734715,0.2193370022430118,0.2590836347764163,-0.046140809269541894,-0.013292708184709845,-0.005489403112929336,0.03717576373273532,True,False,False,False,True,0.13187154796250744,1.298862504577647,0.09397358646558145,0.005489403112929336,0.3206737068153992
random,4.0,16.0,9.0,3.411392591288592,0.30987144262836164,0.35489240546282863,0.1743409929753913,0.4412448732866928,0.5397581127153093,0.023676260255548472,0.4412448732866928,0.13672918543771614,0.15659445447885542,0.1672556250574547,0.1915560549896127,0.2669038803113015,-0.03761180753767515,-0.017746538496535874,-0.007085367917936597,0.017215062014221405,True,False,False,False,True,0.09851323942861645,1.2232620601228126,0.135804321470685,0.007085367917936597,0.2992604339309101
random,4.0,16.0,10.0,3.3171167273054154,0.3278162674839647,0.3890195640975588,0.19403390958897143,0.4412448732866928,0.5869908784566162,0.017886139917923535,0.4412448732866928,0.1446472474072786,0.17165288826627179,0.19242515882278152,0.22835093566643597,0.2472109636977214,-0.049386662181692825,-0.022381021322699646,-0.0016087507661899092,0.034317026077464535,True,False,False,False,True,0.14574600516992342,1.3303063989940727,0.09218048513176046,0.0016087507661899092,0.08994398867347532
random,4.0,16.0,11.0,3.296724356593425,0.3110334578953043,0.3962945325719941,0.1527854959255865,0.4412448732866928,0.5123277261722076,0.018798395168556567,0.4412448732866928,0.13724191871693545,0.1748629308089387,0.1593510642469803,0.20303267676708758,0.28845937736110633,-0.015543577208651044,0.022077434883352204,0.006565568321393822,0.05024718084150109,True,False,True,True,True,0.07108285288551475,1.1610961558738149,0.12303782538175118,-0.006565568321393822,0.3492621717185637
random,4.0,16.0,12.0,2.819602459003775,0.3747048936233249,0.5626704628255083,0.22821433300801758,0.4412448732866928,0.5871999452604518,0.017357648801097397,0.4412448732866928,0.1653366133067277,0.2482754570716062,0.22002669302443978,0.33040006497081154,0.21303054027867524,-0.06287771970128989,0.02006112406358862,-0.008187639983577799,0.10218573196279396,True,False,True,False,True,0.145955071973759,1.3307802102868325,0.07605853923507772,0.008187639983577799,0.4717021341657837
random,4.0,16.0,13.0,3.483716318043828,0.2834842510215422,0.32797339707057405,0.16829847147107624,0.4412448732866928,0.5899961814742195,0.017661855146716962,0.4412448732866928,0.1250859724207734,0.14471658003181165,0.167254625610789,0.19350305189676667,0.2729464018156166,-0.04321249905030283,-0.02358189143926459,-0.0010438458602872458,0.02520458042569043,True,False,False,False,True,0.1487513081875267,1.3371173631537643,0.10494364560971267,0.0010438458602872458,0.05910171109524012
random,4.0,16.0,14.0,2.979627978723548,0.3702423574283433,0.507060636744488,0.20841893748845297,0.4412448732866928,0.5551078929196144,0.024409422451404657,0.4412448732866928,0.16336754208883578,0.22373790640899138,0.2055244549016384,0.28147336164571074,0.23282593579823985,-0.045051395399617195,0.015318968920538412,-0.002894482586814573,0.07305442415725777,True,False,True,False,True,0.11386301963292156,1.2580495015948676,0.11711710435505417,0.002894482586814573,0.11858054374604869
random,4.0,16.0,15.0,3.1571495459651584,0.35911330712098943,0.44541845236685973,0.2055240008991557,0.4412448732866928,0.5552124431913633,0.020258252426198033,0.4412448732866928,0.1584569056961662,0.19653860857416985,0.19938417662917496,0.24730186718112007,0.2357208723875371,-0.04706709520298952,-0.008985392324985852,-0.006139824269980748,0.041777866281964365,True,False,False,False,True,0.1139675699046705,1.2582864454736036,0.09856879166213844,0.006139824269980748,0.3030776861108073
random,4.0,16.0,16.0,2.7754628642015278,0.4552627137117627,0.5781013433551958,0.2486309338263033,0.4412448732866928,0.5350715446002617,0.022186430109050147,0.4412448732866928,0.20088233842390263,0.2550842539956303,0.2435981234246596,0.30932557872455085,0.19261393946038952,-0.04774859540240067,0.0064533201693269815,-0.005032810401643689,0.06069464489824755,True,False,True,False,True,0.09382667131356892,1.2126408191775326,0.08923439158439499,0.005032810401643689,0.22684182975388803
random,4.0,16.0,17.0,2.7031029530076514,0.4913551270705514,0.603530989120351,0.2773742757509244,0.4412448732866928,0.5779741483126384,0.018361557702943062,0.4412448732866928,0.2168079307830123,0.2663049548190016,0.28399056108765014,0.3488253094171191,0.16387059753576844,-0.06056634496791208,-0.011069320931922755,0.006616285336725758,0.07145103366619471,True,False,False,True,True,0.13672927502594556,1.309871645663535,0.0661977670900935,-0.006616285336725758,0.36033355359960956
random,4.0,16.0,18.0,2.631315652803229,0.3685092571179758,0.6289573985116342,0.22740112895507364,0.4412448732866928,0.5958496322305115,0.025759837678037627,0.4412448732866928,0.16260282046199453,0.27752422760899403,0.21957610532728486,0.3747640345918165,0.21384374433161918,-0.0647983084930791,0.050123098653920395,-0.00782502362778878,0.14736290563674287,True,False,True,False,True,0.15460475894381864,1.3503831280626943,0.11327928667903339,0.00782502362778878,0.30376835931929236
random,4.0,16.0,19.0,3.3342683030921,0.3192911941612657,0.38287486063513076,0.1978235227606289,0.4412448732866928,0.6043509609995491,0.02407557147661483,0.4412448732866928,0.14088560250924453,0.16894156936560845,0.19296394003005457,0.23139078996740972,0.24342135052606392,-0.05693792025138436,-0.02888195339502045,-0.0048595827305743244,0.033567267206780826,True,False,False,False,True,0.16310608771285628,1.3696498193801798,0.12170226846959367,0.0048595827305743244,0.20184703550212926
random,4.0,16.0,20.0,3.1449960899813725,0.3628487051047423,0.4496564403130617,0.23653697376646204,0.4412448732866928,0.667424261030745,0.025585308312677316,0.4412448732866928,0.16010513090618259,0.19840859902848226,0.24217402887049536,0.3001116173936605,0.20470789952023077,-0.07643184286027946,-0.03812837473797978,0.005637055104033312,0.06357464362719845,True,False,False,True,True,0.22617938774405222,1.512593803207987,0.10816621141833932,-0.005637055104033312,0.22032390757785772
random,4.0,16.0,21.0,3.4413585890466125,0.26996263046591573,0.34383191688023906,0.16794630145391706,0.4412448732866928,0.6023362372986492,0.012279292275746787,0.4412448732866928,0.11911962667207526,0.1517140705957418,0.16260827504608535,0.20710242307682508,0.2732985718327757,-0.0488266747818418,-0.016232230858175267,-0.0053380264078317086,0.03915612162290802,True,False,False,False,True,0.16109136401195634,1.3650838202652373,0.07311439531233806,0.0053380264078317086,0.434717757991233
random,4.0,16.0,22.0,3.448543358737948,0.27247750824416817,0.34116150176897564,0.16452196727049542,0.4412448732866928,0.6063811617613255,0.01886750315577828,0.4412448732866928,0.12022930359867177,0.15053576361834947,0.16522522800292985,0.20687390779090994,0.2767229060161974,-0.04429266367182365,-0.013986203652145951,0.0007032607324344298,0.04235194052041452,True,False,False,True,True,0.1651362884746327,1.374250894394727,0.1146807533899571,-0.0007032607324344298,0.037273651241926636
random,4.0,16.0,23.0,2.774874599900822,0.40804847072242195,0.5783073767221809,0.24412906425231146,0.4412448732866928,0.5942596279326752,0.019195694519721727,0.4412448732866928,0.18004929575874387,0.25517516516253846,0.24248673239000357,0.34366472652164465,0.19711580903438136,-0.06407976849356758,0.011046100910227008,-0.0016423318623078886,0.09953566226933319,True,False,True,False,True,0.15301475464598235,1.346779677022022,0.07862928807150409,0.0016423318623078886,0.08555730352035718
random,4.0,16.0,24.0,3.2575065812932587,0.28484696950788846,0.41020266634473,0.17042979100186573,0.4412448732866928,0.5871238354632438,0.016749891603329778,0.4412448732866928,0.1256872649666067,0.18099982353314392,0.1672404452575531,0.24083976278156716,0.2708150822848271,-0.04474252603525902,0.010570032531278195,-0.0031893457443126216,0.07040997177970143,True,False,True,False,True,0.14587896217655094,1.3306077214902123,0.09828030360693463,0.0031893457443126216,0.19040993338002252
random,4.0,16.0,25.0,3.2711060813716846,0.28666129892983316,0.4053911500713978,0.15604155767821837,0.4412448732866928,0.5454803558135484,0.022677287978116356,0.4412448732866928,0.12648782852249302,0.1788767666448006,0.15636810733821935,0.22113290878460967,0.28520331560847445,-0.02955372915572535,0.022835208966582227,0.00032654966000097985,0.0650913511063913,True,False,True,True,True,0.10423548252685555,1.2362304671110138,0.1453285157847527,-0.00032654966000097985,0.014399855058334186
random,4.0,16.0,26.0,3.495365032246485,0.24982656708627082,0.32356001510883015,0.15333706263335897,0.4412448732866928,0.5891416752949503,0.02336935405904478,0.4412448732866928,0.11023469193763104,0.14276919786733616,0.1471832422663919,0.19062268935967563,0.2879078106533338,-0.043102370695727935,-0.010567864766022811,-0.006153820366967072,0.03728562672631666,True,False,False,False,True,0.1478968020082575,1.3351807827400264,0.15240512409529294,0.006153820366967072,0.2633286462012981
random,4.0,16.0,27.0,3.4821160779532927,0.24591803189795589,0.3285778183746034,0.15353431809641477,0.4412448732866928,0.6330168921052223,0.018101392196209494,0.4412448732866928,0.10851007082372642,0.14498327783351986,0.15567026826467695,0.20799530940220565,0.28771055519027805,-0.04502424727268835,-0.00855104026289491,0.0021359501682621795,0.05446099130579088,True,False,False,True,True,0.19177201881852945,1.4346158571545107,0.11789802059004413,-0.0021359501682621795,0.11799922045274817
random,4.0,16.0,28.0,2.9687804719901205,0.4121608176186622,0.5108206949633968,0.2368120911938429,0.4412448732866928,0.5571471469962469,0.019975955504118712,0.4412448732866928,0.1818638477438863,0.22539701282134436,0.2296342236398781,0.2846022928254966,0.20443278209284993,-0.05494824344995658,-0.011415078372498527,-0.007177867553964795,0.047790201631653706,True,False,False,False,True,0.11590227370955408,1.2626710942752375,0.0843536130415206,0.007177867553964795,0.3593253675642618
random,4.0,16.0,29.0,2.7636906742280716,0.4646328597677855,0.5822264723425592,0.2779746319594465,0.4412448732866928,0.5827629502066092,0.020745589765766664,0.4412448732866928,0.20501686733307023,0.2569044460129507,0.2707708161212084,0.33930001671073656,0.16327024132724632,-0.07295776462637626,-0.02107018594649579,-0.007203815838238092,0.06132538475129007,True,False,False,False,True,0.14151807691991636,1.3207245805844567,0.07463123386307144,0.007203815838238092,0.3472456517059577
random,4.0,16.0,30.0,2.7982906024277527,0.42157009633641684,0.5701141171280814,0.25179229432908157,0.4412448732866928,0.6116744134412395,0.024983320077020026,0.4412448732866928,0.18601564373942114,0.251559931371135,0.2578636414009446,0.34872421818888927,0.18945257895761125,-0.06577665058966042,-0.00023236295794654138,0.00607134707186302,0.0969319238598077,True,False,False,True,True,0.1704295401545467,1.3862470715751805,0.09922194062209035,-0.00607134707186302,0.24301602241599274
random,4.0,16.0,31.0,2.855504809539043,0.4215111825090566,0.5501562586054306,0.24905672008673957,0.4412448732866928,0.5860269162813609,0.023583426856678656,0.4412448732866928,0.18598964831513273,0.24275362861623423,0.24701689846389238,0.32240637570343145,0.19218815319995325,-0.06306707177160684,-0.00630309147050534,-0.0020398216228471877,0.07334965561669188,True,False,False,False,True,0.14478204299466813,1.3281217567837846,0.0946909878539523,0.0020398216228471877,0.08649386008418555
random,4.0,16.0,32.0,3.470035005748786,0.270075077234977,0.333126912847441,0.1727845889263878,0.4412448732866928,0.6339743889243257,0.021428030906808036,0.4412448732866928,0.1191692432324412,0.14699054244775628,0.17122068205373459,0.2111939310067035,0.268460284360305,-0.05361534569394659,-0.02579404647863151,-0.0015639068726532035,0.03840934208031571,True,False,False,False,True,0.19272951563763285,1.4367858468293397,0.12401586877598857,0.0015639068726532035,0.07298416170177936
random,4.0,16.0,33.0,2.837318890771192,0.4387620334695108,0.5564914369251202,0.26748885300221387,0.4412448732866928,0.6051345729450086,0.023427338715939158,0.4412448732866928,0.193601497861266,0.24554899357115426,0.265510075748056,0.3367522080312368,0.17375602028447895,-0.07388735514094788,-0.02193985943105961,-0.0019787772541578486,0.06926335502902292,True,False,False,False,True,0.1638896996583158,1.371425731108338,0.08758248597277159,0.0019787772541578486,0.0844644489137623
random,4.0,16.0,34.0,3.221813978042848,0.3733447506958365,0.42278043612383104,0.22757792503849433,0.4412448732866928,0.6032195703348778,0.015566415846215875,0.4412448732866928,0.16473645721303629,0.18654969996555254,0.22520886010152458,0.2550294330246096,0.21366694824819848,-0.06284146782545805,-0.04102822507294179,-0.002369064936969756,0.027451507986115287,True,False,False,False,True,0.161974697048185,1.3670857314254712,0.06840037689764,0.002369064936969756,0.15219077791408642
random,4.0,16.0,35.0,3.1480604326378203,0.3539052568750113,0.4485882988112213,0.1982662704897976,0.4412448732866928,0.5507889658702222,0.020576157197938327,0.4412448732866928,0.15615888022530883,0.19793728706685043,0.19492711045022282,0.2470774852037148,0.2429786027968952,-0.042107390264488787,-0.0003289834229471822,-0.0033391600395747956,0.048811214713917195,True,False,False,False,True,0.10954409258352937,1.2482614512154446,0.10378042188974919,0.0033391600395747956,0.1622829767216869
random,4.0,16.0,36.0,3.128483118649961,0.3834138760098025,0.4554079369317537,0.22314320957754413,0.4412448732866928,0.6237873349775027,0.024862767668081973,0.4412448732866928,0.16917940713630505,0.20094641742520586,0.23916871990954935,0.28407770330626125,0.21810166370914869,-0.05396380244123908,-0.022196792152338274,0.01602551033200522,0.06093449372871712,True,False,False,True,True,0.1825424616908099,1.4136987707780242,0.11142067784698576,-0.01602551033200522,0.6445585843839204
random,4.0,16.0,37.0,2.983276344125049,0.3830065132473046,0.505796106148672,0.23318026590842894,0.4412448732866928,0.5932467358552587,0.01743607818199444,0.4412448732866928,0.16899966040578496,0.2231799387664734,0.22721736379526736,0.30006188898099956,0.20806460737826388,-0.06418060550264398,-0.010000327141955534,-0.005962902113161583,0.06688162307257062,True,False,False,False,True,0.15200186256856585,1.3444841442266564,0.07477510206134544,0.005962902113161583,0.34198642899635767
random,4.0,16.0,38.0,3.1050186238061808,0.3809464496264409,0.46356927195544606,0.21996449457676653,0.4412448732866928,0.5845143286718653,0.026809351714218863,0.4412448732866928,0.16809066789443444,0.20454756466358523,0.22266865826332966,0.2709628817899429,0.22128037870992628,-0.05187382668233209,-0.015416929913181304,0.0027041636865631213,0.050998387213176344,True,False,False,True,True,0.14326945538517244,1.3246937563670798,0.12188035967260402,-0.0027041636865631213,0.10086643330241049
random,4.0,16.0,39.0,2.792728869789836,0.3409861155304752,0.5720587235529081,0.20010930790155848,0.4412448732866928,0.5593871146697804,0.020162880085177023,0.4412448732866928,0.15045837533976614,0.2524179789866502,0.19074323930904893,0.3200022787899388,0.24113556538513434,-0.049650932561792344,0.05230867108509171,-0.009366068592509547,0.11989297088838033,True,False,True,False,True,0.1181422413830876,1.267747567247827,0.10075933147045776,0.009366068592509547,0.4645203737235496
random,4.0,16.0,40.0,3.344073297844534,0.2886677247832318,0.3793506683851774,0.16705940962965787,0.4412448732866928,0.5767795075164965,0.012603294521178102,0.4412448732866928,0.12737315364393503,0.16738653760283984,0.16649762813638003,0.2188016916872564,0.27418546365703494,-0.03968625598572284,0.00032712797318196207,-0.0005617814932778464,0.05174228205759854,True,False,True,False,True,0.13553463422980372,1.3071642129692054,0.0754419912599802,0.0005617814932778464,0.04457417799241698
random,4.0,16.0,41.0,3.230523201512422,0.3708212767176887,0.4197176044475979,0.20514149224062467,0.4412448732866928,0.5775509189167324,0.019202782400102883,0.4412448732866928,0.1636229872573062,0.1851982411906746,0.214168169122177,0.24240828813423979,0.23610338104606815,-0.041518504983318466,-0.019943251049950067,0.009026676881552342,0.03726679589361512,True,False,False,True,True,0.13630604563003956,1.3089124744152587,0.09360750080524231,-0.009026676881552342,0.4700712997458108
random,4.0,16.0,42.0,2.9387723540927104,0.39730809984910853,0.5212260610598174,0.23150353782281435,0.4412448732866928,0.554457883170665,0.024572774018941847,0.4412448732866928,0.1753101621736966,0.22998832726606114,0.22029060800889594,0.2889978984686101,0.20974133546387846,-0.05619337564911775,-0.001515210556753216,-0.011212929813918415,0.05749436064579577,True,False,False,False,True,0.1132130098839722,1.2565763745665406,0.10614426997547263,0.011212929813918415,0.45631518058461623
random,4.0,16.0,43.0,2.9079260973552667,0.41989322570718257,0.5319310744364603,0.22210371945679855,0.4412448732866928,0.5451232880223384,0.01684608036601134,0.4412448732866928,0.1852757331711065,0.23471185953697027,0.22889357581580524,0.28996801629805846,0.21914115382989427,-0.03682798628569206,0.01260814008017172,0.006789856359006696,0.06786429684125991,True,False,True,True,True,0.10387841473564563,1.2354212389186265,0.07584780843477984,-0.006789856359006696,0.40305259214516836
random,4.0,16.0,44.0,3.4017600203823886,0.30270223235618177,0.35842314055380037,0.16733960347271037,0.4412448732866928,0.5325916173352907,0.014723938651587293,0.4412448732866928,0.13356580815960248,0.15815237323668013,0.1612166715015818,0.19089316011794277,0.27390526981398244,-0.033773795313107896,-0.009187230236030242,-0.006122931971128565,0.0235535566452324,True,False,False,False,True,0.09134674404859788,1.207020522115498,0.08798836824056694,0.006122931971128565,0.41584878312899587
random,4.0,16.0,45.0,3.4066869142416936,0.30420305529850156,0.3566186522646283,0.1708142284603884,0.4412448732866928,0.5421840596198213,0.022609157488258595,0.4412448732866928,0.13422803858861213,0.15735615203017708,0.16493404747049456,0.19335294862098554,0.2704306448263044,-0.03658618987177628,-0.013458076430211324,-0.005880180989893846,0.02253872016059713,True,False,False,False,True,0.10093918633312848,1.228760020668942,0.13236109012722924,0.005880180989893846,0.26007961565783894
random,4.0,16.0,46.0,3.1692176888624544,0.38914588239832004,0.4412056169297568,0.21984566170751865,0.4412448732866928,0.5700222554720421,0.01280465658961354,0.4412448732866928,0.171708625568885,0.19467971653554766,0.22182181359234843,0.25149702088923376,0.22139921157917417,-0.048137036138633654,-0.025165945171970988,0.0019761518848297743,0.031651359181715105,True,False,False,True,True,0.1287773821853493,1.2918501493878614,0.058243844750726886,-0.0019761518848297743,0.15433072109350626
random,4.0,16.0,47.0,2.9618161435660904,0.40146185308808446,0.5132350314088544,0.22134999777719797,0.4412448732866928,0.558965279045921,0.023838508097656752,0.4412448732866928,0.17714298449529273,0.22646232640029176,0.22440323673767365,0.2868805625475923,0.21989487550949485,-0.04420701328190524,0.005112328623093798,0.003053238960475685,0.06553056477039435,True,False,True,True,True,0.11772040575922815,1.2667915547264408,0.10769599429430146,-0.003053238960475685,0.12808011927457022
random,4.0,16.0,48.0,2.507808083008162,0.48104913487096757,0.6732682601439237,0.2583524021629241,0.4412448732866928,0.5274356034371298,0.02064769968088929,0.4412448732866928,0.2122604645608133,0.29707616813515775,0.253722440733578,0.3551056510640769,0.18289247112376872,-0.046091937602110805,0.03872376597223365,-0.0046299614293460745,0.09675324890115278,True,False,True,False,True,0.08619073015043699,1.1953353690172752,0.07992068007894228,0.0046299614293460745,0.22423618615643595
random,4.0,16.0,49.0,3.0024282768150417,0.4167250505537877,0.4991584229881498,0.23315289836181372,0.4412448732866928,0.5503555333902551,0.022994192914889244,0.4412448732866928,0.18387779212699673,0.22025109510139157,0.22934693747461088,0.27471460012988175,0.2080919749248791,-0.049275106234816984,-0.012901803260422146,-0.003805960887202836,0.04156170176806803,True,False,False,False,True,0.1091106601035623,1.247279156561824,0.09862280536271165,0.003805960887202836,0.1655183507109916
random,4.0,32.0,0.0,3.287980730992198,0.3328944554489412,0.3994043297203237,0.2980884930976434,0.6750696545318591,0.8876778886326704,0.024742608836857468,0.6750696545318591,0.2247269450354881,0.26962574288282765,0.2955030473504387,0.3545423921168839,0.3769811614342157,-0.07336154806215531,-0.028462750214815757,-0.0025854457472047065,0.05645389901924047,True,False,False,False,True,0.2126082341008113,1.3149426620994376,0.08300424004878529,0.0025854457472047065,0.10449365967235172
random,4.0,32.0,1.0,3.0368830387138246,0.35106449717426047,0.4872158929689416,0.2994901754797378,0.6750696545318591,0.8735249912449481,0.01556911080070755,0.6750696545318591,0.23699298882582884,0.3289046645489746,0.30666361182055796,0.42559525864009423,0.3755794790521213,-0.06249718665390894,0.029414489069236827,0.007173436340820183,0.12610508316035646,True,False,True,True,True,0.19845533671308901,1.2939775701378726,0.051985380741682755,-0.007173436340820183,0.46074797929334416
random,4.0,32.0,2.0,3.059724740701258,0.41700061115963116,0.47929487780613544,0.34511951825301057,0.6750696545318591,0.8264161901111465,0.014056569079096366,0.6750696545318591,0.2815044585151063,0.3235574275794775,0.344616056348562,0.39609704685633396,0.3299501362788485,-0.06361505973790427,-0.021562090673533096,-0.0005034619044485544,0.050977528603323385,True,False,False,False,True,0.15134653557928746,1.2241939547471465,0.0407295685571494,0.0005034619044485544,0.035816841336998556
random,4.0,32.0,3.0,2.875390651867645,0.42883617396892504,0.5432368202656476,0.3572297663885549,0.6750696545318591,0.8335164354328033,0.016985452441010147,0.6750696545318591,0.28949428781196646,0.3667226925857163,0.35744199911121993,0.452796818023673,0.31783988814330416,-0.06773547857658846,0.009492926197161411,0.0002122327226650178,0.09556705163511808,True,False,True,True,True,0.15844678090094422,1.2347117513537509,0.047547696298452506,-0.0002122327226650178,0.01249497023421038
random,4.0,32.0,4.0,3.3347039172524444,0.32789972007486196,0.3827184706416132,0.2693698215061282,0.6750696545318591,0.8081092570138539,0.022514816585451524,0.6750696545318591,0.22135515075203036,0.25836162575899524,0.26497879916474737,0.3092783389556725,0.40569983302573087,-0.04801467075409785,-0.011008195747132965,-0.004391022341380835,0.03990851744954432,True,False,False,False,True,0.13303960248199487,1.1970753707989643,0.08358329251422587,0.004391022341380835,0.19502811958140476
random,4.0,32.0,5.0,3.0962885596530727,0.3855003895420779,0.46660281742452414,0.32025785862255973,0.6750696545318591,0.8350037346632303,0.013602146370403616,0.6750696545318591,0.26023961479006763,0.31498940276236564,0.3218942649817651,0.38961509515386306,0.35481179590929934,-0.0600182438324921,-0.005268455860194088,0.0016364063592053668,0.06935723653130332,True,False,False,True,True,0.15993408013137123,1.2369149302708338,0.04247248273284198,-0.0016364063592053668,0.12030501030087135
random,4.0,32.0,6.0,3.162061017146224,0.3141835293610936,0.44370449712002646,0.2661289361445199,0.6750696545318591,0.8468234728731534,0.020075425277457846,0.6750696545318591,0.21209576662539367,0.2995314415850485,0.26605798745310566,0.3757393831806169,0.4089407183873392,-0.054033169519126206,0.03340250544052864,-7.094869141421878e-05,0.10961044703609701,True,False,True,False,True,0.17175381834129433,1.2544238467664504,0.07543495858923058,7.094869141421878e-05,0.003534106522459833
random,4.0,32.0,7.0,3.293236350010452,0.315896168282468,0.3975357483038098,0.2549905300537789,0.6750696545318591,0.8145436343971522,0.013649303350597542,0.6750696545318591,0.21325191719038372,0.26836432027151697,0.25731121300493587,0.32381021322617676,0.42007912447808016,-0.0417386128633952,0.013373790217738046,0.0023206829511569493,0.06881968317239784,True,False,True,True,True,0.13947397986529309,1.2066067981710926,0.05352866770275284,-0.0023206829511569493,0.17002208036173172
random,4.0,32.0,8.0,2.8884644754328477,0.42155142306027504,0.5386917108495958,0.36920958299672035,0.6750696545318591,0.8708075270807232,0.015960226080015804,0.6750696545318591,0.28457657353271343,0.36365442714241275,0.3670901522524779,0.4690967965838205,0.3058600715351387,-0.08463300946400693,-0.005555155854307603,-0.0021194307442424787,0.09988721358710012,True,False,False,False,True,0.1957378725488641,1.2899521126965818,0.04322809270136842,0.0021194307442424787,0.1327945314569366
random,4.0,32.0,9.0,3.1054043190190157,0.390966415329185,0.4634352160131554,0.3246479721400828,0.6750696545318591,0.8075555090955688,0.026343112591987603,0.6750696545318591,0.2639295629298323,0.3128510511718983,0.31572708257042964,0.3742496618003186,0.3504216823917763,-0.06071840921025051,-0.011796920968184466,-0.008920889569653145,0.049601689660235815,True,False,False,False,True,0.13248585456370976,1.1962550881591394,0.08114362279343232,0.008920889569653145,0.33864219873419515
random,4.0,32.0,10.0,2.8681464109087673,0.4416349217349894,0.5457566144312536,0.3612567449722611,0.6750696545318591,0.8221529354606016,0.014999563413585819,0.6750696545318591,0.2981343340448439,0.36842372916258337,0.36309144730633464,0.4486954026016949,0.31381290955959795,-0.06312241092741722,0.007166984190322245,0.0018347023340735125,0.08743865762943376,True,False,True,True,True,0.14708328092874257,1.2178786736173772,0.04152050756792804,-0.0018347023340735125,0.12231704906902391
random,4.0,32.0,11.0,3.068181016838495,0.39530452547789563,0.4763611358521424,0.3478340116169041,0.6750696545318591,0.8903808465472193,0.02791213683752725,0.6750696545318591,0.2668580894492435,0.32157694741210974,0.3519715780389555,0.4241428314022255,0.327235642914955,-0.08097592216766059,-0.026257064204794345,0.004137566422051431,0.07630881978532139,True,False,False,True,True,0.2153111920153602,1.318946631017909,0.08024556514119441,-0.004137566422051431,0.14823538757120752
random,4.0,32.0,12.0,3.2593302338491075,0.36488660636848624,0.40955811314949353,0.31407986591144305,0.6750696545318591,0.8623978737410479,0.01546191255186059,0.6750696545318591,0.24632387530447647,0.27648025395454867,0.31467743348876925,0.35320204595351873,0.36098978862041603,-0.06775599060696658,-0.037599611956894374,0.0005975675773262079,0.03912218004207568,True,False,False,True,True,0.18732821920918885,1.2774946525171471,0.049229238260755565,-0.0005975675773262079,0.0386477142023611
random,4.0,32.0,13.0,3.2858369899647584,0.3543152303827148,0.40016595790097115,0.3072030995521696,0.6750696545318591,0.8374739862074201,0.017765761153965103,0.6750696545318591,0.23918746016983533,0.2701398949556191,0.29672978836261255,0.33512857990783695,0.36786655497968945,-0.06801563938233429,-0.03706320459655055,-0.010473311189557077,0.02792548035566733,True,False,False,False,True,0.162404331675561,1.2405741845827505,0.05783067026297402,0.010473311189557077,0.5895222331760078
random,4.0,32.0,14.0,3.1025669339528656,0.36776571006250486,0.4644213369553847,0.31422289594453673,0.6750696545318591,0.8600697610079272,0.011479537006648083,0.6750696545318591,0.248267470840559,0.31351675149569563,0.3163041663603692,0.3994347482821997,0.36084675858732235,-0.06595542510397773,-0.0007061444488410951,0.002081270415832448,0.08521185233766299,True,False,False,True,True,0.18500010647606813,1.2740459524941323,0.03653310167657015,-0.002081270415832448,0.18130264440344004
random,4.0,32.0,15.0,3.321087501426069,0.30931538843575135,0.3875991871839165,0.269124166269918,0.6750696545318591,0.8669818827380096,0.026387502275137628,0.6750696545318591,0.20880943241271047,0.2616564493890759,0.2681708378258665,0.33604147305243415,0.4059454882619411,-0.06031473385720751,-0.007467716880842079,-0.0009533284440514933,0.06691730678251617,True,False,False,False,True,0.1919122282061505,1.284285076240371,0.09804954583183843,0.0009533284440514933,0.03612802887182399
random,4.0,32.0,16.0,2.9155409468282087,0.37123405649858243,0.5292873061643296,0.31705406361848454,0.6750696545318591,0.837290962662111,0.01647018492622292,0.6750696545318591,0.2506088462709587,0.35730579892045233,0.3108309205386586,0.44316747810316703,0.35801559091337454,-0.06644521734752584,0.040251735301967795,-0.006223143079825966,0.1261134144846825,True,False,True,False,True,0.16222130813025193,1.2403030665668828,0.051947559789177526,0.006223143079825966,0.3778429390867264
random,4.0,32.0,17.0,3.547478253893067,0.2631031759026129,0.30349221689048567,0.21373408951038753,0.6750696545318591,0.8110200339902438,0.02111951292653785,0.6750696545318591,0.17761297006281185,0.2048783860093682,0.2133819466634782,0.24613826805829614,0.46133556502147155,-0.03612111944757568,-0.00885570350101933,-0.0003521428469093202,0.03240417854790861,True,False,False,False,True,0.13595037945838473,1.201387188041599,0.09881209391968068,0.0003521428469093202,0.01667381478608027
random,4.0,32.0,18.0,3.004712181292545,0.3329695727274967,0.4983668795004918,0.27885271051083316,0.6750696545318591,0.8391485751752458,0.014360095250973048,0.6750696545318591,0.22477765443077194,0.33643235717451764,0.27941094253098925,0.4182038568473711,0.3962169440210259,-0.05407505608006122,0.05757964666368448,0.0005582320201560909,0.13935114633653795,True,False,True,True,True,0.1640789206433867,1.243054801148143,0.05149706174512932,-0.0005582320201560909,0.038873838258020245
random,4.0,32.0,19.0,3.2579250946920837,0.33918691573806925,0.41005476420309533,0.28360574170286446,0.6750696545318591,0.8427383733611433,0.016092294689997975,0.6750696545318591,0.2289747940290252,0.2768155280097265,0.2858458296344837,0.34556888497350374,0.3914639128289946,-0.05463094767383925,-0.006790213693137981,0.002240087931619228,0.06196314327063929,True,False,False,True,True,0.16766871882928425,1.2483724719422584,0.05674178030872864,-0.002240087931619228,0.13920251740179324
random,4.0,32.0,20.0,2.9336101002720225,0.38914414816485793,0.5230168395724469,0.31538249775583516,0.6750696545318591,0.8136551731505682,0.020380174747332478,0.6750696545318591,0.2626994056647452,0.3530727972045165,0.31662914925560787,0.42555535716298226,0.3596871567760239,-0.052683092091089956,0.03769029944868135,0.0012466514997727107,0.1101728594071471,True,False,True,True,True,0.13858551861870916,1.2052906950984401,0.06462050016203033,-0.0012466514997727107,0.06116981405843355
random,4.0,32.0,21.0,3.197796708313503,0.35058684410207763,0.43120823772816685,0.2959014614186661,0.6750696545318591,0.8585244860361114,0.015540927351276053,0.6750696545318591,0.23667053973140428,0.29109559607444535,0.3009873901437585,0.3702028306701118,0.379168193113193,-0.059230921687261795,-0.004805865344220728,0.005085928725092448,0.0743013692514457,True,False,False,True,True,0.18345483150425235,1.271756892452043,0.052520617089104035,-0.005085928725092448,0.3272603114430521
random,4.0,32.0,22.0,3.5688435027811543,0.23629806528772868,0.2950906568247123,0.20097017840957795,0.6750696545318591,0.8560986988926993,0.01819091011254898,0.6750696545318591,0.15951765330033368,0.1992067477582379,0.20229446624368663,0.2526267273630282,0.4740994761222811,-0.04145252510924427,-0.0017634306513400477,0.0013242878341086783,0.05165654895345026,True,False,False,True,True,0.18102904436084022,1.268163504529586,0.09051546979012896,-0.0013242878341086783,0.07279942707182746
random,4.0,32.0,23.0,3.6100563883604675,0.24111703312747307,0.27854182251754733,0.1956213086721552,0.6750696545318591,0.8471147152316034,0.018906421655674414,0.6750696545318591,0.16277079225511007,0.1880351318995951,0.20425378685526843,0.23595687666204393,0.47944834585970386,-0.03285051641704512,-0.007586176772560099,0.008632478183113246,0.04033556798988874,True,False,False,True,True,0.17204506069974435,1.254855272407486,0.09664806857702798,-0.008632478183113246,0.45658974185220114
random,4.0,32.0,24.0,3.0038941726322843,0.3702770870580932,0.4986503809674761,0.3078095857461951,0.6750696545318591,0.8261931716865172,0.018474670341269993,0.6750696545318591,0.2499628252413701,0.336623740411894,0.3059204009593707,0.4119815398142092,0.367260068785664,-0.05784676050482501,0.02881415466569892,-0.0018891847868244271,0.1041719540680141,True,False,True,False,True,0.1511235171546581,1.2238635911718736,0.060019801841074936,0.0018891847868244271,0.10225810539115471
random,4.0,32.0,25.0,3.385177274153757,0.28383572385355765,0.3644755874135852,0.23697190914468053,0.6750696545318591,0.8522163237516027,0.01794413624149297,0.6750696545318591,0.19160888404562132,0.24604640888058538,0.24188943713185398,0.3106120452028115,0.43809774538717855,-0.04536302509905921,0.00907449973590485,0.004917527987173459,0.07364013605813097,True,False,True,True,True,0.17714666921974365,1.2624124311180742,0.07572263018962885,-0.004917527987173459,0.27404651419233295
random,4.0,32.0,26.0,2.8701513075593756,0.3978221827143845,0.5450591433493214,0.3238802674701057,0.6750696545318591,0.8236158464675677,0.01476668540921541,0.6750696545318591,0.26855768345010966,0.3679528876002574,0.3276526537598832,0.4489193477245386,0.3511893870617534,-0.05532258401999601,0.04407262013015173,0.0037723862897774962,0.12503908025443294,True,False,True,True,True,0.14854619193570862,1.2200457255610475,0.04559303820686879,-0.0037723862897774962,0.2554660159160208
random,4.0,32.0,27.0,2.8418522840885125,0.4104387503569361,0.5549115098190417,0.3353293588253402,0.6750696545318591,0.8061624134814132,0.012026278710229193,0.6750696545318591,0.2770747454099448,0.3746039212292928,0.33088029357404286,0.4473488020243335,0.33974029570651887,-0.058254613415395395,0.039274562403952606,-0.004449065251297346,0.11201944319899332,True,False,True,False,True,0.13109275894955408,1.1941914557549813,0.035864079281209625,0.004449065251297346,0.369945297169365
random,4.0,32.0,28.0,2.687976289996994,0.4163633431780453,0.6088710429807185,0.3187566031547866,0.6750696545318591,0.7784460583741966,0.01871153624456253,0.6750696545318591,0.2810742582389329,0.41103036463944637,0.32411640334845226,0.4739732634665263,0.3563130513770725,-0.037682344915853705,0.09227376148465977,0.005359800193665665,0.1552166603117397,True,False,True,True,True,0.10337640384233748,1.153134425682378,0.058701642756169986,-0.005359800193665665,0.28644362085572705
random,4.0,32.0,29.0,3.1940028820367674,0.32906456394967476,0.432537208854201,0.25894058225817573,0.6750696545318591,0.8102670943042174,0.015601480431842476,0.6750696545318591,0.2221415015041838,0.29199274415338006,0.2666301880699873,0.35047066739674987,0.41612907227368334,-0.036799080753991936,0.033052161895204324,0.007689605811811551,0.09153008513857414,True,False,True,True,True,0.13519743977235832,1.2002718369352772,0.06025119854054811,-0.007689605811811551,0.4928766757363062
random,4.0,32.0,30.0,2.5869809444719967,0.49010276228959343,0.6447748442462543,0.3820795397817006,0.6750696545318591,0.7882147370281336,0.013470052573967727,0.6750696545318591,0.3308535024239457,0.43526793135615216,0.38630621989485375,0.5082210342999172,0.29299011475015846,-0.05122603735775494,0.05318839157445154,0.004226680113153136,0.12614149451821655,True,False,True,True,True,0.11314508249627453,1.167605048955633,0.03525457704870504,-0.004226680113153136,0.31378349044617937
random,4.0,32.0,31.0,3.1908923049067925,0.3545174615354397,0.433626399975894,0.2729607806270342,0.6750696545318591,0.7860683356503824,0.01769976035790516,0.6750696545318591,0.23932398028424093,0.2927280240276205,0.2786749509481616,0.340859982523118,0.40210887390482486,-0.03363680034279329,0.019767243400586276,0.005714170321127365,0.06789920189608378,True,False,True,True,True,0.11099868111852329,1.1644255231639729,0.0648436025030629,-0.005714170321127365,0.32283885236758436
random,4.0,32.0,32.0,3.5478117051411675,0.27576104137874274,0.3033619344393867,0.21377141891255758,0.6750696545318591,0.7646528923343001,0.013489997947480643,0.6750696545318591,0.18615791093689357,0.20479043628011326,0.21086147788337425,0.23196658059320535,0.4612982356193015,-0.027613507975664003,-0.008980982632444318,-0.0029099410291833216,0.018195161680647776,True,False,False,False,True,0.08958323780244104,1.132702214061991,0.06310477806670066,0.0029099410291833216,0.21571100607370922
random,4.0,32.0,33.0,2.597308401911831,0.4077836963304644,0.6410818901438617,0.326839250508285,0.6750696545318591,0.7996705710601264,0.018835338611999583,0.6750696545318591,0.27528239900553114,0.432774930106048,0.3260926213135916,0.5126543211876471,0.3482304040235741,-0.05155685150275385,0.10593567959776301,-0.0007466291946933712,0.1858150706793621,True,False,True,False,True,0.12460091652826732,1.18457490377741,0.057628753531614556,0.0007466291946933712,0.03963980738937765
random,4.0,32.0,34.0,3.2066621341230923,0.34456833018713173,0.42810032017234856,0.2749945632377223,0.6750696545318591,0.7853953655150212,0.014359570304609097,0.6750696545318591,0.23260762362204657,0.2889975352437256,0.27062236963222286,0.3362280074388593,0.40007509129413676,-0.042386939615675745,0.014002972006003311,-0.004372193605499453,0.061233444201136966,True,False,True,False,True,0.11032571098316213,1.1634286332418093,0.052217651634791765,0.004372193605499453,0.30447941775082765
random,4.0,32.0,35.0,3.2044321160900204,0.3718084261127538,0.42888240878744743,0.29058980647393995,0.6750696545318591,0.7991506288042529,0.015078019160110298,0.6750696545318591,0.25099658576797096,0.2895254995349337,0.2971309375227268,0.3427416466655713,0.3844798480579191,-0.03959322070596899,-0.0010643069390062765,0.006541131048786841,0.05215184019163133,True,False,False,True,True,0.12408097427239384,1.1838046984328459,0.05188763963564046,-0.006541131048786841,0.43381899036789606
random,4.0,32.0,36.0,3.013104708184552,0.3714297098692751,0.49545819134881613,0.2941160121520212,0.6750696545318591,0.7879608067041061,0.014964223811367108,0.6750696545318591,0.2507409259243202,0.334468790068825,0.2926720538224661,0.3904016361433705,0.38095364237983786,-0.04337508622770103,0.040352777916803806,-0.0014439583295551284,0.09628562399134927,True,False,True,False,True,0.11289115217224699,1.1672288946990717,0.0508786437769069,0.0014439583295551284,0.09649403455582309
random,4.0,32.0,37.0,2.9277707927853625,0.4397613494474551,0.5250428205162108,0.3289415827751554,0.6750696545318591,0.7507686338360858,0.02100032385974148,0.6750696545318591,0.29686954224795764,0.35444047546031127,0.3301590275385794,0.3941856810644008,0.3461280717567037,-0.032072040527197754,0.02549889268515587,0.0012174447634240027,0.06524409828924538,True,False,True,True,True,0.07569897930422675,1.1121350645759982,0.06384210741180762,-0.0012174447634240027,0.0579726661148258
random,4.0,32.0,38.0,3.0523250225243594,0.42416376760120295,0.4818614407871573,0.3538141163281099,0.6750696545318591,0.8119567009991496,0.016428670062251655,0.6750696545318591,0.2863400880594758,0.3252900363644102,0.34440261342484274,0.39125062580023734,0.3212555382037492,-0.06747402826863408,-0.02852407996369971,-0.009411502903267144,0.037436509472127455,True,False,False,False,True,0.13688704646729055,1.2027746996896456,0.046433054262358796,0.009411502903267144,0.5728706503694455
random,4.0,32.0,39.0,3.3597500709506685,0.31744442385402283,0.3736974524713787,0.24400142106872943,0.6750696545318591,0.7631635252696832,0.022607892416434888,0.6750696545318591,0.21429709754420023,0.25227181013928945,0.2422620055856396,0.28519226521235724,0.4310682334631296,-0.029704323524529203,0.00827038907056002,-0.00173941548308984,0.04119084414362781,True,False,True,False,True,0.08809387073782415,1.1304959720029404,0.09265475716252808,0.00173941548308984,0.0769384182766796
random,4.0,32.0,40.0,3.488574302476067,0.3019762471872791,0.32613577062336724,0.24582970918360955,0.6750696545318591,0.7948225536465008,0.023123161728491375,0.6750696545318591,0.20385500086554378,0.22016436200519815,0.24001753192998013,0.25922006604233416,0.4292399453482495,-0.04197470831806577,-0.025665347178411402,-0.005812177253629425,0.013390356858724611,True,False,False,False,True,0.11975289911464171,1.1773933968305639,0.09406170558181293,0.005812177253629425,0.25135737585867884
random,4.0,32.0,41.0,3.54182614305686,0.2569393085071441,0.30569665445400673,0.20833068902010074,0.6750696545318591,0.8146873693191776,0.015551508328448278,0.6750696545318591,0.1734519302295725,0.20636653491381143,0.2093252093223738,0.2490472032268084,0.4667389655117583,-0.034878758790528236,-0.0019641541062893064,0.0009945203022730664,0.04071651420670766,True,False,False,True,True,0.13961771478731855,1.2068197168248354,0.07464818746386326,-0.0009945203022730664,0.06395008646549072
random,4.0,32.0,42.0,3.695535888058025,0.2132939825977247,0.24236327432229607,0.17067553245560224,0.6750696545318591,0.813699803728987,0.016929966624418397,0.6750696545318591,0.14398829514597036,0.1636120918679626,0.17355727177634256,0.19721094874716694,0.5043941220762569,-0.026687237309631878,-0.0070634405876396356,0.0028817393207403175,0.026535416291564695,True,False,False,True,True,0.1386301491971279,1.2053568076515953,0.09919387026855991,-0.0028817393207403175,0.1702152983919019
random,4.0,32.0,43.0,3.279387667801007,0.3302325662887203,0.4024553723186386,0.25923831613653947,0.6750696545318591,0.7846044592528993,0.018810508598519224,0.6750696545318591,0.22292998443969564,0.27168540915563405,0.2591019441006586,0.3157682797714897,0.4158313383953196,-0.03630833169684383,0.01244709301909458,-0.00013637203588084956,0.05652996363495022,True,False,True,False,True,0.10953480472104027,1.1622570411597,0.07256068037647578,0.00013637203588084956,0.007249779301107513
random,4.0,32.0,44.0,3.1448520227069743,0.41934371285590066,0.44970665135764526,0.3103800645737259,0.6750696545318591,0.7347453816796222,0.009988455311260518,0.6750696545318591,0.28308621536774,0.30358331377268477,0.30811085635725866,0.33041988519563786,0.36468958995813316,-0.02729384920598593,-0.00679675080104114,-0.0022692082164672556,0.020039820621911952,True,False,False,False,True,0.05967572714776315,1.0883993625652548,0.032181368751819164,0.0022692082164672556,0.22718309746143192
random,4.0,32.0,45.0,2.9102393609456247,0.4496613450187105,0.5311278588664815,0.34285141852928336,0.6750696545318591,0.7651107171788178,0.021402679901803865,0.6750696545318591,0.303552728838112,0.35854830019724165,0.3440407141748575,0.4063716170109836,0.3322182360025757,-0.03929868969117134,0.015696881667958296,0.0011892956455741288,0.06352019848170026,True,False,True,True,True,0.09004106264695877,1.1333804031072907,0.06242552530076767,-0.0011892956455741288,0.05556760419866357
random,4.0,32.0,46.0,3.5224468616151796,0.2367523810481611,0.31320126789214353,0.1823196083626231,0.6750696545318591,0.7646062270462016,0.018937033647660112,0.6750696545318591,0.15982434808377718,0.21143267171488958,0.18102234481743912,0.23947563974909852,0.492750046169236,-0.022495260278845908,0.02911306335226649,-0.0012972635451839742,0.05715603138647543,True,False,True,False,True,0.08953657251434255,1.132633087435153,0.10386723522351723,0.0012972635451839742,0.06850405239387987
random,4.0,32.0,47.0,3.4005332681987905,0.30535665383816324,0.35887198645655727,0.24361137709657288,0.6750696545318591,0.7912023687082461,0.01644182068989768,0.6750696545318591,0.20613701081553334,0.24226358791839012,0.2415989078175787,0.28394036574746173,0.4314582774352862,-0.037474366281039534,-0.0013477891781827622,-0.002012469278994178,0.04032898865088885,True,False,False,False,True,0.11613271417638704,1.172030713270502,0.06749200667824222,0.002012469278994178,0.12239941773788446
random,4.0,32.0,48.0,3.5367735986244075,0.2711692025541481,0.30766112946984286,0.2124452347412801,0.6750696545318591,0.7806655652909237,0.017957080912319148,0.6750696545318591,0.1830580998879085,0.20769269238408838,0.211692458801423,0.24018044955561893,0.462624419790579,-0.029387134853371605,-0.004752542357191719,-0.0007527759398570921,0.027735214814338827,True,False,False,False,True,0.1055959107590646,1.1564222448012305,0.0845256940415144,0.0007527759398570921,0.041920841340123555
random,4.0,32.0,49.0,3.3231629620073795,0.27460939374479226,0.38685626351580876,0.22121184884067047,0.6750696545318591,0.8063407309601289,0.017786200146232674,0.6750696545318591,0.18538046856650017,0.2611549241651029,0.22142873928069365,0.3119379622998415,0.4538578056911886,-0.035831380274170294,0.03994307532443242,0.00021689044002318192,0.09072611345917103,True,False,True,True,True,0.13127107642826985,1.1944556025397148,0.08040346952230086,-0.00021689044002318192,0.012194310096590354
structured,4.0,1.0,0.0,4.0,0.0,0.0,0.0,0.06886430887356765,0.9999999849124109,0.0,0.06886430887356765,0.0,0.0,0.0,0.0,0.06886430887356765,0.0,0.0,0.0,0.0,True,True,True,True,True,0.9311356760388433,14.521310113608696,0.0,0.0,0.0
structured,4.0,1.0,1.0,3.0,0.5,0.5,0.014899999999999955,0.06886430887356765,0.02980000005229007,2.6145119055853705e-11,0.06886430887356765,0.034432154436783824,0.034432154436783824,0.014900000026145036,0.014900000026145036,0.05396430887356769,0.01953215443678387,0.01953215443678387,2.6145080891937234e-11,2.6145080891937234e-11,True,True,True,True,True,-0.03906430882127758,0.4327350486737881,1.7547059769029385e-09,-2.6145080891937234e-11,0.9999985403043532
structured,4.0,1.0,2.0,2.0,0.75,0.8660254037844386,0.06091299999999999,0.06886430887356765,0.08121733243737495,0.020808666890656264,0.06886430887356765,0.051648231655175736,0.05963824089856772,0.06091299932803121,0.07033627311837262,0.00795130887356766,-0.009264768344824252,-0.0012747591014322657,-6.719687792311468e-10,0.009423273118372634,True,False,False,False,True,0.012353023563807297,1.1793820887172046,0.34161290513775827,6.719687792311468e-10,3.2292735654915097e-08
structured,4.0,1.0,3.0,2.0,0.75,0.8660254037844386,0.04415499999999997,0.06886430887356765,0.058873333728842465,0.014373333432210658,0.06886430887356765,0.051648231655175736,0.05963824089856772,0.04415500029663185,0.0509858026146568,0.024709308873567676,0.007493231655175764,0.01548324089856775,2.9663187878226083e-10,0.006830802614656829,True,True,True,True,True,-0.009990975144725182,0.8549179493971507,0.3255199509050089,-2.9663187878226083e-10,2.0637653762175196e-08
structured,4.0,1.0,4.0,3.0,0.5,0.5,0.024700000000000027,0.06886430887356765,0.049400000266427956,1.332139884513417e-10,0.06886430887356765,0.034432154436783824,0.034432154436783824,0.024700000133213978,0.024700000133213978,0.04416430887356762,0.009732154436783796,0.009732154436783796,1.3321395028742522e-10,1.3321395028742522e-10,True,True,True,True,True,-0.019464308607139692,0.7173527343042758,5.393278884669698e-09,-1.3321395028742522e-10,0.9999997135141968
structured,4.0,1.0,5.0,1.0,0.875,1.0,0.05851594000000001,0.06886430887356765,0.06687536034828855,0.03255756017414424,0.06886430887356765,0.06025627026437169,0.06886430887356765,0.058515940304752476,0.06687536034828855,0.010348368873567639,0.0017403302643716825,0.010348368873567639,3.0475246631800346e-10,0.008359420348288536,True,True,True,True,True,-0.0019889485252791023,0.9711178612286556,0.5563878863459125,-3.0475246631800346e-10,9.360420888049967e-09
structured,4.0,1.0,6.0,1.0,0.875,1.0,0.060917184999999985,0.06886430887356765,0.06961963967636185,0.03388119012136429,0.06886430887356765,0.06025627026437169,0.06886430887356765,0.06091718471681662,0.06961963967636185,0.007947123873567663,-0.000660914735628293,0.007947123873567663,-2.831833656458116e-10,0.008702454676361868,True,False,True,False,True,0.0007553308027942046,1.0109683929912223,0.5561844350057262,2.831833656458116e-10,8.358129234287023e-09
structured,4.0,1.0,7.0,2.0,0.75,0.8660254037844386,0.02717649999999997,0.06886430887356765,0.03623533338025728,0.008885333345064379,0.06886430887356765,0.051648231655175736,0.05963824089856772,0.02717650003519296,0.031380719221901054,0.041687808873567676,0.024471731655175764,0.03246174089856775,3.519298741316845e-11,0.004204219221901083,True,True,True,True,True,-0.03262897549331037,0.5261845210235686,0.32694914154009486,-3.519298741316845e-11,3.960795396912986e-09
structured,4.0,1.0,8.0,2.0,0.75,0.8660254037844386,0.046580500000000066,0.06886430887356765,0.062107333595130175,0.016153666797565015,0.06886430887356765,0.051648231655175736,0.05963824089856772,0.04658050019634763,0.053786528654697435,0.02228380887356758,0.00506773165517567,0.013057740898567656,1.9634756320829894e-10,0.007206028654697369,True,True,True,True,True,-0.006756975278437473,0.9018798650714257,0.3467903263718722,-1.9634756320829894e-10,1.2154984107874265e-08
structured,4.0,1.0,9.0,2.0,0.75,0.8660254037844386,0.027176499999999968,0.06886430887356765,0.036235333748516306,0.008885333437129089,0.06886430887356765,0.051648231655175736,0.05963824089856772,0.027176500311387228,0.03138071954082273,0.04168780887356768,0.024471731655175768,0.03246174089856775,3.11387259727125e-10,0.00420421954082276,True,True,True,True,True,-0.03262897512505134,0.5261845263711722,0.32694914492775373,-3.11387259727125e-10,3.5045084343816855e-08
structured,4.0,1.0,10.0,2.0,0.75,0.8660254037844386,0.044154999999999944,0.06886430887356765,0.058873333728843374,0.014373333432210901,0.06886430887356765,0.051648231655175736,0.05963824089856772,0.04415500029663253,0.05098580261465759,0.024709308873567704,0.007493231655175792,0.015483240898567778,2.96632586549439e-10,0.006830802614657648,True,True,True,True,True,-0.009990975144724273,0.8549179493971639,0.32551995090501457,-2.96632586549439e-10,2.0637703003861306e-08
structured,4.0,1.0,11.0,2.0,0.75,0.8660254037844386,0.03445299999999992,0.06886430887356765,0.04593733270133149,0.012968666824667074,0.06886430887356765,0.051648231655175736,0.05963824089856772,0.03445299952599862,0.0397828971014507,0.03441130887356773,0.017195231655175815,0.0251852408985678,-4.740013034854051e-10,0.0053298971014507784,True,True,True,False,True,-0.022926976172236158,0.6670702640125344,0.37641618508307273,4.740013034854051e-10,3.6549732512507006e-08
structured,4.0,1.0,12.0,1.0,0.875,1.0,0.07945528149999995,0.06886430887356765,0.09080603596690734,0.040903527004136506,0.06886430887356765,0.06025627026437169,0.06886430887356765,0.07945528147104391,0.09080603596690734,-0.010590972626432299,-0.019199011235628255,-0.010590972626432299,-2.895603201658048e-11,0.011350754466907392,False,False,False,True,True,0.02194172709333969,1.3186226283578029,0.5147993466505626,2.895603201658048e-11,7.079103964225922e-10
structured,4.0,1.0,13.0,4.0,0.0,0.0,0.0,0.06886430887356765,0.9999999849124109,0.0,0.06886430887356765,0.0,0.0,0.0,0.0,0.06886430887356765,0.0,0.0,0.0,0.0,True,True,True,True,True,0.9311356760388433,14.521310113608696,0.0,0.0,0.0
structured,4.0,1.0,14.0,2.0,0.75,0.8660254037844386,0.029601999999999955,0.06886430887356765,0.039469332950601274,0.00973466676234963,0.06886430887356765,0.051648231655175736,0.05963824089856772,0.029601999712950956,0.03418144500564692,0.03926230887356769,0.02204623165517578,0.030036240898567768,-2.8704899915354964e-10,0.0045794450056469635,True,True,True,False,True,-0.029394975922966374,0.5731464324003531,0.32885165739982586,2.8704899915354964e-10,2.948729588400059e-08
structured,4.0,1.0,15.0,2.0,0.75,0.8660254037844386,0.03930399999999989,0.06886430887356765,0.05240533321559074,0.013752666696102245,0.06886430887356765,0.051648231655175736,0.05963824089856772,0.039303999911693054,0.04538434985849002,0.02956030887356776,0.012344231655175848,0.020334240898567835,-8.830683406735318e-11,0.006080349858490132,True,True,True,True,True,-0.01645897565797691,0.7609941067121578,0.3499050146575993,8.830683406735318e-11,6.421069892748941e-09
structured,4.0,1.0,16.0,3.0,0.5,0.5,0.029600000000000036,0.06886430887356765,0.059199999795264004,1.0236799949381314e-10,0.06886430887356765,0.034432154436783824,0.034432154436783824,0.029599999897632002,0.029599999897632002,0.03926430887356761,0.004832154436783788,0.004832154436783788,-1.0236803418828266e-10,-1.0236803418828266e-10,True,True,True,False,False,-0.009664309078303644,0.8596615687228204,3.458378361277467e-09,1.0236803418828266e-10,1.0000003389190928
structured,4.0,1.0,17.0,2.0,0.75,0.8660254037844386,0.034355979999999925,0.06886430887356765,0.04580797339119219,0.012903986695596226,0.06886430887356765,0.051648231655175736,0.05963824089856772,0.034355980043394144,0.03967086865265404,0.03450832887356772,0.01729225165517581,0.025282260898567797,4.339421877386229e-11,0.005314888652654115,True,True,True,True,True,-0.023056335482375456,0.6651917973255776,0.37559652484360084,-4.339421877386229e-11,3.3628536511643756e-09
structured,4.0,1.0,18.0,1.0,0.875,1.0,0.04667949999999999,0.06886430887356765,0.05334799990842633,0.019635000045786864,0.06886430887356765,0.06025627026437169,0.06886430887356765,0.04667949991987304,0.05334799990842633,0.022184808873567656,0.0135767702643717,0.022184808873567656,-8.012695368320166e-11,0.0066684999084263355,True,True,True,True,True,-0.01551630896514132,0.7746828622991236,0.4206343265413483,8.012695368320166e-11,4.0808226888899205e-09
structured,4.0,1.0,19.0,2.0,0.75,0.8660254037844386,0.03687850000000002,0.06886430887356765,0.0491713335432534,0.012021333385813356,0.06886430887356765,0.051648231655175736,0.05963824089856772,0.03687850015744005,0.04258362398641533,0.031985808873567625,0.014769731655175714,0.0227597408985677,1.5744002629380915e-10,0.00570512398641531,True,True,True,True,True,-0.01969297533031425,0.7140321938542964,0.32597132165932313,-1.5744002629380915e-10,1.3096719077736223e-08
structured,4.0,1.0,20.0,2.0,0.75,0.8660254037844386,0.09266499999999987,0.06886430887356765,0.12355333339303262,0.03217666669651644,0.06886430887356765,0.051648231655175736,0.05963824089856772,0.09266500004477446,0.10700032544061444,-0.023800691126432225,-0.04101676834482414,-0.03302675910143215,4.4774586815954365e-11,0.014335325440614569,False,False,False,True,True,0.054689024519464974,1.7941562968398046,0.3472364614095558,-4.4774586815954365e-11,1.3915234675567503e-09
structured,4.0,1.0,21.0,-0.0,0.9375,1.0,0.08944593580000001,0.06886430887356765,0.0954089984934613,0.05332316565841329,0.06886430887356765,0.06456028956896967,0.06886430887356765,0.08944593608761997,0.0954089984934613,-0.020581626926432367,-0.024885646231030345,-0.020581626926432367,2.876199556300918e-10,0.00596306269346128,False,False,False,True,True,0.026544689619893647,1.3854636756556828,0.5961496761311013,-2.876199556300918e-10,5.393902482695367e-09
structured,4.0,1.0,22.0,3.0,0.5,0.5,0.02470000000000008,0.06886430887356765,0.04940000026642756,1.332136692622221e-10,0.06886430887356765,0.034432154436783824,0.034432154436783824,0.02470000013321378,0.02470000013321378,0.044164308873567565,0.009732154436783744,0.009732154436783744,1.3321370048724468e-10,1.3321370048724468e-10,True,True,True,True,True,-0.019464308607140088,0.71735273430427,5.393265962033266e-09,-1.3321370048724468e-10,1.000000234398037
structured,4.0,1.0,23.0,3.0,0.5,0.5,0.06634999999999996,0.06886430887356765,0.13270000097771656,4.888583357565146e-10,0.06886430887356765,0.034432154436783824,0.034432154436783824,0.06635000048885828,0.06635000048885828,0.0025143088735676833,-0.03191784556321614,-0.03191784556321614,4.888583149398329e-10,4.888583149398329e-10,True,False,False,True,True,0.06383569210414891,1.92697789534705,7.367872430392086e-09,-4.888583149398329e-10,0.9999999574177626
structured,4.0,1.0,24.0,1.0,0.875,1.0,0.07064343999999999,0.06886430887356765,0.08073535904402063,0.030220680358492274,0.06886430887356765,0.06025627026437169,0.06886430887356765,0.07064343916351805,0.08073535904402063,-0.00177913112643234,-0.010387169735628296,-0.00177913112643234,-8.364819392703282e-10,0.010091919044020639,False,False,False,False,True,0.01187105017045298,1.172383203500202,0.42779174341583986,8.364819392703282e-10,2.7679123346912656e-08
structured,4.0,1.0,25.0,2.0,0.75,0.8660254037844386,0.029601999999999955,0.06886430887356765,0.03946933295060072,0.00973466676234978,0.06886430887356765,0.051648231655175736,0.05963824089856772,0.02960199971295054,0.03418144500564643,0.03926230887356769,0.02204623165517578,0.030036240898567768,-2.870494154871839e-10,0.004579445005646478,True,True,True,False,True,-0.02939497592296693,0.573146432400345,0.3288516573998309,2.870494154871839e-10,2.948733865214459e-08
structured,4.0,1.0,26.0,4.0,0.0,0.0,0.0,0.06886430887356765,0.9999999849124109,0.0,0.06886430887356765,0.0,0.0,0.0,0.0,0.06886430887356765,0.0,0.0,0.0,0.0,True,True,True,True,True,0.9311356760388433,14.521310113608696,0.0,0.0,0.0
structured,4.0,1.0,27.0,1.0,0.875,1.0,0.110290663,0.06886430887356765,0.12604647219120643,0.060713002095603194,0.06886430887356765,0.06025627026437169,0.06886430887356765,0.11029066316730562,0.12604647219120643,-0.04142635412643235,-0.050034392735628305,-0.04142635412643235,1.6730562768518809e-10,0.015755809191206435,False,False,False,True,True,0.057182163317638784,1.8303599390305818,0.5504817945976369,-1.6730562768518809e-10,2.7556803635197653e-09
structured,4.0,1.0,28.0,2.0,0.75,0.8660254037844386,0.06598449999999999,0.06886430887356765,0.08797933370763862,0.021429333426909662,0.06886430887356765,0.051648231655175736,0.05963824089856772,0.06598450028072897,0.0761923379988436,0.0028798088735676602,-0.014336268344824252,-0.006346259101432265,2.8072898172748495e-10,0.010207837998843616,True,False,False,True,True,0.019115024834070973,1.2775752076328168,0.324763140236111,-2.8072898172748495e-10,1.3100219971143034e-08
structured,4.0,1.0,29.0,2.0,0.75,0.8660254037844386,0.06297688,0.06886430887356765,0.08396917246459581,0.027084586883851042,0.06886430887356765,0.051648231655175736,0.05963824089856772,0.06297687934844687,0.07271943648909675,0.005887428873567649,-0.011328648344824263,-0.0033386391014322767,-6.515531308926015e-10,0.009742556489096749,True,False,False,False,True,0.015104863591028167,1.2193424117384253,0.430071907084807,6.515531308926015e-10,2.4056232930068598e-08
structured,4.0,1.0,30.0,1.0,0.875,1.0,0.06812092000000002,0.06886430887356765,0.07785247960156656,0.03817072009960835,0.06886430887356765,0.06025627026437169,0.06886430887356765,0.06812091965137074,0.07785247960156656,0.0007433888735676325,-0.007864649735628323,0.0007433888735676325,-3.486292782239886e-10,0.009731559601566547,True,False,True,False,True,0.008988170727998915,1.1305200164645646,0.5603377068249862,3.486292782239886e-10,9.133421568003526e-09
structured,4.0,1.0,31.0,4.0,0.0,0.0,6.938893903907228e-17,0.06886430887356765,0.9999999849124109,6.938893903907228e-17,0.06886430887356765,0.0,0.0,0.0,0.0,0.06886430887356758,-6.938893903907228e-17,-6.938893903907228e-17,-6.938893903907228e-17,-6.938893903907228e-17,True,True,True,True,True,0.9311356760388433,14.521310113608696,0.0,6.938893903907228e-17,0.0
structured,4.0,1.0,32.0,2.0,0.75,0.8660254037844386,0.066303,0.06886430887356765,0.08840400002127567,0.012348000005318929,0.06886430887356765,0.051648231655175736,0.05963824089856772,0.06630300001595675,0.07656010981458478,0.002561308873567647,-0.014654768344824265,-0.0066647591014322785,1.59567498103641e-11,0.010257109814584775,True,False,False,True,True,0.019539691147708024,1.2837419189609842,0.18623591700705744,-1.59567498103641e-11,1.2922537903701568e-09
structured,4.0,1.0,33.0,3.0,0.5,0.5,0.04919999999999995,0.06886430887356765,0.09839999920224511,3.9887740679867e-10,0.06886430887356765,0.034432154436783824,0.034432154436783824,0.049199999601122556,0.049199999601122556,0.019664308873567696,-0.014767845563216128,-0.014767845563216128,-3.9887739639032915e-10,-3.9887739639032915e-10,True,False,False,False,False,0.029535690328677464,1.428896925153259,8.107264365826634e-09,3.9887739639032915e-10,0.9999999739059152
structured,4.0,1.0,34.0,-0.0,0.9375,1.0,0.11321826129999994,0.06886430887356765,0.12076614619471913,0.07312979897169952,0.06886430887356765,0.06456028956896967,0.06886430887356765,0.11321826205754919,0.12076614619471913,-0.044353952426432294,-0.04865797173103027,-0.044353952426432294,7.575492455558219e-10,0.007547884894719192,False,False,False,True,True,0.05190183732115149,1.753682686577765,0.6459187602071006,-7.575492455558219e-10,1.0358967974860504e-08
structured,4.0,1.0,35.0,1.0,0.875,1.0,0.11071367999999995,0.06886430887356765,0.12652991939258115,0.05234866022778201,0.06886430887356765,0.06025627026437169,0.06886430887356765,0.1107136794685085,0.12652991939258115,-0.041849371126432305,-0.05045740973562826,-0.041849371126432305,-5.31491448074739e-10,0.0158162393925812,False,False,False,False,True,0.057665610519013505,1.8373802258712195,0.47282919534227413,5.31491448074739e-10,1.0152914052854226e-08
structured,4.0,1.0,36.0,1.0,0.875,1.0,0.12815204499999988,0.06886430887356765,0.14645947978367774,0.07559272005408041,0.06886430887356765,0.06025627026437169,0.06886430887356765,0.128152044810718,0.14645947978367774,-0.05928773612643223,-0.06789577473562819,-0.05928773612643223,-1.892818679571917e-10,0.018307434783677856,False,False,False,False,True,0.07759517091011009,2.1267835571046243,0.589867450449819,1.892818679571917e-10,2.5039695333330512e-09
structured,4.0,1.0,37.0,3.0,0.5,0.5,0.038815920000000004,0.06886430887356765,0.07763184003583153,1.791577303178471e-11,0.06886430887356765,0.034432154436783824,0.034432154436783824,0.03881592001791576,0.03881592001791576,0.030048388873567644,-0.00438376556321618,-0.00438376556321618,1.7915759153996902e-11,1.7915759153996902e-11,True,False,False,True,True,0.008767531162263878,1.127316040858854,4.615573463616142e-10,-1.7915759153996902e-11,0.9999992253871611
structured,4.0,1.0,38.0,2.0,0.75,0.8660254037844386,0.09754049999999995,0.06886430887356765,0.13005400003905213,0.029204000009763035,0.06886430887356765,0.051648231655175736,0.05963824089856772,0.0975405000292891,0.11263006789760151,-0.0286761911264323,-0.04589226834482421,-0.037902259101432224,2.928915443511926e-11,0.01508956789760156,False,False,False,True,True,0.06118969116548448,1.8885544945760875,0.2994038374804625,-2.928915443511926e-11,1.002915848011497e-09
structured,4.0,1.0,39.0,3.0,0.5,0.5,0.03449999999999998,0.06886430887356765,0.06900000032962156,1.6481081083208338e-10,0.06886430887356765,0.034432154436783824,0.034432154436783824,0.03450000016481078,0.03450000016481078,0.034364308873567666,-6.784556321615814e-05,-6.784556321615814e-05,1.6481079695429557e-10,1.6481079695429557e-10,True,False,False,True,True,0.0001356914560539102,1.0019704177428548,4.777124951654593e-09,-1.6481079695429557e-10,0.9999999157956463
structured,4.0,1.0,40.0,2.0,0.75,0.8660254037844386,0.09191578999999991,0.06886430887356765,0.12255438662722819,0.017539386686385806,0.06886430887356765,0.051648231655175736,0.05963824089856772,0.09191578997042114,0.10613521216439949,-0.023051481126432266,-0.04026755834482418,-0.03227754910143219,-2.957876998888054e-11,0.014219422164399573,False,False,False,True,True,0.05369007775366054,1.779650280847711,0.19082017014036243,2.957876998888054e-11,1.6864198570774305e-09
structured,4.0,1.0,41.0,3.0,0.5,0.5,0.03939999999999999,0.06886430887356765,0.07880000025801569,1.2900788076697367e-10,0.06886430887356765,0.034432154436783824,0.034432154436783824,0.039400000129007844,0.039400000129007844,0.029464308873567657,-0.004967845563216167,-0.004967845563216167,1.2900785301139805e-10,1.2900785301139805e-10,True,False,False,True,True,0.00993569138444804,1.1442792579635062,3.2743116945932412e-09,-1.2900785301139805e-10,0.9999997848536426
structured,4.0,1.0,42.0,2.0,0.75,0.8660254037844386,0.07568649999999993,0.06886430887356765,0.10091533262198146,0.025757666844504576,0.06886430887356765,0.051648231655175736,0.05963824089856772,0.07568649946648609,0.08739524168199242,-0.0068221911264322865,-0.0240382683448242,-0.016048259101432212,-5.33513844214184e-10,0.011708741681992485,False,False,False,False,True,0.032051023748413815,1.465422862331463,0.34032049103214707,5.33513844214184e-10,2.0712817175365003e-08
structured,4.0,1.0,43.0,1.0,0.875,1.0,0.08733088,0.06886430887356765,0.099806720360934,0.051698080225583753,0.06886430887356765,0.06025627026437169,0.06886430887356765,0.08733088031581726,0.099806720360934,-0.018466571126432352,-0.027074609735628308,-0.018466571126432352,3.1581726123164344e-10,0.012475840360934007,False,False,False,True,True,0.03094241148736636,1.4493243596501564,0.591979380324391,-3.1581726123164344e-10,6.1088779284178415e-09
structured,4.0,1.0,44.0,2.0,0.75,0.8660254037844386,0.05104390999999993,0.06886430887356765,0.06805854651896058,0.019129273370259763,0.06886430887356765,0.051648231655175736,0.05963824089856772,0.05104390988922043,0.05894043023006484,0.01782039887356772,0.0006043216551758074,0.008594330898567794,-1.1077949668703013e-10,0.007896520230064909,True,True,True,False,True,-0.0008057623546070675,0.9882992747943435,0.37476112958940233,1.1077949668703013e-10,5.79109799639639e-09
structured,4.0,1.0,45.0,2.0,0.75,0.8660254037844386,0.08451580999999997,0.06886430887356765,0.11268774558979706,0.031643873602550714,0.06886430887356765,0.051648231655175736,0.05963824089856772,0.0845158091923478,0.09759045037596209,-0.01565150112643232,-0.03286757834482423,-0.024877569101432247,-8.076521673672232e-10,0.013074640375962121,False,False,False,False,True,0.043823436716229416,1.6363737244018182,0.37441365825578343,8.076521673672232e-10,2.55231763819876e-08
structured,4.0,1.0,46.0,-0.0,0.9375,1.0,0.11823856119999993,0.06886430887356765,0.1261211320016463,0.0639407703509261,0.06886430887356765,0.06456028956896967,0.06886430887356765,0.1182385612515434,0.1261211320016463,-0.04937425232643228,-0.053678271631030255,-0.04937425232643228,5.1543477819215866e-11,0.007882570801646366,False,False,False,True,True,0.05725682312807864,1.8314440973073596,0.5407776422682496,-5.1543477819215866e-11,8.061128687741767e-10
structured,4.0,1.0,47.0,1.0,0.875,1.0,0.07302043,0.06886430887356765,0.08345192020615308,0.03094882010307653,0.06886430887356765,0.06025627026437169,0.06886430887356765,0.07302043018038394,0.08345192020615308,-0.004156121126432349,-0.012764159735628305,-0.004156121126432349,1.8038394389296997e-10,0.010431490206153082,False,False,False,True,True,0.014587611332585432,1.2118312311732882,0.4238378232376409,-1.8038394389296997e-10,5.828459478978281e-09
structured,4.0,1.0,48.0,3.0,0.5,0.5,0.01490000000000001,0.06886430887356765,0.02980000005229016,2.6145028850232954e-11,0.06886430887356765,0.034432154436783824,0.034432154436783824,0.01490000002614508,0.01490000002614508,0.05396430887356764,0.019532154436783813,0.019532154436783813,2.6145068748872902e-11,2.6145068748872902e-11,True,True,True,True,True,-0.03906430882127749,0.4327350486737893,1.7546999228344252e-09,-2.6145068748872902e-11,1.000001526050714
structured,4.0,1.0,49.0,2.0,0.75,0.8660254037844386,0.07847949999999995,0.06886430887356765,0.10463933311019782,0.01091066672245051,0.06886430887356765,0.051648231655175736,0.05963824089856772,0.07847949983264838,0.09062032070849345,-0.009615191126432304,-0.026831268344824216,-0.01884125910143223,-1.6735157704061976e-10,0.012140820708493497,False,False,False,False,True,0.035775024236630176,1.51950022909998,0.1390256910715603,1.6735157704061976e-10,1.533834561148001e-08
structured,4.0,2.0,0.0,2.0,0.75,0.8660254037844386,0.049005999999999994,0.09848946047135021,0.06534133366363423,0.01777066683181714,0.09848946047135021,0.07386709535351266,0.08529437477321257,0.049006000247725674,0.05658725486986257,0.049483460471350216,0.024861095353512663,0.036288374773212576,2.477256802468908e-10,0.007581254869862573,True,True,True,True,True,-0.03314812680771598,0.6634347812539952,0.3626222673104751,-2.477256802468908e-10,1.3940145442564666e-08
structured,4.0,2.0,1.0,1.0,0.875,1.0,0.06327138019999994,0.09848946047135021,0.07231014894963736,0.02162970605611407,0.09848946047135021,0.08617827791243143,0.09848946047135021,0.06327138033093269,0.07231014894963736,0.035218080271350274,0.022906897712431498,0.035218080271350274,1.3093275075259925e-10,0.009038768749637424,True,True,True,True,True,-0.02617931152171285,0.7341917460363365,0.34185608070730994,-1.3093275075259925e-10,6.053376334052791e-09
structured,4.0,2.0,2.0,3.0,0.5,0.5,0.022249999999999992,0.09848946047135021,0.044499999936639625,3.168014288401633e-11,0.09848946047135021,0.049244730235675105,0.049244730235675105,0.022249999968319813,0.022249999968319813,0.07623946047135022,0.026994730235675113,0.026994730235675113,-3.168017931320932e-11,-3.168017931320932e-11,True,True,True,True,True,-0.053989460534710584,0.451824994508771,1.4238266464726444e-09,3.168017931320932e-11,1.0000011499062087
structured,4.0,2.0,3.0,3.0,0.5,0.5,0.01490000000000001,0.09848946047135021,0.02980000005229016,2.6145028850232954e-11,0.09848946047135021,0.049244730235675105,0.049244730235675105,0.01490000002614508,0.01490000002614508,0.0835894604713502,0.034344730235675094,0.034344730235675094,2.6145068748872902e-11,2.6145068748872902e-11,True,True,True,True,True,-0.06868946041906004,0.3025704467226596,1.7546999228344252e-09,-2.6145068748872902e-11,1.000001526050714
structured,4.0,2.0,4.0,1.0,0.875,1.0,0.044229990000000025,0.09848946047135021,0.050548559765954564,0.01616020011702277,0.09848946047135021,0.08617827791243143,0.09848946047135021,0.04422998979521024,0.050548559765954564,0.054259470471350185,0.04194828791243141,0.054259470471350185,-2.0478978235427547e-10,0.006318569765954539,True,True,True,False,True,-0.047940900705395646,0.513238264521296,0.3653674829459098,2.0478978235427547e-10,1.2672478117307149e-08
structured,4.0,2.0,5.0,3.0,0.5,0.5,0.03410995999999994,0.09848946047135021,0.06821991988838899,5.580542972172253e-11,0.09848946047135021,0.049244730235675105,0.049244730235675105,0.034109959944194496,0.034109959944194496,0.06437950047135027,0.015134770235675166,0.015134770235675166,-5.580544359951034e-11,-5.580544359951034e-11,True,True,True,True,True,-0.03026954058296122,0.6926621342212917,1.6360450062598324e-09,5.580544359951034e-11,1.0000002486816764
structured,4.0,2.0,6.0,3.0,0.5,0.5,0.01980000000000002,0.09848946047135021,0.039599999857110435,7.14448170763271e-11,0.09848946047135021,0.049244730235675105,0.049244730235675105,0.019799999928555218,0.019799999928555218,0.0786894604713502,0.029444730235675086,0.029444730235675086,-7.144480146381582e-11,-7.144480146381582e-11,True,True,True,True,True,-0.058889460614239775,0.4020734773811636,3.6083240947639917e-09,7.144480146381582e-11,0.9999997814745433
structured,4.0,2.0,7.0,2.0,0.75,0.8660254037844386,0.04180300000000002,0.09848946047135021,0.05573733333923026,0.010518666669615123,0.09848946047135021,0.07386709535351266,0.08529437477321257,0.0418030000044227,0.04826994661097474,0.05668646047135019,0.03206409535351264,0.04349137477321255,4.42267750200287e-12,0.0064669466109747165,True,True,True,True,True,-0.04275212713211995,0.5659218059727701,0.25162468410437333,-4.42267750200287e-12,4.20459896764149e-10
structured,4.0,2.0,8.0,2.0,0.75,0.8660254037844386,0.027249999999999948,0.09848946047135021,0.03633333315534464,0.0016333334223276443,0.09848946047135021,0.07386709535351266,0.08529437477321257,0.02724999986650848,0.03146558951669187,0.07123946047135027,0.04661709535351271,0.05804437477321262,-1.3349146787966504e-10,0.004215589516691924,True,True,True,False,True,-0.06215612731600557,0.3689057994780438,0.05993884118633568,1.3349146787966504e-10,8.172946567726994e-08
structured,4.0,2.0,9.0,3.0,0.5,0.5,0.022249999999999992,0.09848946047135021,0.044499999936639646,3.168013421039895e-11,0.09848946047135021,0.049244730235675105,0.049244730235675105,0.022249999968319823,0.022249999968319823,0.07623946047135022,0.026994730235675113,0.026994730235675113,-3.1680168904868466e-11,-3.1680168904868466e-11,True,True,True,True,True,-0.053989460534710564,0.45182499450877117,1.4238262566471443e-09,3.1680168904868466e-11,1.00000109514907
structured,4.0,2.0,10.0,1.0,0.875,1.0,0.05592405069999997,0.09848946047135021,0.06391320032771149,0.030984781977108123,0.09848946047135021,0.08617827791243143,0.09848946047135021,0.05592405028674755,0.06391320032771149,0.04256540977135024,0.030254227212431463,0.04256540977135024,-4.132524183964037e-10,0.007989149627711516,True,True,True,False,True,-0.03457626014363872,0.6489344141173696,0.5540511030455121,4.132524183964037e-10,1.3337270493034898e-08
structured,4.0,2.0,11.0,2.0,0.75,0.8660254037844386,0.08931781000000001,0.09848946047135021,0.11909041375189634,0.034845206875948144,0.09848946047135021,0.07386709535351266,0.08529437477321257,0.08931781031392226,0.10313532365634188,0.009171650471350198,-0.015450714646487354,-0.004023435226787442,3.139222493064864e-10,0.013817513656341873,True,False,False,True,True,0.020600953280546133,1.2091691149687918,0.39012607760924883,-3.139222493064864e-10,9.009051099167695e-09
structured,4.0,2.0,12.0,2.0,0.75,0.8660254037844386,0.051308999999999966,0.09848946047135021,0.06841199981889338,0.00960400004527662,0.09848946047135021,0.07386709535351266,0.08529437477321257,0.051308999864170035,0.05924652976685808,0.047180460471350244,0.02255809535351269,0.033985374773212604,-1.35829930636433e-10,0.007937529766858117,True,True,True,False,True,-0.030077460652456825,0.6946123929554258,0.18717963798313408,1.35829930636433e-10,1.4143058100383499e-08
structured,4.0,2.0,13.0,2.0,0.75,0.8660254037844386,0.02960199999999995,0.09848946047135021,0.0394693329506015,0.009734666762349546,0.09848946047135021,0.07386709535351266,0.08529437477321257,0.029601999712951126,0.03418144500564711,0.06888746047135026,0.04426509535351271,0.05569237477321262,-2.8704882568120205e-10,0.004579445005647161,True,True,True,False,True,-0.05902012752074871,0.40074676784408636,0.328851657399823,2.8704882568120205e-10,2.9487278063940665e-08
structured,4.0,2.0,14.0,2.0,0.75,0.8660254037844386,0.029601999999999955,0.09848946047135021,0.039469333157066626,0.009669333421466687,0.09848946047135021,0.07386709535351266,0.08529437477321257,0.029601999867799968,0.034181445184451154,0.06888746047135025,0.0442650953535127,0.055692374773212615,-1.3219998706848202e-10,0.004579445184451199,True,True,True,False,True,-0.059020127314283584,0.4007467699404033,0.32664459906312754,1.3219998706848202e-10,1.3672088995813048e-08
structured,4.0,2.0,15.0,2.0,0.75,0.8660254037844386,0.022325500000000026,0.09848946047135021,0.029767333203810937,0.00731733339809453,0.09848946047135021,0.07386709535351266,0.08529437477321257,0.022325499902858204,0.02577926675741629,0.07616396047135018,0.05154159535351263,0.06296887477321254,-9.714182236386648e-11,0.0034537667574162656,True,True,True,True,True,-0.06872212726753928,0.3022387681011819,0.3277567534028139,9.714182236386648e-11,1.3275576918384324e-08
structured,4.0,2.0,16.0,2.0,0.75,0.8660254037844386,0.024750999999999985,0.09848946047135021,0.033001333731188215,0.008101333432797075,0.09848946047135021,0.07386709535351266,0.08529437477321257,0.02475100029839116,0.028579993369977286,0.07373846047135023,0.049116095353512676,0.06054337477321259,2.983911763509983e-10,0.0038289933699773016,True,True,True,True,True,-0.065488126740162,0.3350747742271168,0.3273133785623643,-2.983911763509983e-10,3.6832353442336406e-08
structured,4.0,2.0,17.0,2.0,0.75,0.8660254037844386,0.04415499999999996,0.09848946047135021,0.05887333250107631,0.019436666874730876,0.09848946047135021,0.07386709535351266,0.08529437477321257,0.04415499937580723,0.050985801551380126,0.05433446047135025,0.0297120953535127,0.04113937477321261,-6.241927252848001e-10,0.006830801551380168,True,True,True,False,True,-0.0396161279702739,0.5977627679075579,0.4401917534759573,6.241927252848001e-10,3.211418548806315e-08
structured,4.0,2.0,18.0,2.9999999999999996,0.5,0.5000000000000001,0.010000000000000004,0.09848946047135021,0.02000000003351034,1.675516171119329e-11,0.09848946047135021,0.049244730235675105,0.04924473023567512,0.01000000001675517,0.010000000016755172,0.0884894604713502,0.0392447302356751,0.03924473023567512,1.6755166698523283e-11,1.675516843324676e-11,True,True,True,True,True,-0.07848946043783987,0.2030674138917451,1.6755161711193283e-09,-1.6755166698523283e-11,1.0000002976593172
structured,4.0,2.0,19.0,4.0,2.7755575615628914e-17,0.0,8.673617379884035e-17,0.09848946047135021,0.9999999849124109,1.1449174941446927e-16,0.09848946047135021,2.7336316674550556e-18,0.0,2.7755575196864194e-17,0.0,0.09848946047135013,-8.40025421313853e-17,-8.673617379884035e-17,-5.898059860197616e-17,-8.673617379884035e-17,True,True,True,True,True,0.9015105244410607,10.153370524385224,0.0,5.898059860197616e-17,0.0
structured,4.0,2.0,20.0,2.9999999999999996,0.5,0.5000000000000002,0.02460200000000009,0.09848946047135021,0.049203999846306225,7.684701312793418e-11,0.09848946047135021,0.049244730235675105,0.049244730235675126,0.024601999923153112,0.024601999923153123,0.07388746047135011,0.024642730235675016,0.024642730235675037,-7.684697669874119e-11,-7.684696629040033e-11,True,True,True,True,True,-0.049285460625043985,0.4995864492588958,3.1236083703737054e-09,7.684697669874119e-11,0.9999995259517382
structured,4.0,2.0,21.0,3.0,0.5,0.5,0.022201000000000012,0.09848946047135021,0.04440200016774903,8.387448721669521e-11,0.09848946047135021,0.049244730235675105,0.049244730235675105,0.022201000083874513,0.022201000083874513,0.0762884604713502,0.027043730235675092,0.027043730235675092,8.387450109448302e-11,8.387450109448302e-11,True,True,True,True,True,-0.05408746030360118,0.45082996652890805,3.7779598764332765e-09,-8.387450109448302e-11,1.0000001654589885
structured,4.0,2.0,22.0,2.0,0.75,0.8660254037844386,0.039304,0.09848946047135021,0.05240533400188554,0.012805333500471368,0.09848946047135021,0.07386709535351266,0.08529437477321257,0.03930400050141415,0.045384350539441294,0.05918546047135021,0.03456309535351266,0.04599037477321257,5.014141532533323e-10,0.0060803505394412954,True,True,True,True,True,-0.04608412646946467,0.5320907816032745,0.32580229748807676,-5.014141532533323e-10,3.9156664934566136e-08
structured,4.0,2.0,23.0,3.0,0.5,0.5,0.04822784000000001,0.09848946047135021,0.09645567864505666,6.774716482249588e-10,0.09848946047135021,0.049244730235675105,0.049244730235675105,0.04822783932252833,0.04822783932252833,0.0502616204713502,0.001016890235675097,0.001016890235675097,-6.774716759805344e-10,-6.774716759805344e-10,True,True,True,False,False,-0.002033781826293546,0.9793502592403259,1.4047314750670124e-08,6.774716759805344e-10,1.0000000409693537
structured,4.0,2.0,24.0,1.0,0.875,1.0,0.07964738110000001,0.09848946047135021,0.09102557818323595,0.035124709281286484,0.09848946047135021,0.08617827791243143,0.09848946047135021,0.07964738091033145,0.09102557818323595,0.0188420793713502,0.006530896812431422,0.0188420793713502,-1.8966855863666865e-10,0.011378197083235939,True,True,True,False,True,-0.00746388228811426,0.9242164364349884,0.4410026895571897,1.8966855863666865e-10,5.399861308965169e-09
structured,4.0,2.0,25.0,1.0,0.875,1.0,0.05128795000000004,0.09848946047135021,0.05861480037913563,0.021563500142175784,0.09848946047135021,0.08617827791243143,0.09848946047135021,0.05128795033174367,0.05861480037913563,0.04720151047135017,0.03489032791243139,0.04720151047135017,3.3174363256449624e-10,0.007326850379135587,True,True,True,True,True,-0.03987466009221458,0.5951377954414341,0.4204398916738877,-3.3174363256449624e-10,1.5384498359598078e-08
structured,4.0,2.0,26.0,1.0,0.875,1.0,0.046462175199999976,0.09848946047135021,0.053099629031420056,0.023488194915710046,0.09848946047135021,0.08617827791243143,0.09848946047135021,0.04646217540249255,0.053099629031420056,0.05202728527135023,0.03971610271243146,0.05202728527135023,2.0249257132176623e-10,0.00663745383142008,True,True,True,True,True,-0.04538983143993015,0.5391402163977363,0.5055336908916408,-2.0249257132176623e-10,8.621035888387036e-09
structured,4.0,2.0,27.0,3.0,0.5,0.5,0.029403999999999993,0.09848946047135021,0.05880799980156125,9.921933934176064e-11,0.09848946047135021,0.049244730235675105,0.049244730235675105,0.029403999900780624,0.029403999900780624,0.06908546047135022,0.019840730235675112,0.019840730235675112,-9.921936883205973e-11,-9.921936883205973e-11,True,True,True,True,True,-0.03968146066978896,0.5970994207920148,3.374348365588378e-09,9.921936883205973e-11,1.0000002972232962
structured,4.0,2.0,28.0,2.0,0.75,0.8660254037844386,0.04386393999999996,0.09848946047135021,0.05848525291665381,0.01924262677083651,0.09848946047135021,0.07386709535351266,0.08529437477321257,0.04386393968749036,0.05064971477258013,0.05462552047135025,0.030003155353512695,0.04143043477321261,-3.1250960152995333e-10,0.006785774772580168,True,True,True,False,True,-0.0400042075546964,0.5938224520345169,0.43868897255550976,3.1250960152995333e-10,1.6240485524750838e-08
structured,4.0,2.0,29.0,2.9999999999999996,0.5,0.5000000000000001,0.036949999999999955,0.09848946047135021,0.07390000001429634,7.148181352389926e-12,0.09848946047135021,0.049244730235675105,0.04924473023567512,0.03695000000714817,0.036950000007148175,0.061539460471350255,0.01229473023567515,0.012294730235675164,7.148212577412494e-12,7.148219516306398e-12,True,True,True,True,True,-0.024589460457053874,0.7503340932179565,1.934555169794299e-10,-7.148212577412494e-12,1.0000043682471147
structured,4.0,2.0,30.0,3.0,0.5,0.5,0.02715,0.09848946047135021,0.054299999682731755,1.5863410932070998e-10,0.09848946047135021,0.049244730235675105,0.049244730235675105,0.027149999841365877,0.027149999841365877,0.0713394604713502,0.022094730235675104,0.022094730235675104,-1.586341231984978e-10,-1.586341231984978e-10,True,True,True,False,False,-0.044189460788618455,0.5513280245709863,5.8428769547222826e-09,1.586341231984978e-10,1.0000000874830002
structured,4.0,2.0,31.0,2.0,0.75,0.8660254037844386,0.06773085999999996,0.09848946047135021,0.09030781179965756,0.03025390705008557,0.09848946047135021,0.07386709535351266,0.08529437477321257,0.06773085884974317,0.07820885917868753,0.030758600471350248,0.006136235353512695,0.017563514773212607,-1.1502567925925078e-09,0.010477999178687566,True,True,True,False,True,-0.008181648671692646,0.9169286882826145,0.44667832432787047,1.1502567925925078e-09,3.8020107310049214e-08
structured,4.0,2.0,32.0,2.0,0.75,0.8660254037844386,0.03697650000000004,0.09848946047135021,0.04930200017644522,0.0024010000882226145,0.09848946047135021,0.07386709535351266,0.08529437477321257,0.03697650013233392,0.04269678461018643,0.06151296047135017,0.03689059535351262,0.04831787477321253,1.323338799652518e-10,0.0057202846101863936,True,True,True,True,True,-0.04918746029490499,0.5005814829373217,0.06493313559213587,-1.323338799652518e-10,5.511614956383215e-08
structured,4.0,2.0,33.0,2.0,0.75,0.8660254037844386,0.03675746999999993,0.09848946047135021,0.04900996019250145,0.012054980096250827,0.09848946047135021,0.07386709535351266,0.08529437477321257,0.03675747014437609,0.04244387056517033,0.06173199047135028,0.037109625353512726,0.04853690477321264,1.443761568631352e-10,0.005686400565170398,True,True,True,True,True,-0.04947950027884876,0.49761629272766755,0.3279600063946417,-1.443761568631352e-10,1.1976474097044515e-08
structured,4.0,2.0,34.0,3.0,0.5,0.5,0.022250000000000048,0.09848946047135021,0.04449999993663983,3.1680148088186755e-11,0.09848946047135021,0.049244730235675105,0.049244730235675105,0.022249999968319913,0.022249999968319913,0.07623946047135016,0.026994730235675057,0.026994730235675057,-3.168013421039895e-11,-3.168013421039895e-11,True,True,True,True,True,-0.05398946053471038,0.451824994508773,1.423826880367941e-09,3.168013421039895e-11,0.9999995619405638
structured,4.0,2.0,35.0,3.0,0.5,0.5,0.01490000000000001,0.09848946047135021,0.02980000005229016,2.6145028850232954e-11,0.09848946047135021,0.049244730235675105,0.049244730235675105,0.01490000002614508,0.01490000002614508,0.0835894604713502,0.034344730235675094,0.034344730235675094,2.6145068748872902e-11,2.6145068748872902e-11,True,True,True,True,True,-0.06868946041906004,0.3025704467226596,1.7546999228344252e-09,-2.6145068748872902e-11,1.000001526050714
structured,4.0,2.0,36.0,4.0,0.0,0.0,0.0,0.09848946047135021,0.9999999849124109,0.0,0.09848946047135021,0.0,0.0,0.0,0.0,0.09848946047135021,0.0,0.0,0.0,0.0,True,True,True,True,True,0.9015105244410607,10.153370524385224,0.0,0.0,0.0
structured,4.0,2.0,37.0,2.0,0.75,0.8660254037844386,0.054053000000000004,0.09848946047135021,0.07207066664343674,0.005814666678281601,0.09848946047135021,0.07386709535351266,0.08529437477321257,0.05405299998257755,0.06241502818089597,0.044436460471350206,0.019814095353512653,0.031241374773212566,-1.7422452369686425e-11,0.008362028180895965,True,True,True,True,True,-0.02641879382791347,0.7317601934107612,0.10757343123011859,1.7422452369686425e-11,2.9962942561714054e-09
structured,4.0,2.0,38.0,1.0,0.875,1.0,0.08192832130000002,0.09848946047135021,0.09363236713239638,0.03681618362535133,0.09848946047135021,0.08617827791243143,0.09848946047135021,0.08192832124084683,0.09363236713239638,0.016561139171350187,0.00424995661243141,0.016561139171350187,-5.915319623017723e-11,0.011704045832396356,True,True,True,True,True,-0.00485709333895383,0.9506841309140208,0.44937065768185486,5.915319623017723e-11,1.6067172206693583e-09
structured,4.0,2.0,39.0,2.0,0.75,0.8660254037844386,0.06735442240000006,0.09848946047135021,0.08980589600857626,0.02158401679571194,0.09848946047135021,0.07386709535351266,0.08529437477321257,0.0673544220064322,0.07777418735305056,0.031135038071350152,0.006512672953512599,0.01793995237321251,-3.935678588584679e-10,0.010419764953050498,True,True,True,False,True,-0.008683564462773949,0.9118325512068377,0.3204543373192362,3.935678588584679e-10,1.8234226862566998e-08
structured,4.0,2.0,40.0,3.0,0.5,0.5,0.02220100000000004,0.09848946047135021,0.044402000167749055,8.387452191116473e-11,0.09848946047135021,0.049244730235675105,0.049244730235675105,0.022201000083874527,0.022201000083874527,0.07628846047135017,0.027043730235675065,0.027043730235675065,8.387448721669521e-11,8.387448721669521e-11,True,True,True,True,True,-0.054087460303601155,0.45082996652890833,3.77796143917682e-09,-8.387448721669521e-11,0.9999995863527001
structured,4.0,2.0,41.0,3.0,0.5,0.5,0.0646987,0.09848946047135021,0.12939739935044275,3.247786276028286e-10,0.09848946047135021,0.049244730235675105,0.049244730235675105,0.06469869967522138,0.06469869967522138,0.03379076047135021,-0.015453969764324893,-0.015453969764324893,-3.247786206639347e-10,-3.247786206639347e-10,True,False,False,False,False,0.030907938879092545,1.3138197603192618,5.019863267775529e-09,3.247786206639347e-10,0.9999999786350046
structured,4.0,2.0,42.0,2.0,0.75,0.8660254037844386,0.06130499999999996,0.09848946047135021,0.08173999957385565,0.013720000106536016,0.09848946047135021,0.07386709535351266,0.08529437477321257,0.06130499968039174,0.07078891613628818,0.03718446047135025,0.0125620953535127,0.023989374773212613,-3.196082148937407e-10,0.009483916136288226,True,True,True,False,True,-0.01674946089749456,0.8299365148581879,0.22379903933669398,3.196082148937407e-10,2.3295059213701013e-08
structured,4.0,2.0,43.0,4.0,0.0,0.0,0.0,0.09848946047135021,0.9999999849124109,0.0,0.09848946047135021,0.0,0.0,0.0,0.0,0.09848946047135021,0.0,0.0,0.0,0.0,True,True,True,True,True,0.9015105244410607,10.153370524385224,0.0,0.0,0.0
structured,4.0,2.0,44.0,2.0,0.75,0.8660254037844386,0.06540385000000001,0.09848946047135021,0.08720513325536669,0.02109613337231666,0.09848946047135021,0.07386709535351266,0.08529437477321257,0.06540384994152501,0.0755218607395547,0.033085610471350196,0.008463245353512644,0.019890524773212556,-5.847500261779714e-11,0.010118010739554692,True,True,True,True,True,-0.01128432721598352,0.8854260429290701,0.3225518585269316,5.847500261779714e-11,2.771835083984196e-09
structured,4.0,2.0,45.0,3.0,0.5,0.5,0.05409999999999995,0.09848946047135021,0.10820000071960204,3.598010639427329e-10,0.09848946047135021,0.049244730235675105,0.049244730235675105,0.05410000035980102,0.05410000035980102,0.04438946047135026,-0.004855269764324842,-0.004855269764324842,3.5980107088162683e-10,3.5980107088162683e-10,True,False,False,True,True,0.009710540248251825,1.098594714620013,6.650666616316697e-09,-3.5980107088162683e-10,1.0000000192853624
structured,4.0,2.0,46.0,2.0,0.75,0.8660254037844386,0.09589557000000001,0.09848946047135021,0.1278607589053138,0.032125380273671574,0.09848946047135021,0.07386709535351266,0.08529437477321257,0.09589556917898534,0.11073066535915913,0.0025938904713501965,-0.022028474646487356,-0.010601195226787444,-8.210146729137335e-10,0.014835095359159112,True,False,False,False,True,0.029371298433963577,1.2982176802817136,0.33500379917103124,8.210146729137335e-10,2.555657445669516e-08
structured,4.0,2.0,47.0,2.0,0.75,0.8660254037844386,0.08810799999999991,0.09848946047135021,0.11747733431795883,0.017411333579489773,0.09848946047135021,0.07386709535351266,0.08529437477321257,0.08810800073846912,0.10173835588822978,0.010381460471350301,-0.014240904646487251,-0.002813625226787339,7.384692163325823e-10,0.013630355888229875,True,False,False,True,True,0.01898787384660862,1.1927909215436512,0.19761353769793652,-7.384692163325823e-10,4.2413133546673605e-08
structured,4.0,2.0,48.0,1.0,0.875,1.0,0.08269817499999997,0.09848946047135021,0.09451219946040763,0.039632950134898016,0.09848946047135021,0.08617827791243143,0.09848946047135021,0.08269817452785667,0.09451219946040763,0.01579128547135024,0.0034801029124314625,0.01579128547135024,-4.721432966814376e-10,0.011814024460407663,True,True,True,False,True,-0.003977261010942576,0.959617394674433,0.47924818334743213,4.721432966814376e-10,1.1912898108124965e-08
structured,4.0,2.0,49.0,3.0,0.5,0.5,0.031804999999999986,0.09848946047135021,0.06360999983593639,8.203175638765714e-11,0.09848946047135021,0.049244730235675105,0.049244730235675105,0.031804999917968195,0.031804999917968195,0.06668446047135022,0.01743973023567512,0.01743973023567512,-8.203179108212666e-11,-8.203179108212666e-11,True,True,True,True,True,-0.03487946063541382,0.645855907134754,2.5792094446677308e-09,8.203179108212666e-11,1.0000004229394939
structured,4.0,4.0,0.0,1.0,0.875,1.0,0.14571756499999994,0.1549420775552114,0.16653435973589156,0.0427583100990406,0.1549420775552114,0.13557431786080998,0.1549420775552114,0.14571756476890513,0.16653435973589156,0.00922451255521145,-0.01014324713918996,0.00922451255521145,-2.310948099548682e-10,0.020816794735891625,True,False,True,False,True,0.011592282180680175,1.0748168758518772,0.2934327793567002,2.310948099548682e-10,5.404675942982448e-09
structured,4.0,4.0,1.0,3.0,0.5,0.5,0.10940531999999993,0.1549420775552114,0.2188106389343447,5.328275806681937e-10,0.1549420775552114,0.0774710387776057,0.0774710387776057,0.10940531946717234,0.10940531946717234,0.04553675755521146,-0.03193428122239424,-0.03193428122239424,-5.328275876070876e-10,-5.328275876070876e-10,True,False,False,False,False,0.0638685613791333,1.4122092745037231,4.870216372185503e-09,5.328275876070876e-10,1.0000000130227753
structured,4.0,4.0,2.0,3.0,0.5,0.5,0.0589999999999999,0.1549420775552114,0.11800000015669233,7.834626697400537e-11,0.1549420775552114,0.0774710387776057,0.0774710387776057,0.05900000007834617,0.05900000007834617,0.09594207755521149,0.018471038777605794,0.018471038777605794,7.834626697400537e-11,7.834626697400537e-11,True,True,True,True,True,-0.036942077398519055,0.7615749189541151,1.32790283006789e-09,-7.834626697400537e-11,1.0
structured,4.0,4.0,3.0,2.0,0.75,0.8660254037844386,0.16574849999999997,0.1549420775552114,0.22099800099808334,0.03434900049904169,0.1549420775552114,0.11620655816640854,0.13418377527795175,0.1657485007485625,0.19138988304991889,-0.010806422444788577,-0.049541941833591424,-0.031564724722048215,7.485625452829936e-10,0.02564138304991892,False,False,False,True,True,0.06605592344287195,1.4263265633529012,0.20723566426870646,-7.485625452829936e-10,2.179284795503374e-08
structured,4.0,4.0,4.0,2.0,0.75,0.8660254037844386,0.1377596999999999,0.1549420775552114,0.18367959785937238,0.009613800535156813,0.1549420775552114,0.11620655816640854,0.13418377527795175,0.13775969839452928,0.15907119790312627,0.017182377555211487,-0.02155314183359136,-0.0035759247220481516,-1.605470617560556e-09,0.021311497903126364,True,False,False,False,True,0.02873752030416099,1.185472666673911,0.06978674122516831,1.605470617560556e-09,1.6699645594783173e-07
structured,4.0,4.0,5.0,2.0,0.75,0.8660254037844386,0.10501299999999993,0.1549420775552114,0.1400173338520801,0.012217333463020032,0.1549420775552114,0.11620655816640854,0.13418377527795175,0.10501300038906007,0.1212585680860682,0.04992907755521146,0.011193558166408615,0.029170775277951824,3.8906014521167265e-10,0.01624556808606828,True,True,True,True,True,-0.014924743703131294,0.9036753350760185,0.11634115264795826,-3.8906014521167265e-10,3.18449313337724e-08
structured,4.0,4.0,6.0,2.9999999999999996,0.5,0.5000000000000001,0.04430000000000007,0.1549420775552114,0.08859999992889983,3.555016697687208e-11,0.1549420775552114,0.0774710387776057,0.07747103877760571,0.044299999964449915,0.04429999996444992,0.11064207755521133,0.033171038777605626,0.03317103877760564,-3.555015309908427e-11,-3.5550146160190366e-11,True,True,True,True,True,-0.06634207762631156,0.5718265904710649,8.024868392070434e-10,3.555015309908427e-11,0.9999996096280556
structured,4.0,4.0,7.0,4.0,0.0,0.0,0.0,0.1549420775552114,0.9999999849124109,0.0,0.1549420775552114,0.0,0.0,0.0,0.0,0.1549420775552114,0.0,0.0,0.0,0.0,True,True,True,True,True,0.8450579073571995,6.454024630953301,0.0,0.0,0.0
structured,4.0,4.0,8.0,1.0,0.875,1.0,0.19686817499999995,0.1549420775552114,0.2249922006319517,0.039980920315975936,0.1549420775552114,0.13557431786080998,0.1549420775552114,0.1968681755529577,0.2249922006319517,-0.04192609744478856,-0.06129385713918997,-0.04192609744478856,5.529577629115323e-10,0.028124025631951738,False,False,False,True,True,0.0700501230767403,1.45210522655977,0.20308473076451258,-5.529577629115323e-10,1.3830541131655152e-08
structured,4.0,4.0,9.0,3.0,0.5,0.5,0.12784499999999996,0.1549420775552114,0.25568999944697757,2.7651120282357056e-10,0.1549420775552114,0.0774710387776057,0.0774710387776057,0.12784499972348878,0.12784499972348878,0.02709707755521143,-0.050373961222394265,-0.050373961222394265,-2.7651117506799494e-10,-2.7651117506799494e-10,True,False,False,False,False,0.10074792189176618,1.6502295792172148,2.1628628638082887e-09,2.7651117506799494e-10,0.9999998996222383
structured,4.0,4.0,10.0,4.0,0.0,0.0,0.0,0.1549420775552114,0.9999999849124109,0.0,0.1549420775552114,0.0,0.0,0.0,0.0,0.1549420775552114,0.0,0.0,0.0,0.0,True,True,True,True,True,0.8450579073571995,6.454024630953301,0.0,0.0,0.0
structured,4.0,4.0,11.0,3.0,0.5,0.5,0.029599999999999974,0.1549420775552114,0.059199999795263934,1.02368009902154e-10,0.1549420775552114,0.0774710387776057,0.0774710387776057,0.029599999897631967,0.029599999897631967,0.12534207755521143,0.04787103877760572,0.04787103877760572,-1.0236800643270705e-10,-1.0236800643270705e-10,True,True,True,False,False,-0.09574207775994745,0.38207826259570365,3.4583787129106112e-09,1.0236800643270705e-10,0.9999999661080942
structured,4.0,4.0,12.0,1.0,0.875,1.0,0.17748356919999989,0.1549420775552114,0.2028383651679408,0.06936918258397044,0.1549420775552114,0.13557431786080998,0.1549420775552114,0.1774835695219482,0.2028383651679408,-0.022541491644788497,-0.04190925133918991,-0.022541491644788497,3.219483013516822e-10,0.025354795967940907,False,False,False,True,True,0.047896287612729405,1.3091238246477124,0.39084847626543273,-3.219483013516822e-10,4.64108541227177e-09
structured,4.0,4.0,13.0,2.0,0.75,0.8660254037844386,0.15611705999999997,0.1549420775552114,0.20815607873170186,0.062228040317074504,0.1549420775552114,0.11620655816640854,0.13418377527795175,0.1561170590487764,0.1802684521338075,-0.001174982444788586,-0.03991050183359143,-0.021933284722048224,-9.51223572132065e-10,0.024151392133807514,False,False,False,False,True,0.05321400117649047,1.3434444794863967,0.39859859208900367,9.51223572132065e-10,1.5286092367447774e-08
structured,4.0,4.0,14.0,2.0,0.75,0.8660254037844386,0.14122399999999993,0.1549420775552114,0.1882986662465211,0.04249933343836966,0.1549420775552114,0.11620655816640854,0.13418377527795175,0.14122399968489083,0.16307142846821468,0.013718077555211455,-0.02501744183359139,-0.007040224722048183,-3.151091054753863e-10,0.021847428468214747,True,False,False,False,True,0.033356588691309724,1.2152842482664115,0.3009356301929536,3.151091054753863e-10,7.414448180283609e-09
structured,4.0,4.0,15.0,3.0,0.5,0.5,0.13024599999999997,0.1549420775552114,0.26049199993622724,3.1886368545563926e-11,0.1549420775552114,0.0774710387776057,0.0774710387776057,0.13024599996811362,0.13024599996811362,0.024696077555211415,-0.05277496122239428,-0.05277496122239428,-3.188635466777612e-11,-3.188635466777612e-11,True,False,False,True,True,0.10554992238101585,1.6812218091202802,2.448164899157282e-10,3.188635466777612e-11,0.9999995647736497
structured,4.0,4.0,16.0,3.0,0.5,0.5,0.11103799999999989,0.1549420775552114,0.2220759987447003,6.276497446777718e-10,0.1549420775552114,0.0774710387776057,0.0774710387776057,0.11103799937235015,0.11103799937235015,0.0439040775552115,-0.03356696122239419,-0.03356696122239419,-6.276497377388779e-10,-6.276497377388779e-10,True,False,False,False,False,0.06713392118948891,1.4332839874666499,5.652567091245992e-09,6.276497377388779e-10,0.9999999889446399
structured,4.0,4.0,17.0,3.0,0.5,0.5,0.11411127999999995,0.1549420775552114,0.2282225610717134,5.358567548019444e-10,0.1549420775552114,0.0774710387776057,0.0774710387776057,0.1141112805358567,0.1141112805358567,0.040830797555211434,-0.03664024122239426,-0.03664024122239426,5.358567478630505e-10,5.358567478630505e-10,True,False,False,True,True,0.07328048351650202,1.4729540527194078,4.69591397802167e-09,-5.358567478630505e-10,0.9999999870508418
structured,4.0,4.0,18.0,3.0,0.5,0.5,0.056549999999999934,0.1549420775552114,0.11310000003792364,1.8961887615631667e-11,0.1549420775552114,0.0774710387776057,0.0774710387776057,0.05655000001896182,0.05655000001896182,0.09839207755521145,0.02092103877760576,0.02092103877760576,1.8961887615631667e-11,1.8961887615631667e-11,True,True,True,True,True,-0.041842077517287746,0.7299501970187671,3.353118941756267e-10,-1.8961887615631667e-11,1.0
structured,4.0,4.0,19.0,1.0,0.875,1.0,0.1670085549999999,0.1549420775552114,0.19086691878006676,0.06338346045747488,0.1549420775552114,0.13557431786080998,0.1549420775552114,0.16700855393255842,0.19086691878006676,-0.012066477444788504,-0.03143423713918991,-0.012066477444788504,-1.0674414685496458e-09,0.023858363780066866,False,False,False,False,True,0.03592484122485537,1.2318598136265086,0.3795222373936169,1.0674414685496458e-09,1.684100963950701e-08
structured,4.0,4.0,20.0,4.0,0.0,0.0,0.0,0.1549420775552114,0.9999999849124109,0.0,0.1549420775552114,0.0,0.0,0.0,0.0,0.1549420775552114,0.0,0.0,0.0,0.0,True,True,True,True,True,0.8450579073571995,6.454024630953301,0.0,0.0,0.0
structured,4.0,4.0,21.0,1.0,0.875,1.0,0.17933303499999995,0.1549420775552114,0.20495204117633017,0.05170305044112376,0.1549420775552114,0.13557431786080998,0.1549420775552114,0.1793330360292889,0.20495204117633017,-0.024390957444788558,-0.04375871713918997,-0.024390957444788558,1.029288959619734e-09,0.025619006176330228,False,False,False,True,True,0.050009963621118786,1.3227655418735331,0.2883074523392959,-1.029288959619734e-09,1.990770275328e-08
structured,4.0,4.0,22.0,2.0,0.75,0.8660254037844386,0.12762062000000002,0.1549420775552114,0.17016082935790677,0.03373682733947668,0.1549420775552114,0.11620655816640854,0.13418377527795175,0.12762062201843008,0.14736360095297615,0.02732145755521137,-0.011414061833591477,0.006563155277951732,2.018430061978549e-09,0.019742980952976136,True,False,True,True,True,0.015218751802695385,1.098222200468897,0.2643524795560206,-2.018430061978549e-09,5.982868636899685e-08
structured,4.0,4.0,23.0,2.0,0.75,0.8660254037844386,0.17498988039999994,0.1549420775552114,0.2333198384327959,0.07480992079180097,0.1549420775552114,0.11620655816640854,0.13418377527795175,0.17498987882459693,0.20206090728968207,-0.020047802844788548,-0.058783322233591395,-0.040806105122048186,-1.5754030024961452e-09,0.02707102688968213,False,False,False,False,True,0.07837776087758452,1.5058520068549857,0.4275099829818559,1.5754030024961452e-09,2.1058744426164482e-08
structured,4.0,4.0,24.0,3.0,0.5,0.5,0.10143399999999986,0.1549420775552114,0.2028679983746177,8.126910533423626e-10,0.1549420775552114,0.0774710387776057,0.0774710387776057,0.10143399918730885,0.10143399918730885,0.05350807755521153,-0.023962961222394163,-0.023962961222394163,-8.126910117089992e-10,-8.126910117089992e-10,True,False,False,False,False,0.047925920819406304,1.3093150780963847,8.012018192542576e-09,8.126910117089992e-10,0.9999999487709834
structured,4.0,4.0,25.0,3.0,0.5,0.49999999999999994,0.09903299999999993,0.1549420775552114,0.19806599974737876,1.263105262744313e-10,0.1549420775552114,0.0774710387776057,0.07747103877760568,0.09903299987368938,0.09903299987368937,0.05590907755521146,-0.021561961222394233,-0.021561961222394246,-1.2631054535638953e-10,-1.2631055923417733e-10,True,False,False,False,False,0.043123922192167374,1.2783228602107828,1.2754387555100965e-09,1.2631054535638953e-10,1.0000001510717975
structured,4.0,4.0,26.0,3.0,0.5,0.5,0.039399999999999866,0.1549420775552114,0.078800000258015,1.2900766566126265e-10,0.1549420775552114,0.0774710387776057,0.0774710387776057,0.0394000001290075,0.0394000001290075,0.11554207755521152,0.03807103877760583,0.03807103877760583,1.2900763096679313e-10,1.2900763096679313e-10,True,True,True,True,True,-0.0761420772971964,0.5085771502575583,3.274306235057439e-09,-1.2900763096679313e-10,0.9999997310666049
structured,4.0,4.0,27.0,4.0,0.0,0.0,1.0408340855860843e-16,0.1549420775552114,0.9999999849124109,1.0408340855860843e-16,0.1549420775552114,0.0,0.0,0.0,0.0,0.15494207755521128,-1.0408340855860843e-16,-1.0408340855860843e-16,-1.0408340855860843e-16,-1.0408340855860843e-16,True,True,True,True,True,0.8450579073571995,6.454024630953301,0.0,1.0408340855860843e-16,0.0
structured,4.0,4.0,28.0,4.0,2.7755575615628914e-17,0.0,9.71445146547012e-17,0.1549420775552114,0.5000000075271275,8.326672684688674e-17,0.1549420775552114,4.300506549626309e-18,0.0,1.3877788016734213e-17,0.0,0.15494207755521128,-9.284400810507489e-17,-9.71445146547012e-17,-8.326672663796699e-17,-9.71445146547012e-17,True,True,True,True,True,0.3450579299719161,3.2270124127447537,0.0,8.326672663796699e-17,0.0
structured,4.0,4.0,29.0,3.0,0.5,0.5,0.09293446000000002,0.1549420775552114,0.18586892178054384,8.902718978687219e-10,0.1549420775552114,0.0774710387776057,0.0774710387776057,0.09293446089027192,0.09293446089027192,0.062007617555211364,-0.01546342122239433,-0.01546342122239433,8.902718978687219e-10,8.902718978687219e-10,True,False,False,True,True,0.030926844225332456,1.1996026173994738,9.579567125786513e-09,-8.902718978687219e-10,1.0
structured,4.0,4.0,30.0,4.0,0.0,0.0,0.0,0.1549420775552114,0.9999999849124109,0.0,0.1549420775552114,0.0,0.0,0.0,0.0,0.1549420775552114,0.0,0.0,0.0,0.0,True,True,True,True,True,0.8450579073571995,6.454024630953301,0.0,0.0,0.0
structured,4.0,4.0,31.0,3.0,0.5,0.5,0.09819999999999983,0.1549420775552114,0.1963999986957824,6.521086032273971e-10,0.1549420775552114,0.0774710387776057,0.0774710387776057,0.0981999993478912,0.0981999993478912,0.05674207755521156,-0.020728961222394135,-0.020728961222394135,-6.521086309829727e-10,-6.521086309829727e-10,True,False,False,False,False,0.04145792114057101,1.267570448226358,6.640617140808535e-09,6.521086309829727e-10,1.0000000425628115
structured,4.0,4.0,32.0,3.0,0.5,0.5,0.034500000000000045,0.1549420775552114,0.0690000003296214,1.648106581764175e-10,0.1549420775552114,0.0774710387776057,0.0774710387776057,0.0345000001648107,0.0345000001648107,0.12044207755521134,0.04297103877760565,0.04297103877760565,1.648106581764175e-10,1.648106581764175e-10,True,True,True,True,True,-0.08594207722558998,0.4453277083820839,4.777120526852675e-09,-1.648106581764175e-10,1.0
structured,4.0,4.0,33.0,2.0,0.75,0.8660254037844386,0.1276216,0.1549420775552114,0.17016213297767346,0.038442133511163296,0.1549420775552114,0.11620655816640854,0.13418377527795175,0.1276215997332551,0.14736472992081098,0.027320477555211387,-0.01141504183359146,0.006562175277951748,-2.6674490394285044e-10,0.01974312992081098,True,False,True,False,True,0.015220055422462075,1.0982306140631077,0.3012196486422619,2.6674490394285044e-10,6.938868360815349e-09
structured,4.0,4.0,34.0,2.0,0.75,0.8660254037844386,0.15131603999999993,0.1549420775552114,0.2017547180802459,0.054127360479938436,0.1549420775552114,0.11620655816640854,0.13418377527795175,0.1513160385601844,0.17472471119086053,0.0036260375552114588,-0.03510948183359139,-0.01713226472204818,-1.4398155168127147e-09,0.023408671190860597,True,False,False,False,True,0.046812640525034505,1.3021299395469477,0.35771065962298815,1.4398155168127147e-09,2.660051227412729e-08
structured,4.0,4.0,35.0,1.0,0.875,1.0,0.15735506500000002,0.1549420775552114,0.17983436126304572,0.055977950473642096,0.1549420775552114,0.13557431786080998,0.1549420775552114,0.157355066105165,0.17983436126304572,-0.002412987444788628,-0.021780747139190038,-0.002412987444788628,1.1051649873028424e-09,0.022479296263045706,False,False,False,True,True,0.024892283707834334,1.1606554145949433,0.35574292110420525,-1.1051649873028424e-09,1.9742862644162418e-08
structured,4.0,4.0,36.0,1.0,0.875,1.0,0.18871677999999992,0.1549420775552114,0.21567632082241425,0.07145390030840537,0.1549420775552114,0.13557431786080998,0.1549420775552114,0.18871678071961248,0.21567632082241425,-0.03377470244478853,-0.05314246213918994,-0.03377470244478853,7.196125639818973e-10,0.026959540822414335,False,False,False,True,True,0.060734243267202864,1.3919803079028747,0.37863034918466393,-7.196125639818973e-10,1.0071004674005832e-08
structured,4.0,4.0,37.0,2.0,0.75,0.8660254037844386,0.14238921999999987,0.1549420775552114,0.1898522926996702,0.023676146825082366,0.1549420775552114,0.11620655816640854,0.13418377527795175,0.14238921952475264,0.1644169084446333,0.012552857555211516,-0.02618266183359133,-0.008205444722048122,-4.75247230458109e-10,0.02202768844463343,True,False,False,False,True,0.0349102151444588,1.2253113918136218,0.16627766361163004,4.75247230458109e-10,2.0072828318273267e-08
structured,4.0,4.0,38.0,2.0,0.75,0.8660254037844386,0.08555999999999997,0.1549420775552114,0.1140800005070615,0.02009000025353075,0.1549420775552114,0.11620655816640854,0.13418377527795175,0.08556000038029613,0.0987961785028569,0.06938207755521142,0.030646558166408572,0.04862377527795178,3.802961556775841e-10,0.013236178502856924,True,True,True,True,True,-0.040862077048149884,0.7362751442803569,0.2348059870679144,-3.802961556775841e-10,1.8929624234860244e-08
structured,4.0,4.0,39.0,3.0,0.5,0.5,0.09574999999999992,0.1549420775552114,0.1915000012004856,6.002428554197081e-10,0.1549420775552114,0.0774710387776057,0.0774710387776057,0.0957500006002428,0.0957500006002428,0.05919207755521147,-0.018278961222394224,-0.018278961222394224,6.002428831752837e-10,6.002428831752837e-10,True,False,False,True,True,0.036557923645274215,1.2359457432229624,6.268854886889908e-09,-6.002428831752837e-10,1.0000000462405765
structured,4.0,4.0,40.0,-0.0,0.9375,1.0,0.20439939435,0.1549420775552114,0.21802602119983605,0.09670748324989753,0.1549420775552114,0.14525819770801068,0.1549420775552114,0.2043993948748463,0.21802602119983605,-0.049457316794788625,-0.05914119664198933,-0.049457316794788625,5.248462775497842e-10,0.013626626849836038,False,False,False,True,True,0.06308394364462466,1.407145332242919,0.4731299892420524,-5.248462775497842e-10,5.427152686763155e-09
structured,4.0,4.0,41.0,1.0,0.875,1.0,0.1919170092,0.1549420775552114,0.21933372363564854,0.058882202836631835,0.1549420775552114,0.13557431786080998,0.1549420775552114,0.19191700818119248,0.21933372363564854,-0.0369749316447886,-0.05634269133919001,-0.0369749316447886,-1.0188075105777017e-09,0.027416714435648554,False,False,False,False,True,0.06439164608043715,1.4155852761009489,0.3068107568061864,1.0188075105777017e-09,1.7302469362506264e-08
structured,4.0,4.0,42.0,3.0,0.5,0.5,0.07982499999999988,0.1549420775552114,0.1596500007757354,3.87867855888846e-10,0.1549420775552114,0.0774710387776057,0.0774710387776057,0.0798250003878677,0.0798250003878677,0.0751170775552115,-0.002353961222394188,-0.002353961222394188,3.8786782119437646e-10,3.8786782119437646e-10,True,False,False,True,True,0.0047079232205240185,1.0303850528843361,4.858977211260214e-09,-3.8786782119437646e-10,0.9999999105507997
structured,4.0,4.0,43.0,3.0,0.5,0.5,0.15881789999999998,0.1549420775552114,0.31763579835784306,8.210784552264982e-10,0.1549420775552114,0.0774710387776057,0.0774710387776057,0.15881789917892153,0.15881789917892153,-0.003875822444788596,-0.08134686122239429,-0.08134686122239429,-8.210784552264982e-10,-8.210784552264982e-10,False,False,False,False,False,0.16269372080263167,2.0500292972040346,5.1699364821377086e-09,8.210784552264982e-10,1.0
structured,4.0,4.0,44.0,2.0,0.75,0.8660254037844386,0.16548096,0.1549420775552114,0.2206412790841747,0.06847064022895627,0.1549420775552114,0.11620655816640854,0.13418377527795175,0.165480959313131,0.1910809528103874,-0.010538882444788622,-0.04927440183359147,-0.03129718472204826,-6.868690061168081e-10,0.025599992810387384,False,False,False,False,True,0.0656992015289633,1.4240242712993978,0.4137674825487855,6.868690061168081e-10,1.0031584396173512e-08
structured,4.0,4.0,45.0,3.0,0.5,0.5,0.07124999999999987,0.1549420775552114,0.14250000097737314,4.886866952769076e-10,0.1549420775552114,0.0774710387776057,0.0774710387776057,0.07125000048868657,0.07125000048868657,0.08369207755521152,0.006221038777605825,0.006221038777605825,4.886867022158015e-10,4.886867022158015e-10,True,True,True,True,True,-0.012442076577838246,0.9196985300948692,6.858760635465382e-09,-4.886867022158015e-10,1.0000000141990646
structured,4.0,4.0,46.0,4.0,1.3877787807814457e-16,0.0,1.1796119636642288e-16,0.1549420775552114,0.6055728229382387,2.0816681711721685e-17,0.1549420775552114,2.1502532748131546e-17,0.0,8.404011138916072e-17,0.0,0.15494207755521128,-9.645866361829134e-17,-1.1796119636642288e-16,-3.392108497726216e-17,-1.1796119636642288e-16,True,True,True,True,True,0.4506307453830273,3.9083819740473755,0.0,3.392108497726216e-17,0.0
structured,4.0,4.0,47.0,1.0,0.875,1.0,0.1504671349999999,0.1549420775552114,0.17196243971581898,0.05883122010656776,0.1549420775552114,0.13557431786080998,0.1549420775552114,0.1504671347513416,0.17196243971581898,0.004474942555211497,-0.014892817139189912,0.004474942555211497,-2.4865828840425763e-10,0.02149530471581909,True,False,True,False,True,0.017020362160607594,1.1098498382696762,0.3909904984006494,2.4865828840425763e-10,4.2266383045232495e-09
structured,4.0,4.0,48.0,3.0,0.5,0.5,0.09423099999999988,0.1549420775552114,0.18846200042949462,2.1474741429550193e-10,0.1549420775552114,0.0774710387776057,0.0774710387776057,0.09423100021474731,0.09423100021474731,0.060711077555211504,-0.01675996122239419,-0.01675996122239419,2.1474742817328973e-10,2.1474742817328973e-10,True,False,False,True,True,0.03351992287428324,1.2163384111223041,2.278946570613728e-09,-2.1474742817328973e-10,1.0000000646237714
structured,4.0,4.0,49.0,2.0,0.75,0.8660254037844386,0.10974149999999994,0.1549420775552114,0.14632199895854486,0.04846100026036368,0.1549420775552114,0.11620655816640854,0.13418377527795175,0.10974149921890865,0.12671856823062003,0.04520057755521145,0.006465058166408605,0.024442275277951814,-7.810912888706056e-10,0.01697706823062009,True,True,True,False,True,-0.008620078596666525,0.944365799576975,0.44159228970228864,7.810912888706056e-10,1.611793575605292e-08
structured,4.0,8.0,0.0,4.0,0.0,0.0,0.0,0.2574634838369979,0.9999999849124109,0.0,0.2574634838369979,0.0,0.0,0.0,0.0,0.2574634838369979,0.0,0.0,0.0,0.0,True,True,True,True,True,0.742536501075413,3.8840458849128234,0.0,0.0,0.0
structured,4.0,8.0,1.0,2.0,0.75,0.8660254037844386,0.24833799999999995,0.2574634838369979,0.3311173366095182,0.036717334152379516,0.2574634838369979,0.19309761287774843,0.2229699175496844,0.24833800245713866,0.2867560251372859,0.00912548383699796,-0.055240387122251516,-0.02536808245031555,2.4571387147176438e-09,0.03841802513728593,True,False,False,True,True,0.07365385277252029,1.2860749480852636,0.14785225842351765,-2.4571387147176438e-09,6.692040071646666e-08
structured,4.0,8.0,2.0,3.0,0.5,0.5,0.13264700000000007,0.2574634838369979,0.2652940011551606,5.7758021976273e-10,0.2574634838369979,0.12873174191849895,0.12873174191849895,0.1326470005775803,0.1326470005775803,0.12481648383699784,-0.003915258081501116,-0.003915258081501116,5.775802336405178e-10,5.775802336405178e-10,True,False,False,True,True,0.0078305173181627,1.0304140890252238,4.354265228484095e-09,-5.775802336405178e-10,1.0000000240274638
structured,4.0,8.0,3.0,1.0,0.875,1.0,0.25127164999999996,0.2574634838369979,0.28716759802948966,0.07374010073894133,0.2574634838369979,0.22528054835737316,0.2574634838369979,0.25127164827580345,0.28716759802948966,0.006191833836997951,-0.0259911016426268,0.006191833836997951,-1.724196507790765e-09,0.0358959480294897,True,False,True,False,True,0.02970411419249175,1.1153721442350157,0.2934676504052142,1.724196507790765e-09,2.3382074210813167e-08
structured,4.0,8.0,4.0,4.0,0.0,0.0,0.0,0.2574634838369979,0.9999999849124109,0.0,0.2574634838369979,0.0,0.0,0.0,0.0,0.2574634838369979,0.0,0.0,0.0,0.0,True,True,True,True,True,0.742536501075413,3.8840458849128234,0.0,0.0,0.0
structured,4.0,8.0,5.0,2.0,0.75,0.8660254037844386,0.27698486999999994,0.2574634838369979,0.36931316299939876,0.022421420749849694,0.2574634838369979,0.19309761287774843,0.2229699175496844,0.27698487224954904,0.3198345811094625,-0.01952138616300203,-0.08388725712225151,-0.05401495245031554,2.2495491025509295e-09,0.04284971110946256,False,False,False,True,True,0.11184967916240085,1.4344292926340332,0.08094817868517402,-2.2495491025509295e-09,1.0033035496049061e-07
structured,4.0,8.0,6.0,2.0,0.75,0.8660254037844386,0.21307995199999996,0.2574634838369979,0.2841066018529225,0.06835330153676933,0.2574634838369979,0.19309761287774843,0.2229699175496844,0.21307995138969188,0.24604353458750197,0.04438353183699795,-0.01998233912225153,0.009889965549684437,-6.103080818498086e-10,0.03296358258750201,True,False,True,False,True,0.026643118015924616,1.103483094452309,0.32078710782124326,6.103080818498086e-10,8.92872865140984e-09
structured,4.0,8.0,7.0,3.0,0.5,0.5,0.1766000000000001,0.2574634838369979,0.3532000024066594,1.2033295748725692e-09,0.2574634838369979,0.12873174191849895,0.12873174191849895,0.1766000012033297,0.1766000012033297,0.08086348383699782,-0.047868258081501136,-0.047868258081501136,1.2033296026281448e-09,1.2033296026281448e-09,True,False,False,True,True,0.09573651856966148,1.3718450365966188,6.8138707523928e-09,-1.2033296026281448e-09,1.0000000230656474
structured,4.0,8.0,8.0,4.0,0.0,0.0,3.122502256758253e-17,0.2574634838369979,0.9999999849124109,3.122502256758253e-17,0.2574634838369979,0.0,0.0,0.0,0.0,0.25746348383699785,-3.122502256758253e-17,-3.122502256758253e-17,-3.122502256758253e-17,-3.122502256758253e-17,True,True,True,True,True,0.742536501075413,3.8840458849128234,0.0,3.122502256758253e-17,0.0
structured,4.0,8.0,9.0,3.0,0.5,0.5,0.18546900000000005,0.2574634838369979,0.3709380012910515,6.455257300919115e-10,0.2574634838369979,0.12873174191849895,0.12873174191849895,0.18546900064552574,0.18546900064552574,0.07199448383699786,-0.056737258081501096,-0.056737258081501096,6.455256884585481e-10,6.455256884585481e-10,True,False,False,True,True,0.11347451745405357,1.4407402392095927,3.4805047209609763e-09,-6.455256884585481e-10,0.9999999355047189
structured,4.0,8.0,10.0,3.0,0.5,0.5,0.11289999999999994,0.2574634838369979,0.2257999990582,4.708999370994782e-10,0.2574634838369979,0.12873174191849895,0.12873174191849895,0.1128999995291,0.1128999995291,0.14456348383699796,0.01583174191849901,0.01583174191849901,-4.708999440383721e-10,-4.708999440383721e-10,True,True,True,False,False,-0.03166348477879791,0.8770175703874018,4.1709471842292155e-09,4.708999440383721e-10,1.0000000147353894
structured,4.0,8.0,11.0,1.0,0.875,1.0,0.28460676650000005,0.2574634838369979,0.3252648772100038,0.07423243860500184,0.2574634838369979,0.22528054835737316,0.2574634838369979,0.2846067675587533,0.3252648772100038,-0.027143282663002144,-0.059326218142626896,-0.027143282663002144,1.058753251736988e-09,0.04065811071000375,False,False,False,True,True,0.06780139337300589,1.263343726895001,0.2608245739125877,-1.058753251736988e-09,1.4262676420624128e-08
structured,4.0,8.0,12.0,3.0,0.5,0.5,0.11103800000000008,0.2574634838369979,0.22207599874470063,6.276497863111352e-10,0.2574634838369979,0.12873174191849895,0.12873174191849895,0.11103799937235032,0.11103799937235032,0.14642548383699783,0.017693741918498873,0.017693741918498873,-6.276497654944535e-10,-6.276497654944535e-10,True,True,True,False,False,-0.03538748509229728,0.8625533820761108,5.6525674661929676e-09,6.276497654944535e-10,0.9999999668339221
structured,4.0,8.0,13.0,3.0,0.5,0.5,0.17999472000000005,0.2574634838369979,0.3599894389137065,5.431467654110067e-10,0.2574634838369979,0.12873174191849895,0.12873174191849895,0.17999471945685325,0.17999471945685325,0.07746876383699786,-0.0512629780815011,-0.0512629780815011,-5.431468053096467e-10,-5.431468053096467e-10,True,False,False,False,False,0.10252595507670859,1.398215519920559,3.0175705454638144e-09,5.431468053096467e-10,1.0000000734583034
structured,4.0,8.0,14.0,3.0,0.5,0.5,0.16925000000000004,0.2574634838369979,0.33849999905656475,4.717176701335424e-10,0.2574634838369979,0.12873174191849895,0.12873174191849895,0.16924999952828237,0.16924999952828237,0.08821348383699787,-0.040518258081501085,-0.040518258081501085,-4.71717664929372e-10,-4.71717664929372e-10,True,False,False,False,False,0.08103651521956684,1.3147495482150457,2.787105879666424e-09,4.71717664929372e-10,0.9999999889676161
structured,4.0,8.0,15.0,3.0,0.5,0.5,0.16145900000000002,0.2574634838369979,0.32291800088069245,4.4034621782262917e-10,0.2574634838369979,0.12873174191849895,0.12873174191849895,0.16145900044034622,0.16145900044034622,0.09600448383699789,-0.032727258081501065,-0.032727258081501065,4.4034620394484136e-10,4.4034620394484136e-10,True,False,False,True,True,0.06545451704369454,1.2542283514082109,2.7272943460731773e-09,-4.4034620394484136e-10,0.9999999684843716
structured,4.0,8.0,16.0,2.0,0.75,0.8660254037844386,0.23565337000000014,0.2574634838369979,0.31420449161820485,0.039302247095448904,0.2574634838369979,0.19309761287774843,0.2229699175496844,0.23565336871365364,0.27210907172454013,0.02181011383699777,-0.04255575712225171,-0.01268345245031574,-1.2863465015389153e-09,0.03645570172453999,True,False,False,False,True,0.05674100778120694,1.2203846811034769,0.16677990684134447,1.2863465015389153e-09,3.272959173084713e-08
structured,4.0,8.0,17.0,2.0,0.75,0.8660254037844386,0.16621400000000003,0.2574634838369979,0.22161866826840174,0.03624366706710046,0.2574634838369979,0.19309761287774843,0.2229699175496844,0.1662140012013013,0.19192739667331216,0.09124948383699788,0.026883612877748403,0.05675591754968437,1.2013012806733059e-09,0.025713396673312128,True,True,True,True,True,-0.03584481556859617,0.8607770894947969,0.21805423771222912,-1.2013012806733059e-09,3.3145136181977723e-08
structured,4.0,8.0,18.0,4.0,2.7755575615628914e-17,0.0,6.245004513516506e-17,0.2574634838369979,0.7639320353686776,3.469446951953614e-17,0.2574634838369979,7.146047193901048e-18,0.0,2.1203373372876633e-17,0.0,0.25746348383699785,-5.5303997941264004e-17,-6.245004513516506e-17,-4.124667176228842e-17,-6.245004513516506e-17,True,True,True,True,True,0.5064685515316797,2.967147123093886,0.0,4.124667176228842e-17,0.0
structured,4.0,8.0,19.0,1.9999999999999998,0.75,0.8660254037844388,0.18765150000000003,0.2574634838369979,0.25020199696429773,0.03915100075892563,0.2574634838369979,0.19309761287774843,0.22296991754968445,0.18765149772322332,0.21668128544867887,0.06981198383699788,0.005446112877748405,0.03531841754968443,-2.276776711607198e-09,0.029029785448678846,True,True,True,False,True,-0.007261486872700174,0.9717960513682108,0.20863675887976182,2.276776711607198e-09,5.8153729597528595e-08
structured,4.0,8.0,20.0,-0.0,0.9375,1.0,0.2807310529,0.2574634838369979,0.2994464576688275,0.1049672160430172,0.2574634838369979,0.24137201609718553,0.2574634838369979,0.28073105406452575,0.2994464576688275,-0.02326756906300209,-0.03935903680281447,-0.02326756906300209,1.1645257536052611e-09,0.018715404768827493,False,False,False,True,True,0.041982973831829584,1.16306379920816,0.3739066802859457,-1.1645257536052611e-09,1.1094185380014464e-08
structured,4.0,8.0,21.0,1.0,0.875,1.0,0.29697174499999995,0.2574634838369979,0.33939628132424726,0.048478920662123656,0.2574634838369979,0.22528054835737316,0.2574634838369979,0.29697174615871635,0.33939628132424726,-0.039508261163002045,-0.0716911966426268,-0.039508261163002045,1.1587164006066075e-09,0.04242453632424731,False,False,False,True,True,0.08193279748724935,1.3182307497210815,0.16324421928464494,-1.1587164006066075e-09,2.3901447985658373e-08
structured,4.0,8.0,22.0,3.0,0.5,0.5,0.18786999999999998,0.2574634838369979,0.375740000813637,4.0681855106861065e-10,0.2574634838369979,0.12873174191849895,0.12873174191849895,0.1878700004068185,0.1878700004068185,0.06959348383699793,-0.05913825808150103,-0.05913825808150103,4.0681852331303503e-10,4.0681852331303503e-10,True,False,False,True,True,0.1182765169766391,1.4593914259760459,2.1654258320573304e-09,-4.0681852331303503e-10,0.999999931774066
structured,4.0,8.0,23.0,2.0,0.75,0.8660254037844386,0.23803957199999995,0.2574634838369979,0.31738609534746876,0.018478096326265535,0.2574634838369979,0.19309761287774843,0.2229699175496844,0.23803957151060157,0.27486442137885797,0.01942391183699796,-0.04494195912225152,-0.01506965445031555,-4.893983829301618e-10,0.03682484937885802,True,False,False,False,True,0.05992261151047085,1.2327421761619923,0.07762615337867243,4.893983829301618e-10,2.6485324802345067e-08
structured,4.0,8.0,24.0,4.0,0.0,0.0,0.0,0.2574634838369979,0.9999999849124109,0.0,0.2574634838369979,0.0,0.0,0.0,0.0,0.2574634838369979,0.0,0.0,0.0,0.0,True,True,True,True,True,0.742536501075413,3.8840458849128234,0.0,0.0,0.0
structured,4.0,8.0,25.0,2.0,0.75,0.8660254037844386,0.29338859999999994,0.2574634838369979,0.3911847991095324,0.04557980044523377,0.2574634838369979,0.19309761287774843,0.2229699175496844,0.29338859933214934,0.3387759736031673,-0.035925116163002035,-0.10029098712225151,-0.07041868245031555,-6.67850608149223e-10,0.04538737360316736,False,False,False,False,True,0.1337213152725345,1.519379732145606,0.1553564127755263,6.67850608149223e-10,1.4652337255220683e-08
structured,4.0,8.0,26.0,3.0,0.5,0.5,0.16626100000000008,0.2574634838369979,0.3325219998280973,8.595142653167187e-11,0.2574634838369979,0.12873174191849895,0.12873174191849895,0.16626099991404866,0.16626099991404866,0.09120248383699783,-0.03752925808150112,-0.03752925808150112,-8.595141265388406e-11,-8.595141265388406e-11,True,False,False,True,True,0.07505851599109942,1.2915307245613887,5.169668565187978e-10,8.595141265388406e-11,0.99999983853918
structured,4.0,8.0,27.0,4.0,2.7755575615628914e-17,0.0,9.71445146547012e-17,0.2574634838369979,0.7639320353686776,6.938893903907228e-17,0.2574634838369979,7.146047193901048e-18,0.0,2.1203373372876633e-17,0.0,0.2574634838369978,-8.999846746080015e-17,-9.71445146547012e-17,-7.594114128182457e-17,-9.71445146547012e-17,True,True,True,True,True,0.5064685515316797,2.967147123093886,0.0,7.594114128182457e-17,0.0
structured,4.0,8.0,28.0,3.0,0.5,0.5,0.19881856000000006,0.2574634838369979,0.3976371220352295,1.0176146869600444e-09,0.2574634838369979,0.12873174191849895,0.12873174191849895,0.19881856101761475,0.19881856101761475,0.05864492383699785,-0.0700868180815011,-0.0700868180815011,1.0176146869600444e-09,1.0176146869600444e-09,True,False,False,True,True,0.1401736381982316,1.5444408508314003,5.1183083056231975e-09,-1.0176146869600444e-09,1.0
structured,4.0,8.0,29.0,1.0,0.875,1.0,0.24380013,0.2574634838369979,0.2786287191016403,0.10381658022458988,0.2574634838369979,0.22528054835737316,0.2574634838369979,0.24380012921393523,0.2786287191016403,0.013663353836997905,-0.018519581642626848,0.013663353836997905,-7.860647688318068e-10,0.03482858910164027,True,False,True,False,True,0.021165235264642368,1.0822067461731475,0.4258265991268744,7.860647688318068e-10,7.571668871497082e-09
structured,4.0,8.0,30.0,2.0,0.75,0.8660254037844386,0.2242949641999999,0.2574634838369979,0.2990599515284332,0.09052997631789163,0.2574634838369979,0.19309761287774843,0.2229699175496844,0.2242949636463249,0.258993515278166,0.03316851963699802,-0.03119735132225146,-0.0013250466503154923,-5.536749947410158e-10,0.03469855107816611,True,False,False,False,True,0.04159646769143527,1.1615625916014183,0.4036201911210438,5.536749947410158e-10,6.1159299633174854e-09
structured,4.0,8.0,31.0,3.0,0.5,0.5,0.17293577999999984,0.2574634838369979,0.3458715610052672,5.026337540625647e-10,0.2574634838369979,0.12873174191849895,0.12873174191849895,0.1729357805026336,0.1729357805026336,0.08452770383699806,-0.04420403808150089,-0.04420403808150089,5.026337679403525e-10,5.026337679403525e-10,True,False,False,True,True,0.08840807716826932,1.3433810334992637,2.9064763466679086e-09,-5.026337679403525e-10,1.000000027610139
structured,4.0,8.0,32.0,3.0,0.5,0.5,0.1776417400000001,0.2574634838369979,0.3552834797796119,1.1019416629176604e-10,0.2574634838369979,0.12873174191849895,0.12873174191849895,0.17764173988980594,0.17764173988980594,0.0798217438369978,-0.04890999808150115,-0.04890999808150115,-1.1019415935287213e-10,-1.1019415935287213e-10,True,False,False,False,False,0.09781999594261398,1.3799373584354377,6.20316859606115e-10,1.1019415935287213e-10,0.9999999370302972
structured,4.0,8.0,33.0,3.0,0.5,0.5,0.13985000000000003,0.2574634838369979,0.27970000017676033,8.838014348144796e-11,0.2574634838369979,0.12873174191849895,0.12873174191849895,0.13985000008838017,0.13985000008838017,0.11761348383699788,-0.011118258081501076,-0.011118258081501076,8.838013654255406e-11,8.838013654255406e-11,True,False,False,True,True,0.022236516339762424,1.0863676510873306,6.319638432709899e-10,-8.838013654255406e-11,0.9999999214880896
structured,4.0,8.0,34.0,4.0,0.0,0.0,0.0,0.2574634838369979,0.9999999849124109,0.0,0.2574634838369979,0.0,0.0,0.0,0.0,0.2574634838369979,0.0,0.0,0.0,0.0,True,True,True,True,True,0.742536501075413,3.8840458849128234,0.0,0.0,0.0
structured,4.0,8.0,35.0,3.0,0.5,0.5,0.20587750000000002,0.2574634838369979,0.4117549977763637,1.1118181705155328e-09,0.2574634838369979,0.12873174191849895,0.12873174191849895,0.20587749888818185,0.20587749888818185,0.05158598383699789,-0.07714575808150106,-0.07714575808150106,-1.1118181653113623e-09,-1.1118181653113623e-09,True,False,False,False,False,0.1542915139393658,1.5992753288347832,5.4003869801971204e-09,1.1118181653113623e-09,0.9999999953192252
structured,4.0,8.0,36.0,4.0,1.3183898417423734e-16,0.0,1.214306433183765e-16,0.2574634838369979,0.7639320353686776,3.8163916471489756e-17,0.2574634838369979,3.394372417102998e-17,0.0,1.00716023521164e-16,0.0,0.2574634838369978,-8.748691914734652e-17,-1.214306433183765e-16,-2.0714619797212496e-17,-1.214306433183765e-16,True,True,True,True,True,0.5064685515316797,2.967147123093886,0.0,2.0714619797212496e-17,0.0
structured,4.0,8.0,37.0,3.0,0.5,0.5,0.13250000000000003,0.2574634838369979,0.2649999995320879,2.3395606285614434e-10,0.2574634838369979,0.12873174191849895,0.12873174191849895,0.13249999976604396,0.13249999976604396,0.12496348383699787,-0.00376825808150108,-0.00376825808150108,-2.3395607673393215e-10,-2.3395607673393215e-10,True,False,False,False,False,0.007536515695090007,1.0292721732137418,1.765706134763353e-09,2.3395607673393215e-10,1.0000000593179235
structured,4.0,8.0,38.0,4.0,2.7755575615628914e-17,0.0,2.7755575615628914e-17,0.2574634838369979,0.7639320353686776,0.0,0.2574634838369979,7.146047193901048e-18,0.0,2.1203373372876633e-17,0.0,0.2574634838369979,-2.0609528421727865e-17,-2.7755575615628914e-17,-6.552202242752281e-18,-2.7755575615628914e-17,True,True,True,True,True,0.5064685515316797,2.967147123093886,0.0,6.552202242752281e-18,0.0
structured,4.0,8.0,39.0,3.0,0.5,0.5,0.15665700000000005,0.2574634838369979,0.31331400233874623,1.1693730775363953e-09,0.2574634838369979,0.12873174191849895,0.12873174191849895,0.15665700116937312,0.15665700116937312,0.10080648383699786,-0.027925258081501092,-0.027925258081501092,1.1693730705975014e-09,1.1693730705975014e-09,True,False,False,True,True,0.055850518501748325,1.216925979829853,7.464544051886573e-09,-1.1693730705975014e-09,0.9999999940661419
structured,4.0,8.0,40.0,4.0,1.3877787807814457e-16,0.0,1.214306433183765e-16,0.2574634838369979,0.6180340037265543,6.591949208711867e-17,0.2574634838369979,3.5730235969505243e-17,0.0,8.57694476173113e-17,0.0,0.2574634838369978,-8.570040734887125e-17,-1.214306433183765e-16,-3.56611957010652e-17,-1.214306433183765e-16,True,True,True,True,True,0.36057051988955635,2.400472465127662,0.0,3.56611957010652e-17,0.0
structured,4.0,8.0,41.0,4.0,0.0,0.0,0.0,0.2574634838369979,0.9999999849124109,0.0,0.2574634838369979,0.0,0.0,0.0,0.0,0.2574634838369979,0.0,0.0,0.0,0.0,True,True,True,True,True,0.742536501075413,3.8840458849128234,0.0,0.0,0.0
structured,4.0,8.0,42.0,4.0,4.163336342344337e-17,0.0,4.163336342344337e-17,0.2574634838369979,0.7639320353686776,0.0,0.2574634838369979,1.0719070790851572e-17,0.0,3.180506005931495e-17,0.0,0.25746348383699785,-3.09142926325918e-17,-4.163336342344337e-17,-9.828303364128418e-18,-4.163336342344337e-17,True,True,True,True,True,0.5064685515316797,2.967147123093886,0.0,9.828303364128418e-18,0.0
structured,4.0,8.0,43.0,3.0,0.5,0.5,0.09575,0.2574634838369979,0.1915000012004858,6.002429326149028e-10,0.2574634838369979,0.12873174191849895,0.12873174191849895,0.0957500006002429,0.0957500006002429,0.1617134838369979,0.03298174191849895,0.03298174191849895,6.002428970530715e-10,6.002428970530715e-10,True,True,True,True,True,-0.06596348263651211,0.7437948028456179,6.2688556931060345e-09,-6.002428970530715e-10,0.9999999407542691
structured,4.0,8.0,44.0,4.0,2.7755575615628914e-17,0.0,2.7755575615628914e-17,0.2574634838369979,0.9999999849124109,0.0,0.2574634838369979,7.146047193901048e-18,0.0,2.7755575196864194e-17,0.0,0.2574634838369979,-2.0609528421727865e-17,-2.7755575615628914e-17,-4.187647192062825e-25,-2.7755575615628914e-17,True,True,True,True,True,0.742536501075413,3.8840458849128234,0.0,4.187647192062825e-25,0.0
structured,4.0,8.0,45.0,2.9999999999999996,0.5,0.5000000000000002,0.10555000000000003,0.2574634838369979,0.21109999998400897,7.995569484275933e-12,0.2574634838369979,0.12873174191849895,0.128731741918499,0.10554999999200448,0.10554999999200453,0.15191348383699788,0.02318174191849892,0.023181741918498977,-7.995548667594221e-12,-7.995507034230798e-12,True,True,True,True,True,-0.04636348385298894,0.8199220986136349,7.575148729773501e-11,7.995548667594221e-12,0.9999973964729151
structured,4.0,8.0,46.0,2.0,0.75,0.8660254037844386,0.20737400000000003,0.2574634838369979,0.27649866434437814,0.020008333913905545,0.2574634838369979,0.19309761287774843,0.2229699175496844,0.20737399825828362,0.23945486743469804,0.05008948383699788,-0.0142763871222516,0.015595917549684368,-1.741716409986438e-09,0.03208086743469801,True,False,True,False,True,0.019035180507380234,1.0739335156337415,0.0964842936622023,1.741716409986438e-09,8.704954732767463e-08
structured,4.0,8.0,47.0,4.0,0.0,0.0,1.6306400674181987e-16,0.2574634838369979,0.9999999849124109,1.6306400674181987e-16,0.2574634838369979,0.0,0.0,0.0,0.0,0.25746348383699774,-1.6306400674181987e-16,-1.6306400674181987e-16,-1.6306400674181987e-16,-1.6306400674181987e-16,True,True,True,True,True,0.742536501075413,3.8840458849128234,0.0,1.6306400674181987e-16,0.0
structured,4.0,8.0,48.0,2.0,0.75,0.8660254037844386,0.22046778000000003,0.2574634838369979,0.29395703620975644,0.08552852094756089,0.2574634838369979,0.19309761287774843,0.2229699175496844,0.22046777715731733,0.2545742609788312,0.03699570383699788,-0.0273701671222516,0.002502137549684369,-2.8426827003436017e-09,0.03410648097883115,True,False,True,False,True,0.03649355237275853,1.141742634057818,0.38794113565057387,2.8426827003436017e-09,3.3236663850255316e-08
structured,4.0,8.0,49.0,3.0,0.5,0.5,0.19507300000000005,0.2574634838369979,0.39014600114195064,5.709752705362892e-10,0.2574634838369979,0.12873174191849895,0.12873174191849895,0.19507300057097532,0.19507300057097532,0.062390483836997856,-0.0663412580815011,-0.0663412580815011,5.709752670668422e-10,5.709752670668422e-10,True,False,False,True,True,0.13268251730495273,1.5153449931134897,2.926982568250291e-09,-5.709752670668422e-10,0.9999999939236476
structured,4.0,16.0,0.0,4.0,1.1449174941446927e-16,0.0,1.1449174941446927e-16,0.4267019125364129,0.8551820601219353,0.0,0.4267019125364129,4.8853848444793763e-17,0.0,9.791129013123022e-17,0.0,0.42670191253641276,-6.56379009696755e-17,-1.1449174941446927e-16,-1.6580459283239052e-17,-1.1449174941446927e-16,True,True,True,True,True,0.42848014758552244,2.0041673941383094,0.0,1.6580459283239052e-17,0.0
structured,4.0,16.0,1.0,4.0,2.7755575615628914e-17,0.0,4.163336342344337e-17,0.4267019125364129,0.7639320353686776,2.7755575615628914e-17,0.4267019125364129,1.1843357198737883e-17,0.0,2.1203373372876633e-17,0.0,0.4267019125364128,-2.979000622470549e-17,-4.163336342344337e-17,-2.0429990050566738e-17,-4.163336342344337e-17,True,True,True,True,True,0.3372301228322647,1.7903178142035794,0.0,2.0429990050566738e-17,0.0
structured,4.0,16.0,2.0,2.0,0.75,0.8660254037844386,0.423464,0.4267019125364129,0.5646186627863076,0.04241766860684623,0.4267019125364129,0.32002643440230966,0.36953469609993916,0.4234639970897307,0.4889741054237418,0.003237912536412868,-0.10343756559769035,-0.05392930390006084,-2.9102693033244975e-09,0.0655101054237418,True,False,False,False,True,0.1379167502498947,1.323215683356295,0.10016829909235786,2.9102693033244975e-09,6.860983639385544e-08
structured,4.0,16.0,3.0,2.9999999999999996,0.5,0.5000000000000001,0.3305854400000002,0.4267019125364129,0.661170876246658,1.8766711309958772e-09,0.4267019125364129,0.21335095626820644,0.2133509562682065,0.330585438123329,0.3305854381233291,0.0961164725364127,-0.11723448373179374,-0.11723448373179368,-1.876671151812559e-09,-1.8766710963014077e-09,True,False,False,False,False,0.23446896371024517,1.549491241594181,5.676811208006851e-09,1.876671151812559e-09,1.000000011092344
structured,4.0,16.0,4.0,2.9999999999999996,0.5,0.5000000000000002,0.26234902000000004,0.4267019125364129,0.5246980367831044,1.6084478020317317e-09,0.4267019125364129,0.21335095626820644,0.21335095626820652,0.2623490183915522,0.26234901839155234,0.16435289253641283,-0.048998063731793606,-0.04899806373179352,-1.6084478193789664e-09,-1.608447708356664e-09,True,False,False,False,False,0.09799612424669157,1.2296594446089553,6.130946485074468e-09,1.6084478193789664e-09,1.000000010785078
structured,4.0,16.0,5.0,3.0,0.5,0.5,0.19865000000000005,0.4267019125364129,0.39729999917577713,4.12111509848212e-10,0.4267019125364129,0.21335095626820644,0.21335095626820644,0.19864999958788856,0.19864999958788856,0.22805191253641283,0.014700956268206389,0.014700956268206389,-4.1211148382735985e-10,-4.1211148382735985e-10,True,True,True,False,False,-0.029401913360635745,0.9310949576347944,2.0745608348764755e-09,4.1211148382735985e-10,0.9999999368596811
structured,4.0,16.0,6.0,2.0,0.75,0.8660254037844386,0.42500063999999993,0.4267019125364129,0.5666675180463168,0.04744376048842078,0.4267019125364129,0.32002643440230966,0.36953469609993916,0.4250006385347376,0.4907484661275871,0.0017012725364129455,-0.10497420559769027,-0.055465943900060766,-1.46526235589306e-09,0.06574782612758717,True,False,False,False,True,0.1399656055099039,1.328017291223085,0.11163220951483928,1.46526235589306e-09,3.088419511456464e-08
structured,4.0,16.0,7.0,1.0,0.875,1.0,0.50716435,0.4267019125364129,0.5796164034567881,0.113208201728394,0.4267019125364129,0.37336417346936124,0.4267019125364129,0.5071643530246897,0.5796164034567881,-0.08046243746358717,-0.1338001765306388,-0.08046243746358717,3.024689609887332e-09,0.07245205345678807,False,False,False,True,True,0.15291449092037523,1.3583637345598403,0.223217979986949,-3.024689609887332e-09,2.671793707265207e-08
structured,4.0,16.0,8.0,4.0,3.469446951953614e-17,0.0,3.469446951953614e-17,0.4267019125364129,0.8541019909410971,0.0,0.4267019125364129,1.4804196498422355e-17,0.0,2.9632615491281024e-17,0.0,0.4267019125364128,-1.9890273021113787e-17,-3.469446951953614e-17,-5.061854028255118e-18,-3.469446951953614e-17,True,True,True,True,True,0.4274000784046842,2.0016361910920932,0.0,5.061854028255118e-18,0.0
structured,4.0,16.0,9.0,3.9999999999999996,1.6306400674181987e-16,7.450580596923828e-09,1.6306400674181987e-16,0.4267019125364129,0.8481371119747727,3.469446951953614e-18,0.4267019125364129,6.957972354258506e-17,3.179176990214086e-09,1.3830063574504196e-16,6.319113910010254e-09,0.4267019125364127,-9.34842831992348e-17,3.1791768271500794e-09,-2.476337099677791e-17,6.319113746946247e-09,True,True,True,True,True,0.42143519943835983,1.9876571607876174,0.0,2.476337099677791e-17,0.0
structured,4.0,16.0,10.0,3.0,0.5,0.49999999999999994,0.3247500496,0.4267019125364129,0.649500106965594,3.88279700752614e-09,0.4267019125364129,0.21335095626820644,0.2133509562682064,0.324750053482797,0.32475005348279695,0.1019518629364129,-0.11139909333179354,-0.11139909333179357,3.8827970283428215e-09,3.88279697283167e-09,True,False,False,True,True,0.22279819442918114,1.5221401354983815,1.1956263016152408e-08,-3.8827970283428215e-09,1.0000000053612594
structured,4.0,16.0,11.0,2.0,0.75,0.8660254037844386,0.41122135,0.4267019125364129,0.5482951396357434,0.025849134908935874,0.4267019125364129,0.32002643440230966,0.36953469609993916,0.41122135472680754,0.47483751969608984,0.01548056253641289,-0.09119491559769033,-0.04168665390006082,4.7268075564765866e-09,0.06361616969608985,True,False,False,True,True,0.12159322709933051,1.2849605861303803,0.06285941843470888,-4.7268075564765866e-09,1.8286134422404057e-07
structured,4.0,16.0,12.0,1.0,0.875,1.0,0.4250881005,0.4267019125364129,0.4858149727890672,0.08835748639453363,0.4267019125364129,0.37336417346936124,0.4267019125364129,0.42508810119043383,0.4858149727890672,0.001613812036412865,-0.05172392703063877,0.001613812036412865,6.90433821226577e-10,0.0607268722890672,True,False,True,True,True,0.05911306025265434,1.138534790953415,0.20785688023401547,-6.90433821226577e-10,7.814095323441566e-09
structured,4.0,16.0,13.0,4.0,1.8735013540549517e-16,0.0,1.8735013540549517e-16,0.4267019125364129,0.9312518985912551,0.0,0.4267019125364129,7.99426610914807e-17,0.0,1.744701692976961e-16,0.0,0.4267019125364127,-1.0740747431401446e-16,-1.8735013540549517e-16,-1.2879966107799076e-17,-1.8735013540549517e-16,True,True,True,True,True,0.5045499860548422,2.182441351283576,0.0,1.2879966107799076e-17,0.0
structured,4.0,16.0,14.0,4.0,0.0,0.0,0.0,0.4267019125364129,0.9999999849124109,0.0,0.4267019125364129,0.0,0.0,0.0,0.0,0.4267019125364129,0.0,0.0,0.0,0.0,True,True,True,True,True,0.5732980723759981,2.343556369288772,0.0,0.0,0.0
structured,4.0,16.0,15.0,3.0,0.5,0.5,0.23712507439999994,0.4267019125364129,0.4742501475380092,6.309953184957529e-10,0.4267019125364129,0.21335095626820644,0.21335095626820644,0.2371250737690046,0.2371250737690046,0.18957683813641293,-0.023774118131793504,-0.023774118131793504,-6.309953393124346e-10,-6.309953393124346e-10,True,False,False,False,False,0.04754823500159633,1.11143197066767,2.6610231756062363e-09,6.309953393124346e-10,1.0000000329902317
structured,4.0,16.0,16.0,4.0,0.0,0.0,0.0,0.4267019125364129,0.9999999849124109,0.0,0.4267019125364129,0.0,0.0,0.0,0.0,0.4267019125364129,0.0,0.0,0.0,0.0,True,True,True,True,True,0.5732980723759981,2.343556369288772,0.0,0.0,0.0
structured,4.0,16.0,17.0,2.0,0.75,0.8660254037844386,0.37064200000000014,0.4267019125364129,0.4941893293328105,0.08803666766679738,0.4267019125364129,0.32002643440230966,0.36953469609993916,0.37064199699960787,0.42798051348140814,0.05605991253641274,-0.05061556559769048,-0.0011073039000609741,-3.000392267971108e-09,0.057338513481408004,True,False,False,False,True,0.06748741679639764,1.1581605678663054,0.23752480201055828,3.000392267971108e-09,3.4081165808399764e-08
structured,4.0,16.0,18.0,4.0,0.0,0.0,0.0,0.4267019125364129,0.9999999849124109,0.0,0.4267019125364129,0.0,0.0,0.0,0.0,0.4267019125364129,0.0,0.0,0.0,0.0,True,True,True,True,True,0.5732980723759981,2.343556369288772,0.0,0.0,0.0
structured,4.0,16.0,19.0,3.0,0.5,0.5,0.27190499999999995,0.4267019125364129,0.5438099966215477,1.6892261062162461e-09,0.4267019125364129,0.21335095626820644,0.21335095626820644,0.27190499831077386,0.27190499831077386,0.15479691253641292,-0.058554043731793515,-0.058554043731793515,-1.6892260923384583e-09,-1.6892260923384583e-09,True,False,False,False,False,0.11710808408513484,1.2744494004937026,6.212559924297996e-09,1.6892260923384583e-09,0.9999999917845291
structured,4.0,16.0,20.0,3.0,0.5,0.5,0.24275000000000002,0.4267019125364129,0.4855000029833493,1.4916746310378315e-09,0.4267019125364129,0.21335095626820644,0.21335095626820644,0.24275000149167464,0.24275000149167464,0.18395191253641285,-0.029399043731793584,-0.029399043731793584,1.4916746171600437e-09,1.4916746171600437e-09,True,False,False,True,True,0.0587980904469364,1.1377966414479541,6.1449006427923025e-09,-1.4916746171600437e-09,0.9999999906965048
structured,4.0,16.0,21.0,2.0,0.75,0.8660254037844386,0.42512069000000013,0.4267019125364129,0.5668275813620881,0.03551879465947805,0.4267019125364129,0.32002643440230966,0.36953469609993916,0.42512068602156605,0.4908870850252591,0.0015812225364127408,-0.10509425559769048,-0.05558599390006097,-3.978434082174687e-09,0.06576639502525894,True,False,False,False,True,0.14012566882567523,1.32839240863191,0.0835499082848168,3.978434082174687e-09,1.1200926496285418e-07
structured,4.0,16.0,22.0,4.0,1.1449174941446927e-16,0.0,1.0061396160665481e-16,0.4267019125364129,0.6180340037265543,5.551115123125783e-17,0.4267019125364129,4.8853848444793763e-17,0.0,7.075979428428181e-17,0.0,0.42670191253641276,-5.176011316186105e-17,-1.0061396160665481e-16,-2.9854167322373e-17,-1.0061396160665481e-16,True,True,True,True,True,0.19133209119014138,1.448397547723234,0.0,2.9854167322373e-17,0.0
structured,4.0,16.0,23.0,2.0,0.75,0.8660254037844386,0.41398250000000014,0.4267019125364129,0.5519766694568344,0.07978833472841709,0.4267019125364129,0.32002643440230966,0.36953469609993916,0.4139825020926258,0.47802581804594463,0.012719412536412733,-0.09395606559769049,-0.04444780390006098,2.09262568384716e-09,0.06404331804594449,True,False,False,True,True,0.12527475692042156,1.2935884589214985,0.19273359315530744,-2.09262568384716e-09,2.6227213426248624e-08
structured,4.0,16.0,24.0,2.9999999999999996,0.5,0.5000000000000001,0.12759999999999996,0.4267019125364129,0.2552000017256653,8.628326750997894e-10,0.4267019125364129,0.21335095626820644,0.2133509562682065,0.12760000086283266,0.12760000086283269,0.29910191253641294,0.08575095626820647,0.08575095626820653,8.628326941817477e-10,8.628327219373233e-10,True,True,True,True,True,-0.17150191081074756,0.5980755985102074,6.76201156034318e-09,-8.628326941817477e-10,1.0000000221154794
structured,4.0,16.0,25.0,4.0,0.0,0.0,0.0,0.4267019125364129,0.9999999849124109,0.0,0.4267019125364129,0.0,0.0,0.0,0.0,0.4267019125364129,0.0,0.0,0.0,0.0,True,True,True,True,True,0.5732980723759981,2.343556369288772,0.0,0.0,0.0
structured,4.0,16.0,26.0,4.0,1.5265566588595902e-16,0.0,1.5265566588595902e-16,0.4267019125364129,0.854101984478481,0.0,0.4267019125364129,6.513846459305835e-17,0.0,1.3038350717508155e-16,0.0,0.4267019125364127,-8.751720129290067e-17,-1.5265566588595902e-16,-2.2272158710877475e-17,-1.5265566588595902e-16,True,True,True,True,True,0.4274000719420681,2.001636175946588,0.0,2.2272158710877475e-17,0.0
structured,4.0,16.0,27.0,2.9999999999999996,0.5,0.5000000000000001,0.2893000000000002,0.4267019125364129,0.5785999958204762,2.089762064783063e-09,0.4267019125364129,0.21335095626820644,0.2133509562682065,0.2892999979102381,0.28929999791023814,0.13740191253641265,-0.07594904373179379,-0.07594904373179373,-2.0897621411108958e-09,-2.0897620855997445e-09,True,False,False,False,False,0.1518980832840633,1.3559817259340288,7.223512149267408e-09,2.0897621411108958e-09,1.0000000365246524
structured,4.0,16.0,28.0,-0.0,0.9375,1.0,0.4535105996999999,0.4267019125364129,0.48374463816973934,0.14146763008634772,0.4267019125364129,0.40003304300288706,0.4267019125364129,0.45351059828413065,0.48374463816973934,-0.02680868716358703,-0.05347755669711285,-0.02680868716358703,-1.4158692551724528e-09,0.030234038469739433,False,False,False,False,True,0.05704272563332646,1.133682844996526,0.31193897161373835,1.4158692551724528e-09,1.0008432701588678e-08
structured,4.0,16.0,29.0,2.0,0.75,0.8660254037844386,0.3432028035999999,0.4267019125364129,0.4576037312748617,0.033183363581284486,0.4267019125364129,0.32002643440230966,0.36953469609993916,0.34320279845614626,0.39629645615057785,0.08349910893641299,-0.023176369197690228,0.02633189249993928,-5.143853620825922e-09,0.05309365255057796,True,False,True,False,True,0.030901818738448827,1.0724201552197443,0.09668733248449635,5.143853620825922e-09,1.5501302657959214e-07
structured,4.0,16.0,30.0,2.9999999999999996,0.5,0.5000000000000001,0.269504,0.4267019125364129,0.5390080035689607,1.7844803863742431e-09,0.4267019125364129,0.21335095626820644,0.2133509562682065,0.26950400178448036,0.2695040017844804,0.15719791253641285,-0.056153043731793584,-0.05615304373179353,1.7844803412714327e-09,1.784480396782584e-09,True,False,False,True,True,0.11230609103254785,1.2631956589202402,6.621350281903953e-09,-1.7844803412714327e-09,0.9999999747249616
structured,4.0,16.0,31.0,3.0,0.5,0.5,0.23881922000000017,0.4267019125364129,0.4776384433011261,1.6505628946950068e-09,0.4267019125364129,0.21335095626820644,0.21335095626820644,0.23881922165056305,0.23881922165056305,0.1878826925364127,-0.025468263731793728,-0.025468263731793728,1.650562880817219e-09,1.650562880817219e-09,True,False,False,True,True,0.05093653076471322,1.1193726329041624,6.911348653994455e-09,-1.650562880817219e-09,0.9999999915920879
structured,4.0,16.0,32.0,4.0,1.3877787807814457e-17,0.0,1.3877787807814457e-17,0.4267019125364129,0.7639320353686776,0.0,0.4267019125364129,5.921678599368941e-18,0.0,1.0601686686438316e-17,0.0,0.4267019125364129,-7.956109208445515e-18,-1.3877787807814457e-17,-3.2761011213761404e-18,-1.3877787807814457e-17,True,True,True,True,True,0.3372301228322647,1.7903178142035794,0.0,3.2761011213761404e-18,0.0
structured,4.0,16.0,33.0,3.0,0.5,0.5,0.26705498000000005,0.4267019125364129,0.5341099576292605,1.1853697745589642e-09,0.4267019125364129,0.21335095626820644,0.21335095626820644,0.26705497881463025,0.26705497881463025,0.15964693253641282,-0.053704023731793615,-0.053704023731793615,-1.1853698023145398e-09,-1.1853698023145398e-09,True,False,False,False,False,0.10740804509284763,1.2517168119879984,4.4386731696932365e-09,1.1853698023145398e-09,1.00000002341512
structured,4.0,16.0,34.0,4.0,1.249000902703301e-16,0.0,1.249000902703301e-16,0.4267019125364129,0.9098300809419383,2.7755575615628914e-17,0.4267019125364129,5.3295107394320475e-17,0.0,1.1363785924030984e-16,0.0,0.42670191253641276,-7.160498287600964e-17,-1.249000902703301e-16,-1.1262231030020272e-17,-1.249000902703301e-16,True,True,True,True,True,0.4831281684055254,2.132238113332331,0.0,1.1262231030020272e-17,0.0
structured,4.0,16.0,35.0,3.0,0.5,0.5,0.2671030000000001,0.4267019125364129,0.5342059933123045,3.3438478375114045e-09,0.4267019125364129,0.21335095626820644,0.21335095626820644,0.2671029966561522,0.2671029966561522,0.15959891253641278,-0.05375204373179365,-0.05375204373179365,-3.34384786526698e-09,-3.34384786526698e-09,True,False,False,False,False,0.10750408077589158,1.2519418770280708,1.2518945266475492e-08,3.34384786526698e-09,1.00000000830049
structured,4.0,16.0,36.0,2.0,0.75,0.8660254037844386,0.3994540000000001,0.4267019125364129,0.5326053365039588,0.012805334125989692,0.4267019125364129,0.32002643440230966,0.36953469609993916,0.39945400237796913,0.4612497516035877,0.02724791253641279,-0.07942756559769043,-0.029919303900060923,2.3779690438985313e-09,0.061795751603587634,True,False,False,True,True,0.10590342396754593,1.24819064751323,0.03205709324725673,-2.3779690438985313e-09,1.857014444529181e-07
structured,4.0,16.0,37.0,2.0,0.75,0.8660254037844386,0.35530792040000003,0.4267019125364129,0.47374389120733923,0.060271947598165176,0.4267019125364129,0.32002643440230966,0.36953469609993916,0.3553079184055044,0.4102742446732471,0.07139399213641284,-0.035281485997690376,0.014226775699939131,-1.9944956242134992e-09,0.05496632427324705,True,False,True,False,True,0.047041978670926354,1.1102455304015353,0.16963299757098568,1.9944956242134992e-09,3.309160735124837e-08
structured,4.0,16.0,38.0,3.0,0.5000000000000001,0.5,0.28352584,0.4267019125364129,0.5670516769569666,1.521516683478108e-09,0.4267019125364129,0.2133509562682065,0.21335095626820644,0.28352583847848334,0.2835258384784833,0.1431760725364129,-0.07017488373179348,-0.07017488373179354,-1.5215166349058507e-09,-1.5215166904170019e-09,True,False,False,False,False,0.1403497644205537,1.3289175892985408,5.3664127526369665e-09,1.5215166349058507e-09,0.9999999680764214
structured,4.0,16.0,39.0,3.0,0.5,0.49999999999999994,0.3235999999999999,0.4267019125364129,0.6471999964079601,1.7960198363253799e-09,0.4267019125364129,0.21335095626820644,0.2133509562682064,0.32359999820398005,0.32359999820398,0.10310191253641299,-0.11024904373179345,-0.11024904373179348,-1.796019832855933e-09,-1.7960198883670841e-09,True,False,False,False,False,0.22049808387154723,1.5167496966696414,5.550123103601299e-09,1.796019832855933e-09,0.999999998068258
structured,4.0,16.0,40.0,3.0,0.5,0.5,0.2599,0.4267019125364129,0.5197999999331713,3.341437543324943e-11,0.4267019125364129,0.21335095626820644,0.21335095626820644,0.25989999996658564,0.25989999996658564,0.16680191253641286,-0.04654904373179358,-0.04654904373179358,-3.3414382372143336e-11,-3.3414382372143336e-11,True,False,False,True,True,0.0930980873967584,1.2181806189790954,1.285662771575584e-10,3.3414382372143336e-11,1.0000002076619363
structured,4.0,16.0,41.0,2.0,0.75,0.8660254037844386,0.34463917,0.4267019125364129,0.4595188943242177,0.03258957358105439,0.4267019125364129,0.32002643440230966,0.36953469609993916,0.3446391707431633,0.3979550360037094,0.08206274253641288,-0.02461273559769034,0.02489552609993917,7.431633086696365e-10,0.05331586600370941,True,False,True,True,True,0.032816981787804844,1.0769084478500068,0.09456143241365858,-7.431633086696365e-10,2.2803713795803294e-08
structured,4.0,16.0,42.0,2.0,0.75,0.8660254037844386,0.4469693000000001,0.4267019125364129,0.5959590622963471,0.040529534425913276,0.4267019125364129,0.32002643440230966,0.36953469609993916,0.4469692967222603,0.5161156875641894,-0.02026738746358725,-0.12694286559769047,-0.07743460390006096,-3.277739801799129e-09,0.06914638756418923,False,False,False,False,True,0.16925714975993422,1.396663677352256,0.09067632704508624,3.277739801799129e-09,8.087287081451022e-08
structured,4.0,16.0,43.0,1.0,0.875,1.0,0.5310376105999999,0.4267019125364129,0.6069001270930845,0.05184060883317786,0.4267019125364129,0.37336417346936124,0.4267019125364129,0.531037611206449,0.6069001270930845,-0.104335698063587,-0.15767343713063864,-0.104335698063587,6.064491131496652e-10,0.07586251649308462,False,False,False,True,True,0.18019821455667162,1.422304679830312,0.09762135072618504,-6.064491131496652e-10,1.169834087213766e-08
structured,4.0,16.0,44.0,3.0,0.5,0.5,0.30889999999999995,0.4267019125364129,0.617800002059274,1.029637018007401e-09,0.4267019125364129,0.21335095626820644,0.21335095626820644,0.308900001029637,0.308900001029637,0.11780191253641292,-0.09554904373179351,-0.09554904373179351,1.0296370422935297e-09,1.0296370422935297e-09,True,False,False,True,True,0.19109808952286111,1.4478491516171812,3.3332373519177764e-09,-1.0296370422935297e-09,1.000000023587078
structured,4.0,16.0,45.0,4.0,0.0,0.0,0.0,0.4267019125364129,0.9999999849124109,0.0,0.4267019125364129,0.0,0.0,0.0,0.0,0.4267019125364129,0.0,0.0,0.0,0.0,True,True,True,True,True,0.5732980723759981,2.343556369288772,0.0,0.0,0.0
structured,4.0,16.0,46.0,2.0,0.75,0.8660254037844386,0.34518944000000007,0.4267019125364129,0.46025258529482355,0.06895541367629411,0.4267019125364129,0.32002643440230966,0.36953469609993916,0.34518943897111765,0.39859043102278136,0.0815124725364128,-0.025163005597690413,0.024345256099939094,-1.028882423703692e-09,0.053400991022781286,True,False,True,False,True,0.03355067275841067,1.078627894023202,0.19976107518322142,1.028882423703692e-09,1.492098109270581e-08
structured,4.0,16.0,47.0,3.0,0.5,0.5,0.18395000000000003,0.4267019125364129,0.36790000000781087,3.905435003170865e-12,0.4267019125364129,0.21335095626820644,0.21335095626820644,0.18395000000390543,0.18395000000390543,0.24275191253641284,0.029400956268206407,0.029400956268206407,3.9054037781482975e-12,3.9054037781482975e-12,True,True,True,True,True,-0.05880191252860201,0.8621944012880792,2.1230959517101738e-11,-3.9054037781482975e-12,0.9999920047260953
structured,4.0,16.0,48.0,3.0,0.5,0.5,0.255,0.4267019125364129,0.5100000033202527,1.660126355829128e-09,0.4267019125364129,0.21335095626820644,0.21335095626820644,0.2550000016601264,0.2550000016601264,0.17170191253641287,-0.04164904373179357,-0.04164904373179357,1.6601263697069157e-09,1.6601263697069157e-09,True,False,False,True,True,0.08329809078383987,1.1952137741513675,6.510299434624031e-09,-1.6601263697069157e-09,1.0000000083594769
structured,4.0,16.0,49.0,3.0,0.5,0.5,0.2458781599999999,0.4267019125364129,0.49175632136316744,6.815838241025496e-10,0.4267019125364129,0.21335095626820644,0.21335095626820644,0.24587816068158372,0.24587816068158372,0.18082375253641297,-0.032527203731793464,-0.032527203731793464,6.815838171636557e-10,6.815838171636557e-10,True,False,False,True,True,0.06505440882675456,1.1524586764564901,2.7720388996832816e-09,-6.815838171636557e-10,0.9999999898194563
structured,4.0,32.0,0.0,2.0,0.75,0.8660254037844386,0.61816746,0.6582521061603868,0.8242232883392675,0.020660362084816895,0.6582521061603868,0.49368907962029007,0.5700630460295061,0.6181674662544506,0.7137983060925519,0.04008464616038676,-0.12447838037970993,-0.04810441397049392,6.254450624076924e-09,0.0956308460925519,True,False,False,True,True,0.16597118217888074,1.2521392345358344,0.03342195023467734,-6.254450624076924e-09,3.027270576575839e-07
structured,4.0,32.0,1.0,3.0,0.5,0.49999999999999994,0.3677,0.6582521061603868,0.7354000003538415,1.7692071418995425e-10,0.6582521061603868,0.3291260530801934,0.3291260530801933,0.3677000001769207,0.36770000017692067,0.29055210616038674,-0.038573946919806645,-0.0385739469198067,1.7692070031216645e-10,1.7692064480101521e-10,True,False,False,True,True,0.07714789419345469,1.1172011353574876,4.811550562685729e-10,-1.7692070031216645e-10,0.9999999215592822
structured,4.0,32.0,2.0,3.0,0.5,0.5,0.39176291999999996,0.6582521061603868,0.7835258393743446,3.128276769570615e-10,0.6582521061603868,0.3291260530801934,0.3291260530801934,0.3917629196871723,0.3917629196871723,0.2664891861603868,-0.06263686691980658,-0.06263686691980658,-3.128276526709328e-10,-3.128276526709328e-10,True,False,False,False,False,0.12527373321395785,1.190312696369002,7.985127253928511e-10,3.128276526709328e-10,0.9999999223657929
structured,4.0,32.0,3.0,3.0,0.5,0.5,0.41058676000000005,0.6582521061603868,0.8211735219441556,9.72077772443125e-10,0.6582521061603868,0.3291260530801934,0.3291260530801934,0.4105867609720778,0.4105867609720778,0.2476653461603867,-0.08146070691980667,-0.08146070691980667,9.720777516264434e-10,9.720777516264434e-10,True,False,False,True,True,0.16292141578376884,1.2475061063368207,2.3675331675164707e-09,-9.720777516264434e-10,0.9999999785853743
structured,4.0,32.0,4.0,1.0,0.875,1.0,0.6957356217,0.6582521061603868,0.7951264261532915,0.03188788993832288,0.6582521061603868,0.5759705928903385,0.6582521061603868,0.69573562288413,0.7951264261532915,-0.037483515539613266,-0.11976502880966156,-0.037483515539613266,1.184130016262941e-09,0.09939080445329151,False,False,False,True,True,0.13687431999290478,1.2079360152621443,0.04583334379287091,-1.184130016262941e-09,3.713416028947883e-08
structured,4.0,32.0,5.0,3.0,0.5,0.5,0.3939276615999999,0.6582521061603868,0.7878553252110626,1.0055313456880377e-09,0.6582521061603868,0.3291260530801934,0.3291260530801934,0.3939276626055313,0.3939276626055313,0.26432444456038684,-0.06480160851980654,-0.06480160851980654,1.0055313803825072e-09,1.0055313803825072e-09,True,False,False,True,True,0.12960321905067584,1.1968899420719776,2.552578667880067e-09,-1.0055313803825072e-09,1.0000000345036182
structured,4.0,32.0,6.0,4.0,2.42861286636753e-16,0.0,2.463307335887066e-16,0.6582521061603868,0.9442719342319029,3.469446951953614e-18,0.6582521061603868,1.5986395343346404e-16,0.0,2.2932709688253535e-16,0.0,0.6582521061603865,-8.646678015524257e-17,-2.463307335887066e-16,-1.700363670617126e-17,-2.463307335887066e-16,True,True,True,True,True,0.28601982807151616,1.4345141100115613,0.0,1.700363670617126e-17,0.0
structured,4.0,32.0,7.0,1.0,0.875,1.0,0.6881697424000001,0.6582521061603868,0.7864797026259173,0.0574830634870414,0.6582521061603868,0.5759705928903385,0.6582521061603868,0.6881697397976776,0.7864797026259173,-0.0299176362396133,-0.11219914950966159,-0.0299176362396133,-2.602322468625573e-09,0.0983099602259172,False,False,False,False,True,0.1282275964655305,1.1948001309308187,0.0835303558778515,2.602322468625573e-09,4.527111658222988e-08
structured,4.0,32.0,8.0,3.0,0.5,0.5,0.38975000000000004,0.6582521061603868,0.7794999965354513,1.732274320515037e-09,0.6582521061603868,0.3291260530801934,0.3291260530801934,0.38974999826772566,0.38974999826772566,0.2685021061603867,-0.06062394691980666,-0.06062394691980666,-1.7322743794956352e-09,-1.7322743794956352e-09,True,False,False,False,False,0.12124789037506456,1.1841967374511093,4.444578115497208e-09,1.7322743794956352e-09,1.0000000340480706
structured,4.0,32.0,9.0,3.0,0.5,0.5,0.40396,0.6582521061603868,0.8079199979972792,1.0013603626846113e-09,0.6582521061603868,0.3291260530801934,0.3291260530801934,0.4039599989986396,0.4039599989986396,0.2542921061603868,-0.0748339469198066,-0.0748339469198066,-1.001360383501293e-09,-1.001360383501293e-09,True,False,False,False,False,0.14966789183689244,1.2273716869816214,2.4788601908223868e-09,1.001360383501293e-09,1.0000000207884019
structured,4.0,32.0,10.0,3.0,0.5,0.5,0.3583409999999999,0.6582521061603868,0.7166819946812344,2.659382731390325e-09,0.6582521061603868,0.3291260530801934,0.3291260530801934,0.3583409973406172,0.3583409973406172,0.29991110616038685,-0.029214946919806528,-0.029214946919806528,-2.6593827140430903e-09,-2.6593827140430903e-09,True,False,False,False,False,0.05842988852084763,1.0887652131668393,7.42137442098539e-09,2.6593827140430903e-09,0.9999999934769694
structured,4.0,32.0,11.0,3.0,0.5,0.5,0.45198,0.6582521061603868,0.9039600065601195,3.280059824445347e-09,0.6582521061603868,0.3291260530801934,0.3291260530801934,0.45198000328005977,0.45198000328005977,0.20627210616038677,-0.12285394691980661,-0.12285394691980661,3.2800597793425368e-09,3.2800597793425368e-09,True,False,False,True,True,0.24570790039973278,1.3732732460712624,7.257090633314189e-09,-3.2800597793425368e-09,0.999999986249394
structured,4.0,32.0,12.0,1.0,0.875,1.0,0.6736647967,0.6582521061603868,0.7699026271165186,0.04582321355825926,0.6582521061603868,0.5759705928903385,0.6582521061603868,0.6736647987269537,0.7699026271165186,-0.01541269053961325,-0.09769420380966154,-0.01541269053961325,2.0269537159833817e-09,0.09623783041651857,False,False,False,True,True,0.11165052095613182,1.1696166558545391,0.06802079280782947,-2.0269537159833817e-09,4.423421140916556e-08
structured,4.0,32.0,13.0,2.0,0.75,0.8660254037844386,0.6422338099999999,0.6582521061603868,0.856311744868966,0.025294127565516987,0.6582521061603868,0.49368907962029007,0.5700630460295061,0.6422338086517245,0.7415877246155035,0.016018296160386858,-0.14854473037970983,-0.07217076397049382,-1.3482753802307457e-09,0.09935391461550358,True,False,False,False,True,0.19805963870857923,1.3008872084950396,0.0393846091122437,1.3482753802307457e-09,5.3303889479423057e-08
structured,4.0,32.0,14.0,4.0,2.498001805406602e-16,0.0,2.498001805406602e-16,0.6582521061603868,0.931519206439572,0.0,0.6582521061603868,1.6443149496013444e-16,0.0,2.326936659456976e-16,0.0,0.6582521061603865,-8.536868558052578e-17,-2.498001805406602e-16,-1.7106514594962605e-17,-2.498001805406602e-16,True,True,True,True,True,0.2732671002791852,1.4151404875453633,0.0,1.7106514594962605e-17,0.0
structured,4.0,32.0,15.0,4.0,2.42861286636753e-16,0.0,2.3592239273284576e-16,0.6582521061603868,0.9098300804832699,6.938893903907228e-18,0.6582521061603868,1.5986395343346404e-16,0.0,2.2096250396698745e-16,0.0,0.6582521061603865,-7.605843929938172e-17,-2.3592239273284576e-16,-1.495988876585832e-17,-2.3592239273284576e-16,True,True,True,True,True,0.2515779743228831,1.3821909143448827,0.0,1.495988876585832e-17,0.0
structured,4.0,32.0,16.0,1.9999999999999998,0.75,0.8660254037844388,0.5529469900000001,0.6582521061603868,0.7372626563835466,0.016072654095886634,0.6582521061603868,0.49368907962029007,0.5700630460295062,0.55294699228766,0.638488189689749,0.10530511616038662,-0.059257910379710066,0.017116056029506055,2.2876598393395398e-09,0.08554119968974883,True,False,True,True,True,0.07901055022315984,1.1200308354257031,0.02906726030986556,-2.2876598393395398e-09,1.4233242535375692e-07
structured,4.0,32.0,17.0,4.0,2.983724378680108e-16,0.0,2.983724378680108e-16,0.6582521061603868,0.9406053414085002,3.469446951953614e-18,0.6582521061603868,1.9640428564682725e-16,0.0,2.8065070878772683e-16,0.0,0.6582521061603864,-1.0196815222118357e-16,-2.983724378680108e-16,-1.7721729080283986e-17,-2.983724378680108e-16,True,True,True,True,True,0.2823532352481134,1.4289439146577019,0.0,1.7721729080283986e-17,0.0
structured,4.0,32.0,18.0,2.9999999999999996,0.5,0.5000000000000001,0.38239805960000006,0.6582521061603868,0.764796124687374,2.7436869928787466e-09,0.6582521061603868,0.3291260530801934,0.32912605308019344,0.382398062343687,0.3823980623436871,0.2758540465603867,-0.05327200651980668,-0.053272006519806625,2.7436869443064893e-09,2.7436870553287918e-09,True,False,False,True,True,0.10654401852698725,1.1618589861390085,7.174950091924436e-09,-2.7436869443064893e-09,0.9999999822967206
structured,4.0,32.0,19.0,3.0,0.5,0.5,0.41425,0.6582521061603868,0.8284999956428513,2.178574366046293e-09,0.6582521061603868,0.3291260530801934,0.3291260530801934,0.41424999782142563,0.41424999782142563,0.24400210616038676,-0.08512394691980663,-0.08512394691980663,-2.178574376454634e-09,-2.178574376454634e-09,True,False,False,False,False,0.1702478894824645,1.2586363004222316,5.259081149176326e-09,2.178574376454634e-09,1.0000000047775925
structured,4.0,32.0,20.0,3.0,0.5,0.5,0.36035000000000006,0.6582521061603868,0.720699997474454,1.2627730250347469e-09,0.6582521061603868,0.3291260530801934,0.3291260530801934,0.360349998737227,0.360349998737227,0.2979021061603867,-0.031223946919806678,-0.031223946919806678,-1.2627730527903225e-09,-1.2627730527903225e-09,True,False,False,False,False,0.06244789131406725,1.0948692616850533,3.504295892978345e-09,1.2627730527903225e-09,1.000000021979861
structured,4.0,32.0,21.0,1.0,0.875,1.0,0.7029599465,0.6582521061603868,0.8033828019016902,0.019737593475422515,0.6582521061603868,0.5759705928903385,0.6582521061603868,0.702959951663979,0.8033828019016902,-0.04470784033961328,-0.12698935360966157,-0.04470784033961328,5.163978911149059e-09,0.10042285540169016,False,False,False,True,True,0.14513069574130344,1.2204788930913675,0.02807783512232089,-5.163978911149059e-09,2.616316379998051e-07
structured,4.0,32.0,22.0,2.0,0.75,0.8660254037844386,0.6293883424000001,0.6582521061603868,0.8391844535572855,0.007217204210678608,0.6582521061603868,0.49368907962029007,0.5700630460295061,0.6293883401679642,0.7267550552415717,0.028863763760386685,-0.13569926277971,-0.059325296370493996,-2.23203588944898e-09,0.09736671284157161,True,False,False,False,True,0.18093234739689878,1.274867859447173,0.011467012851171942,2.23203588944898e-09,3.092660016667465e-07
structured,4.0,32.0,23.0,3.0,0.5,0.5,0.39176292,0.6582521061603868,0.7835258393743447,3.128276838959554e-10,0.6582521061603868,0.3291260530801934,0.3291260530801934,0.39176291968717236,0.39176291968717236,0.26648918616038675,-0.06263686691980663,-0.06263686691980663,-3.128276526709328e-10,-3.128276526709328e-10,True,False,False,False,False,0.12527373321395796,1.1903126963690023,7.985127431048231e-10,3.128276526709328e-10,0.9999999001845931
structured,4.0,32.0,24.0,3.0,0.5,0.49999999999999994,0.37274699999999994,0.6582521061603868,0.7454939972069331,1.396533402808764e-09,0.6582521061603868,0.3291260530801934,0.3291260530801933,0.37274699860346655,0.3727469986034665,0.2855051061603868,-0.04362094691980656,-0.043620946919806614,-1.3965333889309761e-09,-1.3965334444421273e-09,True,False,False,False,False,0.08724189104654634,1.132535680828174,3.746598638778486e-09,1.3965333889309761e-09,0.9999999900626882
structured,4.0,32.0,25.0,2.0,0.75,0.8660254037844386,0.5624534800000001,0.6582521061603868,0.7499379682683656,0.017068987932908612,0.6582521061603868,0.49368907962029007,0.5700630460295061,0.5624534762012742,0.6494653317828928,0.0957986261603867,-0.06876440037970999,0.007609566029506021,-3.7987258894034426e-09,0.08701185178289272,True,False,True,False,True,0.0916858621079788,1.1392868495974686,0.03034737723181766,3.7987258894034426e-09,2.225513254994801e-07
structured,4.0,32.0,26.0,3.0,0.5,0.5,0.37015,0.6582521061603868,0.7403000041625178,2.0812589603125264e-09,0.6582521061603868,0.3291260530801934,0.3291260530801934,0.3701500020812589,0.3701500020812589,0.2881021061603868,-0.0410239469198066,-0.0410239469198066,2.0812589429652917e-09,2.0812589429652917e-09,True,False,False,True,True,0.08204789800213108,1.1246450975762463,5.622744725955765e-09,-2.0812589429652917e-09,0.9999999916650282
structured,4.0,32.0,27.0,2.9999999999999996,0.5000000000000001,0.5000000000000001,0.3524210944,0.6582521061603868,0.7048421849225925,1.9387037253348893e-09,0.6582521061603868,0.32912605308019344,0.32912605308019344,0.3524210924612963,0.3524210924612963,0.30583101176038674,-0.023295041319806586,-0.023295041319806586,-1.9387036975793137e-09,-1.9387036975793137e-09,True,False,False,False,False,0.04659007876220578,1.070778472755625,5.501100121817479e-09,1.9387036975793137e-09,0.9999999856834362
structured,4.0,32.0,28.0,4.0,3.122502256758253e-16,0.0,3.0878077872387166e-16,0.6582521061603868,0.963116809126445,2.42861286636753e-17,0.6582521061603868,2.0553936870016807e-16,0.0,3.007334410019132e-16,0.0,0.6582521061603864,-1.0324141002370359e-16,-3.0878077872387166e-16,-8.047337721958478e-18,-3.0878077872387166e-16,True,True,True,True,True,0.3048647029660583,1.4631427687248089,0.0,8.047337721958478e-18,0.0
structured,4.0,32.0,29.0,2.9999999999999996,0.5,0.5000000000000001,0.38240000000000013,0.6582521061603868,0.7647999963324774,1.8337613372221284e-09,0.6582521061603868,0.3291260530801934,0.32912605308019344,0.3823999981662387,0.3823999981662388,0.27585210616038663,-0.05327394691980675,-0.05327394691980669,-1.8337614204888553e-09,-1.8337613094665528e-09,True,False,False,False,False,0.10654789017209065,1.1618648678446153,4.7954009864595395e-09,1.8337614204888553e-09,1.000000045407614
structured,4.0,32.0,30.0,2.0,0.75,0.8660254037844386,0.5887929399999999,0.6582521061603868,0.78505725412748,0.032178627063740015,0.6582521061603868,0.49368907962029007,0.5700630460295061,0.5887929405956099,0.6798795254996535,0.06945916616038683,-0.09510386037970986,-0.01872989397049385,5.956100057602498e-10,0.09108658549965354,True,False,False,True,True,0.1268051479670932,1.1926391830430336,0.05465185615802394,-5.956100057602498e-10,1.850949092950593e-08
structured,4.0,32.0,31.0,3.0,0.5,0.5,0.375148,0.6582521061603868,0.7502960002979024,1.489512471697374e-10,0.6582521061603868,0.3291260530801934,0.3291260530801934,0.3751480001489512,0.3751480001489512,0.2831041061603868,-0.0460219469198066,-0.0460219469198066,1.489512402308435e-10,1.489512402308435e-10,True,False,False,True,True,0.09204389413751568,1.1398307628279563,3.9704662471807767e-10,-1.489512402308435e-10,0.9999999534149996
structured,4.0,32.0,32.0,4.0,0.0,0.0,0.0,0.6582521061603868,0.9999999849124109,0.0,0.6582521061603868,0.0,0.0,0.0,0.0,0.6582521061603868,0.0,0.0,0.0,0.0,True,True,True,True,True,0.34174787875202417,1.5191747592657994,0.0,0.0,0.0
structured,4.0,32.0,33.0,3.0,0.5,0.5,0.423168,0.6582521061603868,0.8463360017470233,8.73511648430414e-10,0.6582521061603868,0.3291260530801934,0.3291260530801934,0.42316800087351164,0.42316800087351164,0.23508410616038677,-0.09404194691980661,-0.09404194691980661,8.735116518998609e-10,8.735116518998609e-10,True,False,False,True,True,0.18808389558663652,1.285732311110614,2.064219526122991e-09,-8.735116518998609e-10,1.0000000039718382
structured,4.0,32.0,34.0,4.0,8.326672684688674e-17,0.0,8.326672684688674e-17,0.6582521061603868,0.6180340037265543,6.938893903907228e-18,0.6582521061603868,5.481049832004482e-17,0.0,5.146166857038677e-17,0.0,0.6582521061603867,-2.8456228526841923e-17,-8.326672684688674e-17,-3.180505827649997e-17,-8.326672684688674e-17,True,True,True,True,True,-0.0402181024338325,0.9389016729951288,0.0,3.180505827649997e-17,0.0
structured,4.0,32.0,35.0,1.0,0.875,1.0,0.65308978,0.6582521061603868,0.7463883208351149,0.057568840313168064,0.6582521061603868,0.5759705928903385,0.6582521061603868,0.6530897807307255,0.7463883208351149,0.00516232616038681,-0.07711918710966148,0.00516232616038681,7.307255911470634e-10,0.09329854083511491,True,False,True,True,True,0.0881362146747281,1.1338943147312213,0.08814843238423983,-7.307255911470634e-10,1.269307471145845e-08
structured,4.0,32.0,36.0,3.0,0.5,0.5,0.4019999999999999,0.6582521061603868,0.8039999995545403,2.2272977559523177e-10,0.6582521061603868,0.3291260530801934,0.3291260530801934,0.40199999977727013,0.40199999977727013,0.25625210616038685,-0.07287394691980653,-0.07287394691980653,-2.2272977906467872e-10,-2.2272977906467872e-10,True,False,False,False,False,0.1457478933941535,1.221416524201202,5.540541681473428e-10,2.2272977906467872e-10,1.0000000155769337
structured,4.0,32.0,37.0,4.0,2.983724378680108e-16,0.0,3.0531133177191805e-16,0.6582521061603868,0.9098300803661237,5.898059818321144e-17,0.6582521061603868,1.9640428564682725e-16,0.0,2.714682191244885e-16,0.0,0.6582521061603864,-1.089070461250908e-16,-3.0531133177191805e-16,-3.384311264742953e-17,-3.0531133177191805e-16,True,True,True,True,True,0.2515779742057369,1.3821909141669173,0.0,3.384311264742953e-17,0.0
structured,4.0,32.0,38.0,2.0,0.75,0.8660254037844386,0.55571108,0.6582521061603868,0.7409481095260014,0.009523967381500343,0.6582521061603868,0.49368907962029007,0.5700630460295061,0.555711082144501,0.6416798857355718,0.10254102616038674,-0.06202200037970995,0.014351966029506058,2.1445010212062243e-09,0.08596880573557175,True,False,True,True,True,0.08269600336561467,1.1256296829006505,0.01713834351026498,-2.1445010212062243e-09,2.2516887503959444e-07
structured,4.0,32.0,39.0,3.0,0.5,0.5,0.32936189039999997,0.6582521061603868,0.6587237870323089,3.1161544941649133e-09,0.6582521061603868,0.3291260530801934,0.3291260530801934,0.32936189351615447,0.32936189351615447,0.3288902157603868,-0.00023583731980658662,-0.00023583731980658662,3.116154501103807e-09,3.116154501103807e-09,True,False,False,True,True,0.00047168087192217545,1.0007165656858639,9.461187177364202e-09,-3.116154501103807e-09,1.000000002226749
structured,4.0,32.0,40.0,4.0,2.3592239273284576e-16,0.0,2.2898349882893854e-16,0.6582521061603868,0.8541019866019545,1.0408340855860843e-17,0.6582521061603868,1.5529641190679364e-16,0.0,2.0150178431701007e-16,0.0,0.6582521061603865,-7.368708692214489e-17,-2.2898349882893854e-16,-2.748171451192847e-17,-2.2898349882893854e-16,True,True,True,True,True,0.1958498804415677,1.2975301994610675,0.0,2.748171451192847e-17,0.0
structured,4.0,32.0,41.0,3.0,0.5,0.49999999999999994,0.3823980596,0.6582521061603868,0.764796124687374,2.7436870206343222e-09,0.6582521061603868,0.3291260530801934,0.3291260530801933,0.382398062343687,0.38239806234368695,0.27585404656038676,-0.053272006519806625,-0.05327200651980668,2.7436869998176405e-09,2.7436869443064893e-09,True,False,False,True,True,0.10654401852698725,1.1618589861390085,7.1749501645073785e-09,-2.7436869998176405e-09,0.9999999924128804
structured,4.0,32.0,42.0,3.0,0.5,0.5,0.423168,0.6582521061603868,0.8463360017470234,8.735116692470957e-10,0.6582521061603868,0.3291260530801934,0.3291260530801934,0.4231680008735117,0.4231680008735117,0.23508410616038677,-0.09404194691980661,-0.09404194691980661,8.735117074110121e-10,8.735117074110121e-10,True,False,False,True,True,0.18808389558663663,1.285732311110614,2.0642195753154672e-09,-8.735117074110121e-10,1.0000000436902194
structured,4.0,32.0,43.0,2.0,0.75,0.8660254037844386,0.5771280000000001,0.6582521061603868,0.7695039992809811,0.026411000179754736,0.6582521061603868,0.49368907962029007,0.5700630460295061,0.5771279994607359,0.6664100116910521,0.08112410616038668,-0.08343892037971001,-0.007064953970494003,-5.392641888590788e-10,0.08928201169105199,True,False,False,False,True,0.11125189312059436,1.1690110704993129,0.0457628120274094,5.392641888590788e-10,2.0418166112181164e-08
structured,4.0,32.0,44.0,2.0,0.75,0.8660254037844386,0.5606331299999999,0.6582521061603868,0.7475108451407441,0.013397581285186012,0.6582521061603868,0.49368907962029007,0.5700630460295061,0.560633133855558,0.6473633814962598,0.09761897616038684,-0.06694405037970985,0.009429916029506158,3.855558095011702e-09,0.0867302514962599,True,False,True,True,True,0.0892587389803573,1.1355996253487246,0.023897234337874423,-3.855558095011702e-09,2.8778016068279977e-07
structured,4.0,32.0,45.0,3.0,0.5,0.5,0.38470398000000006,0.6582521061603868,0.7694079617393015,8.696507090844019e-10,0.6582521061603868,0.3291260530801934,0.3291260530801934,0.38470398086965074,0.38470398086965074,0.2735481261603867,-0.055577926919806675,-0.055577926919806675,8.696506847982732e-10,8.696506847982732e-10,True,False,False,True,True,0.11115585557891472,1.16886517268785,2.260571125581809e-09,-8.696506847982732e-10,0.9999999720736976
structured,4.0,32.0,46.0,4.0,3.400058012914542e-16,0.0,3.469446951953614e-16,0.6582521061603868,0.9629943957616245,6.938893903907228e-18,0.6582521061603868,2.238095348068497e-16,0.0,3.274236811701109e-16,0.0,0.6582521061603864,-1.2313516038851173e-16,-3.469446951953614e-16,-1.9521014025250515e-17,-3.469446951953614e-16,True,True,True,True,True,0.3047422896012377,1.4629568014279708,0.0,1.9521014025250515e-17,0.0
structured,4.0,32.0,47.0,2.0,0.75,0.8660254037844386,0.5030738099999998,0.6582521061603868,0.6707650828863783,0.02597392144318919,0.6582521061603868,0.49368907962029007,0.5700630460295061,0.5030738121647838,0.5808996017511782,0.15517829616038692,-0.009384730379709771,0.06698923602950624,2.1647839076877062e-09,0.07782579175117832,True,False,True,True,True,0.012512976725991498,1.0190093986922126,0.05163043856961903,-2.1647839076877062e-09,8.334451586074809e-08
structured,4.0,32.0,48.0,4.0,2.5673907444456745e-16,0.0,2.636779683484747e-16,0.6582521061603868,0.8348885801828,5.551115123125783e-17,0.6582521061603868,1.6899903648680486e-16,0.0,2.143485213404711e-16,0.0,0.6582521061603865,-9.467893186166982e-17,-2.636779683484747e-16,-4.932944700800358e-17,-2.636779683484747e-16,True,True,True,True,True,0.17663647402241323,1.2683416769491882,0.0,4.932944700800358e-17,0.0
structured,4.0,32.0,49.0,2.0,0.75,0.8660254037844386,0.5625068214000002,0.6582521061603868,0.7500090973491563,0.025840875737289007,0.6582521061603868,0.49368907962029007,0.5700630460295061,0.5625068230118673,0.6495269313738055,0.09574528476038657,-0.06881774177971012,0.007556224629505892,1.611867084250207e-09,0.08702010997380527,True,False,True,True,True,0.09175699118876957,1.139394907103286,0.045938777547576595,-1.611867084250207e-09,6.23766431384616e-08
